signal_0,signal_1,noise_0,noise_1,noise_2,noise_3,noise_4,noise_5,noise_6,noise_7,noise_8,noise_9,noise_10,noise_11,noise_12,noise_13,noise_14,noise_15,noise_16,noise_17,noise_18,noise_19,noise_20,noise_21,noise_22,noise_23,noise_24,noise_25,noise_26,noise_27,noise_28,noise_29,noise_30,noise_31,noise_32,noise_33,noise_34,noise_35,noise_36,noise_37,noise_38,noise_39,noise_40,noise_41,noise_42,noise_43,noise_44,noise_45,noise_46,noise_47,noise_48,noise_49,noise_50,noise_51,noise_52,noise_53,noise_54,noise_55,noise_56,noise_57,noise_58,noise_59,noise_60,noise_61,noise_62,noise_63,noise_64,noise_65,noise_66,noise_67,noise_68,noise_69,noise_70,noise_71,noise_72,noise_73,noise_74,noise_75,noise_76,noise_77,noise_78,noise_79,noise_80,noise_81,noise_82,noise_83,noise_84,noise_85,noise_86,noise_87,noise_88,noise_89,noise_90,noise_91,noise_92,noise_93,noise_94,noise_95,noise_96,noise_97,noise_98,noise_99,noise_100,noise_101,noise_102,noise_103,noise_104,noise_105,noise_106,noise_107,noise_108,noise_109,noise_110,noise_111,noise_112,noise_113,noise_114,noise_115,noise_116,noise_117,noise_118,noise_119,noise_120,noise_121,noise_122,noise_123,noise_124,noise_125,noise_126,noise_127,noise_128,noise_129,noise_130,noise_131,noise_132,noise_133,noise_134,noise_135,noise_136,noise_137,noise_138,noise_139,noise_140,noise_141,noise_142,noise_143,noise_144,noise_145,noise_146,noise_147,Target
0.086589787,-0.155677235,1.321610837,2.144171498,0.069986629,2.417722057,-0.554507549,-0.282802036,0.673087594,-0.81699073,0.660212319,-0.51849468,-1.54412558,-1.742503022,-0.323790324,0.417611696,-1.361189745,0.178591422,0.18142172,-0.167642066,-0.926246982,0.240236924,-0.142335838,0.981743341,-1.29280652,0.113964933,-1.271843083,-0.23707399,-1.095079988,-0.917279233,-0.003846149,-0.5656263,1.466694834,1.179164796,0.804752278,0.784955461,0.130263904,1.304796027,-0.294042784,2.119371936,-0.942191486,-1.128825593,-1.394974168,-1.220866639,-1.629355832,0.214096525,0.853821886,0.034137411,-1.385290909,-0.469679483,0.84148595,-0.341928778,-0.798381363,-1.51378433,-0.42274374,-0.702562621,-0.086373155,0.476379403,-0.282471312,0.184807196,0.47200515,-1.229808951,1.886041297,-0.741427608,0.51655625,-1.135984267,0.110142614,0.146731955,1.659099315,-0.232619005,1.299469549,0.290458269,1.852107018,-1.7800993,0.482169182,-2.672894813,-0.05806947,1.02099247,1.445616879,0.738624554,-0.29056221,0.545128838,2.516375856,0.075378691,0.961036436,-0.42935229,1.070427804,0.906055958,-0.610513667,0.777306122,0.824783892,0.739942716,-0.041145942,1.229092258,-0.934925306,0.009748047,0.111402509,1.171372942,-0.966475227,0.241095143,-0.492333044,0.109452668,0.392293351,-1.278426341,1.26406046,0.427831343,-0.858596019,-0.341179203,1.494196473,0.415850936,-0.964879744,-0.783505094,0.624791982,0.744795441,0.362865436,-0.29146323,0.809683521,-0.311890948,-0.854691392,1.58661456,0.488796144,-0.784790912,0.134255237,0.027294443,-0.349917493,0.233549877,-0.928527661,0.873640133,-0.006161173,-1.609454323,-0.228152206,-0.615866478,-2.990406305,-0.155814214,1.036777845,-0.107814987,0.708144055,0.008495017,-0.456370791,-0.731601479,-1.282794754,0.925765426,0.730748709,-0.27829169,-2.024265413,0.472083953,-0.90477708,0.143882373,-1.541246922,0.091998985,1
0.473237625,-0.072828913,1.796753465,0.439485828,0.166793665,1.985226536,-2.335953619,-0.815311115,-0.401173172,0.858351233,0.875656363,-0.866006709,0.997954322,-0.403314767,1.211639626,-1.032642698,-0.123311599,-0.490167315,1.056030372,-0.522781217,-0.042448529,0.506811398,0.545258483,0.886952607,0.211124777,-0.418248915,-0.349698745,0.025672315,0.249592476,-0.147171648,0.019203421,-1.517253861,0.667355284,0.181112289,1.001870414,0.000160507,-1.738397579,-0.358446189,-0.199929923,0.742903305,-2.070273545,0.041179517,0.513675216,-0.661487885,0.07462801,-0.627036509,-0.729572933,-0.40841985,-0.710691992,0.683618312,-0.734951877,-0.902910007,1.767928667,0.960740012,-1.861513361,-0.76476829,0.242462972,0.323755067,-1.490492866,1.158565493,0.825224419,0.481901632,1.356728491,0.452289993,0.448580879,1.557679272,1.101219581,-0.841507459,0.633195179,-0.664267865,0.504154551,0.476613507,-1.383467312,-0.121845611,0.265257024,-0.436290191,0.314709942,0.805897777,-0.030593064,0.224599477,1.383424079,0.473196583,0.20082429,-0.95807938,0.671026011,0.330149949,1.283739434,0.046878543,-1.8162665,-1.700120869,0.735680764,-0.570193598,0.436767751,0.114232645,-0.166839668,-0.096361286,-0.865389505,-0.015777689,-0.584493433,-0.37225652,-0.323649045,-0.22669327,0.922173457,-0.129790829,1.023702337,1.537854951,0.854944651,0.534468535,0.326832209,0.865358709,0.089360739,0.984569846,0.614105805,-0.359840461,0.89585088,0.091480006,-0.106132008,-0.47619916,0.166018848,0.996462615,0.888940006,0.353393797,0.599643641,1.271696792,-0.149966291,-1.115420004,1.301129852,-0.529778252,-0.690338123,-1.796197755,0.571283053,-1.621452625,-0.750258808,0.588236795,0.721921252,-0.651704148,-0.134153327,-0.872594526,-0.548396788,0.26621526,-0.501646679,-0.24421504,-1.464706682,1.132956165,0.510066593,0.792905372,1.290425325,-0.825212876,-0.358394483,-1.894834368,1
0.241962272,-1.913280245,-0.473839347,-0.014452271,0.546284248,0.00642227,-0.436385891,-0.109609804,-0.088362959,-0.37001103,-0.258796063,1.598647171,0.560919448,-0.295480318,0.696954405,-0.33381949,1.173124638,0.369642192,-0.107302144,0.447716926,-1.570876152,-1.126767469,-1.193925006,0.142943095,1.732514999,2.231300146,0.638051101,0.500844475,-1.801057734,-0.5426738,-0.787783752,-0.620847598,-0.168143819,-0.472090578,-1.97929981,0.747910256,-1.072743026,0.239246864,2.07408267,-0.919384592,-2.530287523,-0.286004222,1.100959635,1.958347454,-1.229549594,0.496699223,-0.465310457,-0.105948354,2.644343347,-1.502970328,0.253739661,0.467693172,1.085786325,0.097983153,0.30805054,-0.391648567,0.269126941,-0.343192275,0.62157189,-0.369610336,0.377100394,-0.029262814,1.126050251,-0.051393724,-1.773032468,1.261921501,-0.905732301,-0.653766339,-0.595661294,1.374438093,-2.135674214,3.137748534,1.056056809,0.223238914,-0.054894001,0.285554075,0.521122428,0.645215586,0.555604466,0.089580681,-0.19733842,-0.151273284,-0.19490828,1.133770097,0.593556722,-2.940388635,0.655900777,0.194736195,-0.018708756,-0.388518453,1.12411272,0.947526462,-0.772877668,0.407052287,-0.971656735,-1.379618165,-0.626717225,0.862393472,0.953125045,0.51308542,0.725095787,0.516178287,-0.641481595,0.431922545,0.800409525,0.75429133,1.188913371,0.708303847,0.351448208,1.070150238,-0.026521259,-0.881874651,-0.163066964,-0.744902645,-0.675178275,-0.144518671,-0.792419921,-0.30796153,-1.893614667,0.213293707,0.001205475,-0.817088631,0.659245668,0.937570138,-1.607559864,-0.762724779,-0.76914235,-0.939903101,0.829474842,-0.193826139,-0.264514841,-2.003862364,0.63541803,-1.239258395,0.05993263,0.277376938,1.360658596,-1.308820399,-3.019512156,0.183849545,1.800511182,1.238946353,0.209659415,-0.491636186,0.807122597,-0.9735462,0.476357769,0.505470159,1.060209907,2.759660039,1
0.975119733,-0.147057382,2.310459275,-1.140161139,-0.59083531,1.310144388,0.415149633,-0.469923,-1.231366926,-0.966690109,-0.906496119,0.007031798,0.191061817,-0.148654629,-0.039213814,-1.050723195,0.293136106,1.280518637,-0.162791682,-0.182286706,0.083001052,1.11820486,-0.894722999,1.450847336,0.421222239,0.028680696,1.213238837,-1.182062074,0.522045536,0.430309565,-0.935455064,0.460638123,0.283305179,-0.17873812,0.862817555,-0.571754252,0.270321246,-0.131673782,-0.614696823,0.502884685,-0.207735747,-1.473006459,-1.801066105,0.789057468,-1.220600107,0.279384493,0.054951894,-0.368531777,1.956668457,0.179674018,0.755633483,0.284816215,-0.231539423,-0.01908875,1.458542766,1.088105293,1.951986432,0.221642093,-0.876937066,-0.440516944,-1.187778192,0.767044129,-0.585916316,-3.055317946,2.463775698,-0.570601138,-0.576590925,1.671611693,-1.208251451,1.136605887,-0.587442443,-1.323795445,1.705717761,0.923096947,0.920000985,0.367655547,0.599101633,-1.232158025,0.111610857,-0.928763,-1.388940519,0.410953331,1.158149556,-0.383368824,-0.212012892,-1.138150645,0.007217146,0.760076112,0.791527737,0.545176176,-0.618431167,-0.650129043,0.795404473,0.811998932,-0.171994985,-0.426171908,1.167247093,-0.359948665,0.745932225,-0.136843175,-1.047532781,1.61231214,0.120063896,-0.71074398,-1.390805668,-1.290000798,-0.372911404,1.925128884,-0.584661879,1.447454832,-0.130763669,-1.181150391,-0.473211188,-1.280987924,-0.855968452,-0.885748062,-1.903803867,1.512796069,0.21101703,-0.686278406,0.221757746,-0.835480394,-2.671061965,2.956691633,0.189599877,-0.589013039,-1.933914812,-1.494149795,1.65449193,1.501938549,0.753215036,-1.115077038,1.509973988,0.449782618,0.654924448,0.446170944,-1.506987185,-1.198160951,-0.510218166,0.643639708,-1.380432082,-0.175346415,-0.17660951,0.792739689,0.674671536,-1.010225929,1.446686169,-1.163239829,1.092239442,-0.550144898,1
0.625667348,-0.857157556,-1.11939088,-0.473183106,1.7632988,-0.257316501,-2.81512369,-0.202968343,0.13493953,-2.617113117,1.33393564,-0.713712464,0.328563115,-0.225981545,-1.288351419,-1.070508135,-0.935082836,1.085671909,-0.147538188,-0.521865517,-0.934608913,1.196150222,1.464201273,1.184743899,0.492437339,0.289830042,-1.215937818,-0.245819127,-0.683860203,-1.825512109,1.057043419,-0.695829946,1.195941907,0.881746401,0.556717977,0.612884072,-0.615313882,1.857850151,0.043125431,0.301931685,-0.649076334,-0.931165261,0.477296009,0.217513496,-0.789352366,-1.438426719,-1.269923087,1.196133717,-0.613253815,-0.338908546,1.450340259,-1.122150561,-0.726994826,-0.768766829,1.618068481,1.993383501,0.751563225,0.783384724,-0.580355003,1.947328487,0.267696254,0.853110264,-0.105524939,-0.268032587,1.66304226,0.53972368,1.451375461,0.255328172,-0.848366536,-0.583342933,0.102965242,-0.626500216,-1.107461409,1.201417032,-0.544870071,0.138192748,0.29613359,-0.588153125,1.450799466,-1.117141761,0.261625264,0.246117706,-0.054254603,-1.296912613,0.870817552,0.74351067,-0.675568529,0.707487207,0.374907686,-1.280612145,-0.853928915,1.138281445,0.309416185,-0.564302946,-0.858475891,-0.515393798,-0.44447953,-0.845963033,-1.741764112,1.140013286,0.970633673,-1.273255452,0.136311296,-0.902238203,-0.261567223,-0.34476658,-0.427834216,2.002947084,-0.440325685,-0.808263825,-0.762581429,1.043776956,-1.652102332,-0.762622916,1.44682284,0.243986188,0.191922005,2.13214646,0.246347953,-0.708186161,-0.282077057,-1.135432309,1.25593704,0.574561718,1.12441415,1.212983929,-0.414210781,-0.944752852,-0.051713111,-0.872761071,0.164956875,1.132096881,-0.168139646,0.14999509,-0.093845616,0.802727572,-0.667782394,-2.196446262,0.470868859,0.987834421,0.446374245,-0.640230495,-1.135012098,0.494497532,0.141478953,-0.125792628,1.822463343,-0.946800094,1.775037021,0.031783905,1
-1.150993577,0.375698018,0.091752484,0.252240396,-0.116229043,0.214713183,1.578118058,0.985449686,0.869154592,-0.455539526,-0.889240828,0.955300558,0.876046793,1.472670676,-0.603980626,-0.229548655,-1.639484163,-0.392471106,0.996570511,-0.466495379,0.640479795,-0.190503106,0.324057028,-1.14769139,0.08520945,-2.991135971,-0.186896158,-1.630473244,1.205994517,0.777407353,0.466670982,1.521006227,-0.948916521,1.747363198,0.932191564,-0.236555287,1.135620147,-1.106293512,-0.824514162,-0.608589723,-0.528977708,-1.056557643,1.223083067,-0.2588544,0.352504968,-0.570351366,-1.820603301,0.270057358,-1.912254975,-0.068634046,-1.368315039,1.987275999,0.911362722,0.105753791,1.263706678,-0.846315977,0.543479379,0.199810434,0.264020081,1.2723535,0.732492103,0.288723663,-1.654887436,-0.960046295,-0.122708934,0.093372374,-1.130203725,2.411676676,1.516394055,0.60211832,0.072036861,-0.21220897,-0.95191846,0.077480519,0.25775254,-1.241760575,0.334176417,-0.155259049,-1.907807558,-0.860385011,-0.413605533,1.887687657,0.556553125,-1.335481569,0.486036289,-1.547303989,1.082691054,-0.471124652,-0.093636189,1.325796648,-1.287163569,-1.397118185,-0.583599326,1.038378851,-1.519346075,-2.832155598,-0.451158858,0.5517408,1.20026175,-0.463161362,-0.411426607,1.153900734,-1.8697417,-0.388520775,0.19042389,0.449218721,-0.509806693,0.034441012,-2.488327353,-0.658248412,0.453508713,-0.982294034,0.058984222,0.446872501,-0.342549201,0.170463771,-0.962732565,-0.20661128,0.61021617,0.156972961,-0.58653127,0.224216404,0.714609791,-2.049941279,1.159074065,-0.336254739,0.425489933,1.197246924,-1.371673697,-0.709441002,-0.288548696,-0.783753521,1.734936576,-0.856772094,-0.555546779,0.204389032,-1.202149526,-0.395680712,0.317453261,-0.332860404,-0.093386859,-0.529332112,-1.514470309,0.321593211,1.754933072,0.018401631,0.225264117,0.692722755,-1.269330497,1.702514658,0
0.170865438,-0.183983336,0.378485168,-1.140912653,0.546831241,-0.457243392,2.02123838,-0.380034464,2.226179284,-0.161196682,-0.094900333,-0.294311313,-1.258116893,1.326346868,0.09709622,0.627090703,1.615089852,-0.131130845,-0.092749256,0.144909792,-1.28287075,-1.828827445,-1.503690582,1.241258527,-0.325965975,0.784377859,-0.258529469,-1.577659426,0.866060639,-0.888978331,0.57987127,0.92350368,-0.04430648,0.474084475,-1.423113821,2.925024115,0.440127997,0.781226175,0.934251226,-0.139176086,0.077742837,1.084959568,-0.367728527,0.391135228,0.467780457,-0.734511192,0.443793889,-1.694322701,0.917962414,1.569871193,0.905736144,1.497293861,-0.762199093,-0.224974966,0.125428089,0.128812728,-0.437296837,-0.913149864,1.726966638,-0.833064063,1.656389678,0.495094507,0.203017067,0.542987251,1.52344393,-2.624461062,0.359139376,0.149005235,0.185942639,0.940503949,-0.610395623,-1.150890973,-1.38425014,-0.907350235,0.687439506,0.504847982,0.883330305,-0.459800296,-0.415364595,1.653722441,1.019782486,0.752188122,-1.82475456,1.957697679,-0.091943763,0.172902792,0.447567262,0.164530226,-0.171975413,0.145033864,0.636483703,0.848799523,1.219778865,-1.097551871,-0.545917779,0.852954543,-1.570206567,0.161590482,-0.785955565,0.551176168,-0.845078356,-0.359578233,-0.290424363,0.246346009,0.958321975,1.031949345,0.204942451,-1.109654882,2.579613135,-0.08518267,0.273711213,0.242263621,0.353818961,-0.847060304,0.438572806,1.821501696,-2.00919278,0.032313098,-1.121566131,0.988874789,1.141134575,-0.127652097,0.060889925,-0.880953522,-2.357766087,-0.270198203,-0.213707083,0.043030402,-3.278558903,-1.725358108,-1.483083032,0.083098789,0.585266868,-1.16257545,-0.275863325,-0.578897495,2.032004852,-0.38480565,-0.427033098,-0.815996885,-1.900977871,0.646482681,-0.26643377,-0.388371522,0.182365885,-1.577820339,1.770570782,-1.820608115,1.776349482,-0.014927033,1
-0.10703036,-1.035242322,-0.873336054,0.3423849,-0.131603638,2.030881555,-0.280653927,0.248691478,0.22686832,-0.10039877,0.755473768,0.0933964,0.481851738,0.213602705,-0.604537726,-0.26896206,0.555422853,0.551360302,1.245009049,1.859244148,-0.521068877,0.134874158,-0.19340581,-1.107307637,0.564555139,0.777837164,-1.076991226,-0.374499339,-0.472089522,-1.508424703,-0.03637733,-1.145241676,0.158993691,0.269121525,0.393022783,0.441322178,1.530940717,-0.808646141,-0.758481816,0.655163897,-0.131981525,1.125326607,0.561688792,1.918111328,-0.09132845,-1.482039572,0.34066142,-0.071674158,0.534487487,0.662607187,-0.534548515,-1.009005659,-0.14594335,-2.381191536,0.080667259,-0.407438075,0.861675044,-1.985848534,0.00634531,1.576224285,0.675401328,0.980671996,0.339733523,-1.66153407,0.166529173,0.40848936,-1.078224544,-0.126553843,-2.901070629,-0.334098176,-0.436375943,1.402239356,-0.603223103,-0.266357059,-0.079228777,-0.590320024,0.719791422,-1.992392014,1.136576704,-0.011878118,1.301647135,-2.747232142,-2.436229321,-0.29197856,0.505915388,-0.554932716,0.58384583,0.981309757,0.665999547,0.103268504,0.09560285,-0.614795086,-0.055374324,-1.024230887,-0.784729467,0.5143642,-0.462881132,-0.737561894,0.449231013,0.379899657,-0.215299585,-0.148935431,0.41594789,0.968957116,0.201085659,-1.19203391,-0.221427493,-0.407149838,-1.052986106,0.497932766,0.574852579,0.726208422,-0.990912954,0.157450937,-0.006275233,0.307403093,0.129726491,-0.012545945,-0.132723759,1.10684061,-0.861814008,-0.173170871,1.081370667,-0.811055924,-0.760087928,0.733940944,-1.423913841,0.660631123,-0.489634579,0.410000616,-1.220734567,1.185076267,-1.21723865,0.724950354,-1.175462384,1.808300871,-0.071381782,1.950857095,-0.818887487,-0.442650696,1.210719204,-1.426196022,-0.699266656,0.49506843,-1.018780577,0.521817422,0.170404385,-1.513645624,0.967768788,-1.262433093,1
-0.759132662,0.150393786,0.128044243,0.046940116,0.316916987,0.741373892,0.451703953,-1.116439532,0.294041087,0.853823575,-0.724001723,0.299956469,-0.552780717,1.996169721,-1.326827139,1.155948937,-1.670812761,1.793052685,-1.141549067,0.189671544,-1.629193187,-1.349981117,0.897747048,1.028162311,0.239358932,0.741081665,1.044878743,-0.684176864,-1.398961434,-0.013703386,-0.577201186,0.38862148,0.548028612,-0.681650791,0.704108543,0.654138376,0.723317579,-0.407792377,0.779922165,0.520002281,0.640184645,1.677788563,0.32777419,-0.606962224,-1.110454531,1.12793616,0.357307676,1.670021988,-2.029552191,0.910667088,-0.261137335,-0.353520995,-0.76480784,0.899571014,0.613536177,-1.142382025,0.164921438,0.706114331,0.178010526,1.1078403,-0.290038544,-2.254357673,0.186717561,0.180625769,0.311186497,1.106979098,-1.952463253,-0.238483304,-0.922657808,-1.208030388,-0.072299,0.70182203,0.300946605,-0.687522422,-0.1454716,0.929896445,0.683129245,-0.552770013,-0.617496376,-1.716484161,-0.429411334,-1.73578893,2.067069687,-0.855118157,1.108980855,1.818106208,0.216201409,-0.100014256,-1.322365256,-0.504600122,1.603965048,0.35125263,0.028348207,1.312123209,0.696290548,-0.147873148,0.216255836,-0.768065037,-0.561040646,-0.206298629,0.557471062,-1.247362973,0.07624033,-0.38986216,-0.900929218,-0.384491549,-2.321403263,-0.757588674,-1.099486882,-0.279916043,-2.279789823,0.190892744,0.909423296,-0.117296372,0.498791873,-0.512730556,-1.554621124,0.001691321,0.680378377,-1.324388126,-0.465227276,-0.247116401,2.851407645,0.223371195,-1.905573579,-2.152850902,0.73049883,2.485031976,-0.280974485,-0.340819592,0.430774176,-0.798296408,-2.54415462,1.037264389,-0.613182128,1.050117866,-0.76098679,0.121779127,0.854831947,1.070350951,0.232988667,0.183239096,0.61970618,0.464169534,-1.291180534,-1.272082354,-2.109059103,0.766508001,-0.395729774,0.820197245,0
-0.089735694,1.440117215,-0.898992322,-0.601864365,0.840368707,0.269648666,-0.642449903,-0.207420841,0.329450632,0.024808263,-0.238169483,-0.054792483,-2.415527646,0.018207222,-1.058283893,0.363475679,0.133961769,0.748406316,0.758186063,1.719646381,-1.983133992,-0.126058161,-2.040474873,0.490696583,-0.167030216,-0.470761082,0.267018498,-1.052855378,1.847848222,-0.244416583,0.07653327,-0.128526037,0.922409851,-1.202204645,0.828208741,-0.518564666,-0.509833312,0.879392973,-0.268202715,0.613781821,0.632453723,-0.349135944,0.232939913,-0.483895928,-0.019565674,0.473685448,-0.95675372,0.440293224,0.31766332,-1.488999516,-0.746077561,-0.691481252,-0.444388329,-0.955891167,0.939159562,1.060535899,-0.787877278,-1.154170008,-0.013338915,1.330188637,2.154199882,-0.674578999,-2.274959745,-1.487481294,-1.782458829,0.416839552,0.097527813,0.217190525,1.125930458,1.628938901,0.842955802,0.735193292,-1.47405828,-0.508594369,1.384821591,-0.549660338,1.105554367,0.123380766,0.783185933,-0.871839351,0.763133934,-0.639477481,0.230545509,-0.02909744,1.192038103,0.832072628,-1.765710603,-0.810400137,-0.635892302,0.69173946,-0.49536086,-1.089365218,-1.364647364,0.727353589,-2.073535131,1.05513713,-1.286911894,-0.447717709,-1.16850357,-0.919156575,-0.223416204,-0.136729603,-1.54634558,-0.405369736,0.103233451,0.467951805,-2.042418465,-0.478839375,-2.053617922,-0.508234731,-0.430462799,0.629142563,0.973425463,-1.02179021,0.294262372,0.655010884,-0.747049199,0.773005489,0.135967375,-0.2734564,0.141762231,-1.580201784,0.140463925,-0.845803366,0.028828205,-0.405819759,0.288392213,1.19186937,0.127138922,1.000452383,-1.02292145,1.433679868,-1.012731126,-1.253438364,-0.274830103,-0.444459878,-1.581993085,-1.127844064,-3.59425754,-1.351219942,-0.659840275,1.489847626,0.71304004,0.323499972,2.165287662,-1.792419164,-0.067699636,2.035442368,-0.507343107,-0.827779915,2
1.628615546,-1.380101458,-0.847262107,0.383357937,2.246337548,0.321242775,-0.295923952,0.535836152,0.595736259,0.5846506,1.372880195,0.386092957,1.325412235,0.230234114,1.512498268,1.206735196,0.921799412,0.789185736,2.301517677,1.076617589,-0.849317005,0.245900551,-0.264716768,2.064476317,1.25143756,2.031951025,-0.759994528,1.101674679,-1.364528983,-1.592132334,-0.396956132,1.512375137,-0.992615041,-0.016811847,1.188842868,0.846413161,2.216186579,0.003371992,-0.441629545,-1.094481081,-0.36799994,-1.103598959,-1.79644528,1.963392581,0.048906799,2.591466871,-0.839288437,-0.428808609,-0.775369012,-0.640756065,0.873603744,0.566323966,0.875409425,1.342271592,1.107355044,-1.008489744,-0.523818564,0.12148281,3.727833345,0.772400142,0.106688808,0.673274722,-0.603114054,0.262425511,0.954662185,-0.028995685,-0.756553254,-0.077874053,-0.319576609,-1.35712742,-0.57155216,-1.392812786,-1.23679489,-1.140944488,0.953451298,1.489165063,-1.536079677,1.580183666,-1.126594173,0.746880094,0.258558571,0.635851545,-1.165743053,-1.812357283,-0.80290841,0.42686865,1.956904175,-1.029723598,-0.098837487,-0.749079199,-0.017226183,-1.930785361,1.498043335,0.024036078,0.917165664,-0.232202023,0.190628076,1.128872493,0.131716823,0.167706324,-0.793941043,-0.534423562,-1.012815638,-0.738017588,1.25122911,1.80860931,-1.247274885,0.395171785,-0.31769139,1.396968567,0.134860218,-0.007475705,-0.744769312,-1.531780039,0.760938483,0.352978575,0.377444141,-0.599327103,-0.145768446,0.791070986,0.98211263,-1.178471616,-0.633348071,-1.389883422,0.201264413,0.884338312,-0.278715517,-0.662856631,-0.335301854,2.306313315,1.1919281,0.730997173,0.320067896,-0.012741465,-0.906632164,-1.061690424,-0.567910677,-0.95377988,-0.607812962,-0.101895626,-0.025301589,-0.620381275,0.495209555,-0.189006372,0.214698631,-0.744590385,0.692872555,-0.5348461,1.608554237,-0.224991354,1
0.519346514,1.532738913,-0.126986434,1.074558608,-0.731497417,-0.705492532,-0.844137724,0.567621975,-1.582958077,-0.766961607,0.289715023,-1.204151076,-0.660310406,-2.211567577,0.605806649,-0.687835193,-1.09928125,-1.295022726,-0.418213512,-1.580155587,1.942379677,-2.384744617,-0.45061915,0.106906929,-0.775379004,0.212131737,-0.799601575,1.530094464,-1.118877014,-2.351223941,-1.29849985,0.386494775,-0.11792438,0.752132908,0.501744617,-0.63628035,-0.489083494,-0.385328776,1.884346083,0.690822315,1.891686899,0.840779372,-0.063583395,-1.019361487,0.201519671,-0.060869172,-0.093647285,-0.209099077,-2.052462708,1.260839817,-0.050453489,-1.414253116,0.481762709,-0.855836169,0.562140623,0.881656461,1.019636491,-0.160916727,-0.413777728,-0.62553836,-0.722556088,-0.017230064,-0.209343062,-0.825303816,-1.143784754,-0.108756092,-0.434197618,-1.141366973,0.830571013,1.772092751,0.962588214,-0.720188012,-0.050229685,1.540428952,-1.173699643,0.782595127,-1.448083208,1.684037627,-0.430314525,2.229043725,1.728063799,-0.10643051,-0.719405373,0.194775472,-0.180158967,-0.401566964,-1.658113255,-0.514553584,-1.110479122,0.551647706,0.991071317,0.740684004,0.34237509,-0.852907067,0.205400773,0.792765144,-0.586235574,0.118986421,-0.145461589,1.66236667,0.851548135,0.609159612,-1.716693734,0.172837327,-0.155013429,-0.163657111,-1.563413473,-1.087768622,-0.068017488,1.114355778,-0.59052457,-0.399938727,1.781091995,-0.296822389,-0.128789524,-0.115244782,-1.345505146,0.571798123,-0.652876119,-0.030070617,0.444372964,1.942557589,-1.317770045,0.864982185,0.868723256,-0.638214773,0.599503848,1.643436151,-0.764971209,0.241469797,0.404801364,0.534178855,0.769291761,0.166304828,0.513436186,-0.91147365,0.164003494,-0.476341266,-1.229828905,-0.509144549,0.269456392,0.435797276,-1.268459121,-0.937676717,0.72465628,0.508148093,0.887102662,1.367830427,0.53788711,-0.414807627,2
2.44575198,0.129221182,1.499989514,-0.641728293,-0.276590734,0.463210409,-0.692051674,-1.284310351,-0.937991943,-0.196683631,0.469315345,-0.337890466,-1.639842424,0.470320511,1.27337414,-0.65994479,1.662790594,0.868873142,-1.054158059,-0.647909436,-0.312979953,-0.185276726,-2.438379618,-0.753159372,-0.553634329,1.890559905,0.226925626,-0.79801538,-0.438530718,0.425087552,-0.377953835,-0.585346189,-0.553208505,0.479730374,-1.381715018,-1.086899409,-0.92764487,-1.104093784,-0.823633878,0.896862218,1.036355881,0.271707053,0.214812776,-0.669981939,-2.081093131,0.143851633,0.297736455,-0.673675088,-1.076071868,-1.273415582,0.167635706,0.081904165,1.19455632,-0.80544306,-0.287934991,0.017200592,-0.549859078,0.839015911,1.238146094,-1.105567085,-0.45808318,1.324554962,0.323163969,0.1172118,0.341240366,0.655889443,0.389163797,0.213595013,0.009575052,1.348224307,-0.266284058,0.001237018,1.551993532,0.325726515,-0.06658574,0.630746687,0.227289541,-0.739115223,0.245101625,-0.808767302,1.826772343,0.23877695,-0.93820741,-0.392630862,0.759578251,-1.091129034,2.720464346,-1.455252844,0.925654881,-0.486609205,-0.808866302,0.537731991,-0.453957095,1.591552851,-1.401291875,0.562278475,-0.275222517,0.296278888,0.514094831,-1.731618522,0.234007066,1.089053394,0.46638713,-0.368770499,-1.413804845,0.507950379,1.876107175,0.661869019,1.157718917,0.933016739,-0.393078865,0.090487997,0.868523193,-1.57972015,0.651743049,1.258917822,-0.051359264,0.814019786,-0.554371694,0.038234323,-0.273112342,0.459812691,-0.104525609,-1.676179391,-0.71812744,1.942508592,0.567535183,-2.097921484,1.207818752,-1.152821356,0.89337481,1.292234175,0.101690024,-0.996892889,-0.715163807,0.629258139,-1.135484335,-0.581893149,0.512893982,-0.65117473,1.420781382,-1.038079439,-3.288156731,-0.778220768,0.310123413,0.863329912,-0.408388601,-0.277230169,-0.030886389,1.741912244,2
-1.01283112,0.314247333,-2.211861911,1.533433701,-1.423957152,-0.266652329,-0.42924442,0.58855327,-1.598124352,0.462172666,2.024309623,-1.363174005,0.189706168,-0.661982178,0.425887206,0.019147777,-0.641486909,0.487872285,1.80434811,-0.190903792,0.719757942,-1.293272958,-0.956436377,0.472406278,1.484116029,0.355613349,-0.313058031,-0.000708595,-1.250407734,0.604515326,0.882333062,-0.452090333,-0.470042148,0.26587823,-0.436719736,-0.066132615,2.099721789,-0.247025701,-0.358340152,-0.647541806,0.744191971,-0.181224173,-0.649373038,1.321304032,1.419603005,-0.600423566,-1.866539951,1.00751369,-0.684629826,0.790625599,-1.970103818,0.892597338,-1.211171929,0.730764119,0.014273068,-0.953939419,-0.407036313,0.686318457,0.105894453,0.58441298,1.976440585,-1.564241612,1.617212575,0.104355938,-0.898784048,-1.330313626,-0.189120391,0.921650112,-0.12754912,1.51115493,-1.45117569,-0.012088948,-1.252393444,0.363631883,0.88688739,-0.420761794,-2.604213857,0.198948147,0.436738552,0.404294755,1.235782192,-1.07105368,0.680216105,1.192507512,-1.778587584,0.319651826,-0.504179831,-0.081522673,0.347676484,-0.487228564,-0.675708079,0.034152417,-1.087245939,-1.085825129,0.679373283,-1.148794035,0.666312501,0.462591293,-1.725806729,-0.677564652,1.194109403,-0.981165531,-0.464404262,0.462060893,0.783390509,-0.251538886,-0.597510195,1.422369862,1.738899664,0.978858051,0.085318143,-0.808265722,-0.830444407,0.522514105,0.418398221,1.401598593,0.650450093,-1.503080302,1.051947618,-0.998060627,-0.383971272,0.250200206,1.99566749,3.109918556,0.606723059,-0.183196619,0.534505648,0.887655426,-0.320667626,1.795211356,0.230070759,0.497743089,0.665924252,0.421586611,0.8389405,-0.617253187,-0.558301754,-1.100154233,0.439501231,0.778936504,0.457772866,1.674492433,-0.005596019,0.668741656,-1.091700876,-0.387099702,0.695537758,0.849102111,-0.293966948,-0.071599252,0
1.465648769,-0.2257763,-0.605860821,1.719377906,1.992515353,-0.766656588,-0.549557136,0.859587887,-0.38713065,-0.045411218,0.025388421,-1.919673156,-0.013837746,-0.689727774,-0.493122822,1.443632003,-1.256506894,0.813205187,-0.27896293,-0.279760168,0.790371896,0.340051295,0.570612997,0.968184661,-0.331308383,-0.612236735,-1.085150527,-0.82541053,2.949094425,1.244679581,-1.351074366,-1.322457957,0.481866062,0.547264797,0.548883835,-0.254955794,-0.12545426,0.327879524,0.085893006,-2.219300373,-0.229799631,-0.851406434,0.175211419,2.985259003,0.367481665,-0.313529686,0.921801502,0.482687887,0.42009449,0.606850593,2.056543565,-1.130888435,0.473632077,-0.92638113,0.555512646,-0.918686511,-0.417366814,-0.295089914,0.975816719,0.918454444,-1.245717376,0.054934111,-0.709579855,-1.258504911,-0.21701705,-0.308482788,2.426716486,0.432959825,-1.377617501,-0.564774004,1.021383295,2.088442773,-1.585983312,-1.879924385,1.870965175,0.389614177,-0.868292732,0.534629086,-2.635747739,0.003375507,0.327821173,0.92427014,-1.013895952,0.085687161,-0.925424626,0.255383756,-0.895346322,-0.408100839,-0.995815395,0.651136242,0.858451117,-0.23462057,0.038237995,-1.448591415,-0.299676648,-0.050204617,2.620793091,-1.111967026,1.464177239,0.996858773,0.280636404,1.758620484,0.372105473,0.389159196,-0.053120653,1.223568882,1.096469234,-0.625677287,-1.319247195,-0.202980637,-0.800038564,-0.063524575,1.237438135,-0.457301655,-0.042823381,0.058022735,0.848430882,-2.246889334,-0.606700295,0.211283692,1.200078956,-0.491902448,-1.876552706,0.619711446,-0.635362389,-1.189666659,-0.62434539,-0.184525358,-0.604744665,-2.205566057,0.897066197,1.274875041,0.651521991,-1.13768567,-0.201491534,-0.006521315,0.59879439,0.668340489,-0.734173799,0.081995556,0.457280405,1.455822322,0.70450654,0.789056687,0.083826628,1.410459145,0.409762796,-0.86108791,1.40336997,0.697903273,2
2.560084538,-0.0960599,0.026042809,-0.861031648,-0.357618554,0.889049002,-0.50707553,-0.363949506,0.885609266,-0.218110744,1.338340528,-1.638387186,-0.273385865,0.776290922,-0.719341305,-0.234377545,1.263308477,-0.774686979,0.482597203,0.746652254,0.076635746,0.040012684,-1.024915819,0.731037367,-1.254334875,0.391238418,-0.51840154,-0.394743274,-0.201269744,0.499497031,1.561942432,0.111334575,-0.720029618,-1.439554252,1.15994555,0.175373823,-0.231613495,0.05851536,0.766663392,-0.410071444,-0.666012944,-1.30993596,-1.079219733,-0.344757377,1.074674629,-0.508483443,0.260591284,1.124518925,0.381763677,1.973704165,0.067750529,-0.156980937,-0.381685489,1.992325135,1.219449505,-1.459368917,2.110088372,0.497980449,0.129045653,0.518275796,-0.958787848,0.196894213,-0.308698066,-0.360343717,0.958866283,-0.264468344,0.099639887,0.327739571,0.943606597,1.268024759,0.014823163,-0.378274323,1.903795435,-2.580321021,0.867389085,-0.144052859,0.570505111,0.040833737,1.281484127,0.419124247,-1.420948488,-1.465966701,-0.215045571,0.607631618,1.307207925,-0.669410178,-2.211383349,0.431080985,0.042362378,0.143229429,-1.101207464,1.192793382,-0.816312325,0.308053427,0.275692383,0.549882704,-0.744605395,-0.923363704,0.853058939,0.552634804,0.335067648,1.125756617,0.341697437,-0.370041875,0.517989389,0.45046917,0.475555022,-0.883064106,-0.979066582,0.880159729,-0.148400756,-1.943197568,-1.371359338,-1.318525691,1.067324749,-0.048377059,0.035355296,-0.353249709,-1.05877083,0.75979754,0.652327402,-0.704507214,1.402056524,0.744928991,-0.853834997,-0.287308632,-0.367959931,0.312393386,-1.428633615,-0.705045986,0.794397505,-1.586859433,-0.197746384,-1.226268588,0.913203042,0.343307481,-1.467702543,-1.042422116,0.013914622,-2.307017872,-1.100131676,-0.823972187,1.284838379,-0.576668456,0.659379014,-0.472938849,0.7445422,-1.552212506,-0.723273216,-0.109317746,2
-0.624818578,0.02609105,-0.941816012,1.866589345,-1.85484503,0.653858131,-0.135599869,-0.825834649,0.347400886,0.034404889,1.320530079,-1.134502175,-0.516139251,1.011602414,-0.204961821,0.546753078,1.214802944,0.562191763,-0.611132058,-0.350991578,1.223284527,0.155212081,-0.203724374,0.383609979,-1.284228075,-0.236752842,-0.078535697,-0.09488298,-0.394267519,-0.308800318,-0.113967912,1.460277752,-2.203095467,0.698972857,-0.086765269,-0.061801473,-0.406195057,0.501807814,0.950207031,-1.896196946,2.093939461,0.144121699,0.109686051,-1.394215912,-0.571003025,1.35906695,0.068676592,0.415757982,-0.461191629,1.970767305,-0.153260948,1.130510868,-0.151270679,0.347536399,0.352199617,0.924567782,0.738771047,-0.474069057,1.159038555,-0.990138504,-1.183545251,-0.291418019,0.393401203,-1.022258232,-0.077829974,-1.384764458,-0.269561565,0.971836793,-0.843594056,-1.221666152,0.378624841,-0.787591281,2.42285242,0.191987226,1.024627202,-1.314674627,0.457368667,-1.006094489,-0.179108191,-0.752270737,1.039705085,0.321151614,0.117410237,1.361061871,0.015865421,1.030386807,1.800596279,0.140148779,0.259534863,0.954546611,1.436755686,0.128204525,-0.63743422,0.866567928,0.571673958,0.856954194,0.698741507,0.2067665,0.264592175,0.702245068,-1.449527392,1.329680445,0.449978849,-0.846135384,0.185113978,1.318590091,0.290276802,-0.732056472,-1.274492378,2.464893202,-1.738915927,0.33691346,-0.586528942,1.042440102,-1.216307697,1.608370595,-0.12506177,-0.220143695,-0.313264656,-0.592593612,-0.368701078,0.718353978,-1.721729355,-0.748982377,1.495139341,-0.090431213,-0.572432078,-1.274785536,-1.170232611,0.982204151,-0.822617239,0.804533757,-0.980514628,-0.125746059,-0.069087884,-0.753655723,0.076956979,-2.115900231,-0.088512307,0.445165616,-0.834942668,0.213001522,0.153477476,0.19364888,-1.344817721,0.095170996,-1.722278914,-0.629441356,-0.003859895,0.208343484,0
-0.479174238,-0.185658977,-0.601944442,-0.633231397,-0.850613253,-0.541006866,0.755665839,-0.221888271,-1.349773069,1.768169293,0.319965191,-1.406943401,-0.441848927,0.110886383,1.704592093,-1.108112458,0.976040719,1.399486427,-0.628654305,-0.277513619,-1.036309247,-0.203461141,-0.036589974,0.659649998,1.090183471,-0.748096065,-1.967325064,-0.021244779,0.29353753,0.249417688,-0.326673248,0.1247521,1.515444808,0.381734169,-0.373368425,-0.500197817,-0.169852358,1.636739962,-0.18330071,-0.019794345,-0.482313571,1.098983357,1.959837255,0.450613049,0.082772904,0.036782833,-2.384306789,0.745150864,0.134166416,0.428342051,-0.711462194,-0.384456879,-0.411024937,1.021622984,-0.378759837,2.082660322,0.430862419,-1.27568266,-0.128546293,-0.651675122,-2.19438247,1.59947094,0.703142542,0.533207318,0.16540366,-1.382017569,-0.48361714,0.841780775,-1.05122003,-2.531769316,-0.227106008,-0.141757554,0.135563416,0.728518644,0.637605812,0.258769805,1.195531388,-1.518969781,0.504581814,0.626538363,-1.239562286,-1.502870609,-0.745942126,-0.661541443,0.753419464,-0.614538784,-0.856348518,-0.611633737,1.118632334,0.013043374,-0.179251025,-0.110005499,1.292060334,-0.749171727,1.315508291,0.210496299,-0.160419382,2.500900498,-1.05563949,-0.35368576,-1.232431239,0.952461971,1.689188934,1.669922781,1.223948753,-0.197620468,-0.365240977,-1.671169772,2.035873535,0.468978078,-0.491956905,1.328056889,-0.972764517,0.406622034,-0.172629134,0.63867714,-0.063573539,-1.450927891,0.075576373,1.048864142,-0.029216406,0.775115122,-1.045529486,-0.026260793,-0.624510455,0.74698084,0.031491562,0.690073676,1.087710426,0.691618575,0.273118434,-0.998212259,-0.002786111,-0.533090402,-0.344063957,-0.374534151,-0.979925575,-1.957338589,-0.668143048,0.193379452,-1.348177045,0.015682236,1.900268424,1.023056555,1.643541509,0.391127877,1.167509823,-0.72396473,-0.644340267,-2.739140206,0
-0.220964174,0.026885839,1.473939887,1.368776649,-0.340401012,1.009637632,1.422167435,-0.009615431,-0.669696881,1.281833074,1.126119002,-1.253298927,1.416049109,-1.020120375,0.379059682,-0.816058514,0.164084945,0.115639192,2.232146672,-1.621882133,-0.770569171,-0.4653978,0.328874228,-0.311996596,-2.197967248,0.736997411,1.334787357,0.432601148,-0.45644972,0.204688043,-1.216892599,1.061176218,0.497504235,-0.533461333,0.082008526,1.03134138,1.164474929,-0.074324129,2.146537547,1.368053191,0.527909395,-0.395458393,-0.365110429,0.200567141,-0.110308578,1.700380289,-0.937028978,0.505707791,-2.001812702,0.377158368,0.871908005,1.440364456,-0.591455623,-0.712017539,1.023329999,1.194986357,-0.227084078,-1.959492463,-1.058786357,-0.092483827,-1.4180107,0.728727916,-0.772661512,-0.072357608,1.094762497,0.36763775,1.944373678,1.397762329,-1.038887223,0.592916559,0.152907443,1.187168515,0.523364799,-0.499749756,0.476076733,-0.369019499,-0.646288445,-0.111336847,0.248774132,1.300239542,-0.49665866,-1.91667386,-0.197049647,0.256365353,0.182374642,-0.253726554,0.949612588,0.312332173,0.603011969,-1.836960765,-0.173652204,-0.139152189,1.683919983,-0.106211985,-0.660150901,-0.718864252,0.979234023,-0.580460743,-0.852939244,0.916718197,0.391945216,-0.236135424,-1.327606572,0.554259773,0.826932647,-0.953278506,0.364826671,-0.100689529,-0.884063436,-0.444162161,-0.04706753,-1.318345154,0.570821108,-0.710340165,-0.670485213,0.505579992,-0.452740541,-0.21550282,-0.105558739,-0.775150794,-0.517958183,-0.017709013,-0.015475613,0.527032214,0.571281703,1.218669943,-1.506374705,0.91294689,-0.340539597,0.658271398,0.339422482,-0.577223565,1.520102684,0.761209684,0.420713488,2.190093058,-0.974267743,0.02508096,0.562124162,-1.067016112,-0.663965806,0.996687722,-0.496392699,0.871885653,-0.629593576,2.020085579,-2.342642538,1.008632024,0.250892746,-1.530665453,0
-0.981508651,0.462103474,0.713566152,0.423323382,-0.161829263,0.055538741,0.433463674,0.667394438,-1.518995163,-1.077388964,1.107310534,-0.06086957,-0.424076593,-0.263499473,-0.263705306,0.557937782,-1.108016394,0.024777746,0.246117729,0.396267917,0.222863996,0.51590623,-0.572696151,-0.941802732,2.457004443,-0.301264685,-0.184454471,0.677840098,1.596089292,-0.544528117,-0.998815268,-1.242153351,1.593106222,-1.038106986,-0.027555937,-0.977284832,-1.448355918,-0.292375353,-0.937786666,-0.691628425,2.006105097,0.424896104,0.93146952,0.824659563,-0.100860923,-0.439718359,0.248934612,0.16845077,-0.568805417,0.12984783,-0.706329707,-0.171457931,-0.335283475,-1.268872593,-2.351158213,-0.93906325,1.804104665,-0.309681782,0.775968161,-2.124445143,-1.008286068,-1.354489617,-0.20230001,2.421955481,0.460238943,1.695612533,-0.254436728,1.364869374,2.073256707,-0.109369066,-0.539264711,-1.317810937,-0.309060259,0.081896675,2.030953617,-1.294973974,0.059661894,-1.814308121,-0.426762829,0.311395357,0.512583153,0.58902308,0.397404033,0.58042194,0.045739129,-1.047866306,-1.851656964,-0.546687822,-0.134615433,1.253931797,-0.100601675,-0.196569034,0.385527127,-0.270011987,0.810541999,1.979333618,2.190785514,0.097040627,0.336892365,1.57885612,-0.149962023,0.679192142,-1.13516013,-0.310839148,1.156114617,-0.718195634,-0.128051179,-1.574209646,2.005768295,1.26302807,0.188099566,0.507512872,0.395898107,1.384311753,-0.518800042,0.73226762,1.077416499,1.21532597,-2.259370884,-0.599274478,-1.019170621,0.149588286,-2.01603022,-2.045622891,2.170094992,0.617689388,0.121009243,0.363672648,0.146340924,0.997350657,-0.632444192,0.186614826,0.227421268,-1.046857958,1.276983059,-0.44567674,1.01742167,0.114912726,1.633584832,-1.041379089,-1.084758802,-0.905695591,0.133295551,1.541468396,1.593093618,-2.3099686,0.249707161,-3.212953611,0.795031794,1.118169415,0
-0.217681203,1.098776852,-1.382285904,1.042139893,0.224179485,-0.451836728,2.271574459,-1.648249719,0.975611276,-0.111466083,0.785047023,0.108953717,-1.872245062,0.095460468,0.335555855,-2.191985299,1.944048294,0.311207594,0.67198774,-1.16552939,0.690617522,1.08950446,0.253568228,-0.009371559,-0.893588125,-0.216206918,-0.512029514,0.571995637,-0.849875925,0.564650722,-0.838985563,-0.262352554,0.616044397,-0.70379672,0.650536489,0.552994158,-0.270950673,1.161783201,0.077784342,1.102276527,1.793464925,-0.241301022,0.644954984,-0.637567925,-1.03281441,-0.195459657,-1.36260028,-0.93760778,0.591432599,-0.513649015,0.710514087,0.299411938,1.851154062,0.524337286,1.11421807,0.401884663,0.311393501,1.164733042,0.668797466,0.210063613,0.205654666,0.538229312,-0.671373519,-0.713799466,1.425405932,1.864413664,-0.928882458,-0.668994432,1.14252282,0.533519993,0.676428105,0.896601295,-0.240732162,0.329969925,0.252192151,-0.8584916,0.315090943,1.237710696,-0.334133239,0.152569249,0.206708916,-0.28466455,0.676901238,-0.680065631,1.332645519,0.626205562,-0.936768601,1.698009685,0.168101461,-0.722947517,1.104554525,0.494671519,-1.771959704,-0.525660317,0.279097337,-2.159566678,0.085070085,0.157979373,-1.183491882,0.270644886,0.007463839,-1.191294106,0.919560547,0.837853795,-0.289737087,-0.198581323,0.726263938,-0.200663143,-1.930908201,0.486936557,-0.813259321,-0.389843054,1.457870568,-0.133978474,0.001734936,0.509667275,0.505333944,-0.919197767,-0.060298516,0.036152528,0.272026897,0.289221941,2.587441229,-1.175859771,0.98009162,1.183375806,0.492783974,-0.650315395,1.66466803,-2.191982865,-0.683266697,1.171682197,-0.370111603,1.596464525,-1.511804745,-1.112101894,-0.53163817,0.417399278,-0.22202015,-0.490399253,1.420396431,1.513444975,-0.414379766,-1.709767807,-2.157483829,0.239290115,0.655955622,0.062997786,-0.070908107,-0.804542615,0
-0.245388116,-0.753736164,0.347389842,0.40608511,-1.266538829,1.167290717,-2.820168822,0.834055452,0.934311738,-0.432401187,1.272910217,-0.063097553,0.062431703,0.339528787,3.186574912,1.344433908,0.701131201,-0.912804487,0.143589825,-0.813124094,0.822110847,0.140466976,-1.12452168,0.081124583,-0.84941747,0.151216221,-0.859077316,0.027487633,0.750469862,-0.053051992,-0.390888267,0.203276221,0.697182621,-1.10718327,0.260656155,1.317540819,0.573656963,0.057754147,0.639737507,0.452496456,0.753601109,-2.023931611,-1.553456134,1.004829149,-1.505279176,0.401538636,-0.352049656,-0.996189246,0.349649757,0.201033504,2.110342652,-0.624811205,1.44011012,0.352422914,-0.661021882,0.799246458,0.565738504,0.035843295,0.266295356,-0.596987031,-0.825787125,0.759442174,-0.223939424,-0.080082998,0.279821596,0.265288345,-1.429326471,1.286252086,0.121182152,-0.202653263,0.430846005,0.236542194,0.767062689,0.537983672,0.717846229,1.350993906,0.883624549,-0.16048622,-1.122901156,1.667797933,-0.237723373,-0.473107413,-1.736726818,0.338473105,0.148886604,-1.515114936,0.453274042,-0.498191921,2.690315007,-0.569361192,-0.435193332,-0.874776224,1.277876521,-0.372775794,-0.724914154,0.70695501,-1.380352935,0.625110546,1.781399717,0.566607833,0.637898316,0.870060217,1.709708029,1.20989396,0.439669722,0.903891401,-0.885934925,0.776293591,-1.005555971,-0.367022419,-3.082562175,0.401429659,-0.643872011,1.111145215,0.390192611,1.124095895,-1.083596545,1.038386037,2.105856344,0.7641583,0.790349009,0.169597676,-0.524668781,0.761192373,-1.50608291,-0.417755125,-1.771056802,-0.703656377,0.642045092,0.505393376,0.050913696,0.170400994,-1.885864618,-0.372562281,-0.681351606,-0.659059691,0.599578628,-0.860507327,-0.60468085,-2.087069246,-0.29412318,-1.087837548,0.079202929,-0.951108047,0.104542246,-0.144685761,1.672041773,0.49721798,-1.839637873,-1.264888844,1
2.143944089,0.633919022,1.026419377,2.31810226,-0.791467643,-1.181893974,0.175542244,0.87550505,-0.091389672,-1.053206396,-0.108584162,0.598092273,-0.407031827,0.607255018,1.164710785,0.240230626,-0.027947771,0.829343925,-0.856100827,-0.954709834,-0.266572285,-0.491879455,-0.803341975,1.830468475,2.171993209,-0.353705042,0.09171895,-0.18784282,1.10749924,1.305645562,-1.777263799,0.4760108,-1.306821341,1.758272158,0.44024803,-0.823349538,-0.241321388,-0.288977258,0.525112943,1.041912604,-1.148207292,1.838754501,1.605690108,-0.875323568,0.072801794,1.710808544,1.232918587,-0.33674303,0.814339815,2.997198292,0.105159982,-0.632648251,0.172419852,0.246552095,-0.524536739,0.441625068,-1.25440106,-0.665533867,0.758244776,-1.754870852,0.903167592,-2.011981366,-1.731324579,-0.498978743,0.286863843,1.325263603,0.057622763,-0.246553608,0.579581248,-0.87089882,0.139415159,-1.199446258,0.082590517,-0.129836326,-0.804267921,0.165040637,0.158549653,1.175454012,-1.605633403,-0.076048908,-0.7602624,0.869762058,0.753912065,0.507879845,-0.703833258,0.885470583,-1.530130929,-1.735310704,-1.275871,-0.03347481,0.675164401,-2.976032474,1.322742832,0.131112196,-1.567772348,0.10094697,1.092525415,0.599441015,1.099073063,-1.366246629,-0.414005235,-0.924692231,1.717580205,0.639362843,2.847009589,-0.467609533,-0.724674212,-0.142826639,1.378357221,-0.366119689,0.124437598,0.096690703,0.039496761,-0.65239846,-0.137291068,-0.180102601,-0.00756466,0.943516818,1.760628035,-0.840434763,-0.391993625,-0.825011898,0.187101537,-0.538349458,0.239796834,1.10362691,-2.525831686,0.49177989,-0.460187049,0.460422268,-0.896469438,1.196260988,0.913280618,0.568352149,0.793225718,-0.745620467,-0.619623755,0.752436201,-0.767729143,1.445635047,-0.323591071,0.50189439,2.099249519,-0.706223354,0.068761751,1.054183165,0.951277389,-0.32781531,-0.516730438,-0.233135933,2
-0.471038306,0.232049937,-0.183904581,0.828875148,1.931507735,0.139308409,-1.373526622,0.090903857,-0.611642888,-0.274432027,1.984976882,-1.222763423,0.300466822,-0.87772128,-0.307657941,0.744842335,0.318163943,-0.225032269,-0.649800325,0.316078192,1.707686717,-0.901351943,1.911663885,1.199497451,1.369353368,0.308432381,1.171129776,-1.008831282,-0.668043908,0.765813814,0.295845055,-0.148379258,-2.502608891,-0.435474048,-1.17405378,0.493534311,-0.191168529,-0.628300544,2.642910483,1.038174477,1.055872141,2.202215145,0.802191783,-0.770954009,-0.887896352,0.964902759,-2.05935428,-0.077779631,-2.171124378,0.098843508,0.854070251,0.279415535,0.938109359,1.964826942,-0.143538437,2.807650783,0.212669956,0.949165063,-0.611062715,1.61931398,1.041710199,1.471451303,0.054504422,-1.255417564,0.46039744,-1.697019813,-0.336185804,0.191080437,2.377224293,0.318548612,0.139537469,-0.063032424,-1.342090905,0.08582584,0.102882676,-0.968608495,-1.186745614,-0.481570683,0.064932979,-0.457554181,-1.05087545,0.289272252,0.538866824,0.121297709,-0.562982714,0.594841021,-0.19053729,-1.189083707,1.036244355,0.353508019,-0.119290306,-1.571052205,-0.744860279,2.018565712,-1.508342062,-0.25134928,-0.016335762,0.320476789,-1.497170936,0.174176256,-1.686105462,0.097428796,-0.652397919,-0.865869267,0.834817159,-0.235606243,0.473710805,0.506826911,1.269953489,-1.208257742,0.919015663,0.016461622,-0.37812458,-1.149250519,0.606590862,-0.922224521,0.517806587,1.927830773,0.97997704,1.391434325,-0.719004777,0.762733046,-1.144214955,-0.233482903,1.741272056,-0.607842206,1.111356184,1.015646733,1.07474125,-1.267001976,0.525200966,-0.156598566,1.088496858,-1.6550004,0.367787889,0.226375203,-1.990116737,-0.885420356,-1.830152213,-0.726355302,0.549217085,0.195365576,0.169400081,-1.039748109,1.120450492,-0.018819678,0.033703812,0.940399569,-0.991345748,0.22854777,0
-2.696886643,-0.054294867,0.523559231,-0.25506482,-0.603864972,0.212811505,1.01440426,0.269566527,-0.443129023,2.132488495,-0.635752682,-1.409630907,0.099815638,-0.255560786,0.947094243,-0.526288691,-0.165153907,-0.865767751,0.807658522,0.143569998,-0.275184763,-0.149990366,-0.021310499,-1.437360958,1.162708382,1.104028312,0.040680389,-0.066190447,-0.996658013,1.727334962,1.485454565,0.394394733,0.820048087,1.230480968,1.027470055,-0.856194971,-0.31112649,0.468182186,0.203324932,0.753059069,0.643725403,0.246971328,-2.603736706,1.172836278,0.839035816,2.069214129,-0.477497586,-1.84290613,-0.18044834,0.456680339,-0.442038862,1.371793668,-0.660139485,-0.100885323,-0.245989927,2.774311459,-0.90607766,0.583731471,-1.201207505,0.342964748,-0.95446718,1.099944565,0.908128616,0.271520256,-1.391429472,-0.053204302,-0.304137703,0.830392864,-0.902488413,1.155061481,0.967387068,-1.374400928,-0.21960308,-0.05133547,1.005947859,-0.686820673,0.207604169,1.099058519,0.251269313,-1.857320945,-0.494520722,0.904232404,0.779375469,-2.24939067,0.200737791,0.946004561,0.538924488,0.653574997,2.06231642,-0.04345314,0.304776545,-0.939495512,-0.634671123,-0.331974238,0.849725657,-0.74760878,1.23462309,-1.093166232,0.639604903,0.552066559,0.257478087,0.984638659,-0.742541369,-0.466126703,-0.963353208,0.009012004,-0.119942087,0.856455059,0.386811691,0.689417324,-0.197129098,0.405674475,1.812735417,-1.345542084,-1.839094273,0.636913022,-0.848542734,-1.381731281,0.53390779,-1.00437615,1.539056085,0.156469614,-0.202605833,-0.821580417,0.215188374,-1.590921339,-2.468290027,-1.554154052,1.137190157,-0.924139145,-1.434502266,-0.088801403,2.224687629,1.091894609,-0.800444747,-0.818464105,-0.795955112,-0.91026463,0.543793298,-0.335948485,-1.113139877,-1.336267123,2.301033609,0.738746221,-0.856090139,1.212359467,-1.152389174,-0.137110493,-0.246564188,0.182326167,0
-0.03275327,-0.543424771,2.116178536,0.577844528,0.197389472,-0.738124488,-0.342292663,1.51012035,-2.484975882,0.056798972,-0.024922879,0.500084817,0.265215413,1.515811055,0.098206146,-0.064108229,0.951790756,1.532831141,0.686846944,1.011543751,-0.217404232,0.125404806,1.485732074,0.52671146,-0.242029876,0.032550555,1.03715129,1.12622701,-0.842131142,0.362591275,-0.007842843,-0.065535848,1.33030795,-0.23753814,-0.575577103,-0.814991304,-0.174546931,-0.735246269,-0.864781763,-0.889970126,-0.830542704,-0.760832389,0.399052722,-1.959982523,-0.701753248,-0.100129907,1.14862462,-0.245927039,-0.153323368,-0.087946704,-1.823687654,0.659093101,0.61742157,0.814496159,2.505848053,-1.298521603,-1.488026665,0.705867315,-0.337489101,-0.985628254,-0.282562468,-0.618343625,1.724777068,2.261812304,-1.635561291,-1.476548813,-0.759368005,-0.689528042,-0.775260447,-0.19423418,-0.446834801,-1.353612593,-1.026808241,1.546338832,-0.357448247,-0.408630892,-1.520437146,-0.463216727,0.96090243,0.595551478,0.811099298,-1.203597076,-1.219617683,1.133435722,0.82627414,-0.258462762,0.853040268,-1.202996372,-1.244468108,-1.617461153,0.361470433,0.216717874,-0.52241652,-0.78039261,2.414548604,-0.259130994,1.388067015,-0.146348434,-0.500712708,1.41665951,0.78996412,-0.024109023,1.133714112,2.520306516,-0.732353367,0.471736647,-0.409210164,-0.934541021,-0.962266786,1.592333146,-1.824760607,0.507859358,-0.825243078,1.772494952,-0.273076649,-0.364007673,1.569509304,0.876800082,0.554226984,0.805811956,-1.083273589,0.741713206,-0.199054214,0.360924699,0.484552926,-1.110509083,0.593822596,-0.18635729,-1.239921446,-0.146565807,0.020025114,0.593631891,-2.388291038,0.38813623,-0.511860057,0.809873446,-0.001866146,-0.333381504,-0.177500396,0.333409742,0.907909408,-0.891111298,-0.343659859,1.469346051,-0.361111693,0.367249731,-1.234191938,-1.714507291,-1.040204865,-0.689892056,1
-1.191303497,0.656553609,-0.35312018,0.030849493,-0.683381037,1.10867442,1.423264921,-0.133390322,-1.386489421,-0.52384317,-0.18398866,0.505538877,-1.008013223,-0.769162319,0.510676138,0.938908832,-0.621594045,-1.333217054,3.284118201,0.783304237,-0.267003762,0.869031276,-0.12445663,0.867156889,0.159393198,0.091271898,-0.113581868,-1.447381333,1.938094899,-0.94153392,-1.360023576,-0.212859883,-0.961471814,-0.051712791,0.687763849,0.995302901,0.814730722,-0.305632055,0.049591828,0.407879051,-1.757787424,0.5705847,-1.457299288,2.040346599,-0.404515085,-0.184875177,-0.769707099,-0.629970032,2.274093569,0.940369689,-1.549202445,1.504212901,1.193242275,-0.281212462,0.306696942,-0.014944079,1.972579904,-0.796290189,0.14601061,-0.428145331,-1.433040405,2.191638255,-1.181566579,0.220129187,-1.740700606,-0.399070539,0.421968821,-0.82473398,0.586801851,-0.269041092,1.160082512,1.361760913,-0.586744761,0.076732859,0.183454226,0.619349295,0.014381996,0.190210959,-0.243406475,0.115239867,1.297940194,0.646083241,0.701255639,0.723070324,-0.153808778,0.318827044,-1.085173678,1.268807656,-2.782960432,-0.087148392,1.140895977,-1.363867934,0.399779918,-0.680766447,-0.368803265,0.945940961,0.198056926,-2.034355868,-0.97642554,0.975335735,0.448942718,1.748135573,1.682647594,-0.34224513,2.503237805,0.02447967,-0.962668534,-0.633639866,-2.256725105,1.607019008,1.594761989,-1.015507439,-0.227884288,0.095607544,-0.960353052,-1.755102031,-0.210357604,-0.321079429,-0.388411241,0.222716063,1.429519659,-0.30309272,0.170442999,0.726870524,0.554142927,-0.614423524,0.096377123,0.54753982,-1.128351338,1.263539011,1.431588905,-0.722780255,0.193670018,0.642278257,-0.545614156,0.481613846,0.163255626,-1.467918178,0.459161316,-1.100142416,0.939202852,-0.671211075,-0.161285434,1.372278913,0.496381647,-1.07947392,-1.014916571,-0.599302789,0.394644083,0.358299815,0
0.191099068,0.046436548,0.830381221,-1.549123937,-2.430199363,0.65486538,-0.212662088,0.655523156,-0.280531836,0.520828698,-0.13528511,-0.719532359,-0.396591105,-0.168460474,0.611237956,-0.17161977,-1.07189045,1.664701622,0.311356095,1.361012417,-1.09250755,-0.253597754,0.190870826,0.657929769,-1.887447756,-1.857730065,-0.661355057,0.546823713,-0.672840056,-0.126962452,0.051851892,-0.828327054,1.464203351,-0.795064883,-2.065116535,-0.982349661,-0.833560181,0.173649205,0.22503033,0.586789263,1.879440955,0.028371481,0.844504307,-0.445009948,0.289556904,-0.348624453,-0.149307978,0.166349542,0.983898097,-0.053834341,-0.056595162,0.313498484,0.878591438,-1.408044357,0.243911077,-1.331090748,1.309210704,0.338746283,1.226586058,-1.664836418,-0.168880321,0.870356945,1.40413666,0.350444317,-0.427628335,-0.269924209,-1.042143339,1.462780049,0.651300241,-0.179289583,0.543936169,-0.110453069,-0.301343747,-0.75541548,-0.737918503,0.380682547,1.047537507,-0.336403051,-0.792837434,0.952455909,0.079038485,-2.232268133,-0.705266787,0.468567072,-0.789733315,0.051188137,-1.244243457,-0.41144669,-1.08690418,-1.231674797,-0.758641815,0.872633764,0.416938849,2.051823007,-0.597762167,1.019188418,1.858208837,1.117959263,1.135705918,0.120800258,0.231492916,-0.921100817,-2.672054269,0.20438685,-0.959520208,-0.425083664,-0.82607707,0.324071973,-0.1996061,1.257387125,-0.723188587,0.180574625,-0.191103511,-0.294222361,-0.07700566,1.520496653,0.843087239,-0.45630602,-0.610755461,-0.782345926,0.115646702,-1.51617275,-0.215524694,0.382066974,-0.725453862,0.040650614,0.265400179,-1.762195228,0.206428454,-0.458863627,1.84748012,0.198110858,-0.918904571,-1.817050915,-0.049564855,1.306075477,-0.605064845,0.314605994,0.7402731,0.687849136,-0.004047135,-0.658249945,-0.259671735,-1.0698187,-0.942752253,0.989725481,0.335126769,0.287627787,-0.717321136,1.197292831,1
0.241962272,-1.913280245,-0.473839347,-0.014452271,0.546284248,0.00642227,-0.436385891,-0.109609804,-0.088362959,-0.37001103,-0.258796063,1.598647171,0.560919448,-0.295480318,0.696954405,-0.33381949,1.173124638,0.369642192,-0.107302144,0.447716926,-1.570876152,-1.126767469,-1.193925006,0.142943095,1.732514999,2.231300146,0.638051101,0.500844475,-1.801057734,-0.5426738,-0.787783752,-0.620847598,-0.168143819,-0.472090578,-1.97929981,0.747910256,-1.072743026,0.239246864,2.07408267,-0.919384592,-2.530287523,-0.286004222,1.100959635,1.958347454,-1.229549594,0.496699223,-0.465310457,-0.105948354,2.644343347,-1.502970328,0.253739661,0.467693172,1.085786325,0.097983153,0.30805054,-0.391648567,0.269126941,-0.343192275,0.62157189,-0.369610336,0.377100394,-0.029262814,1.126050251,-0.051393724,-1.773032468,1.261921501,-0.905732301,-0.653766339,-0.595661294,1.374438093,-2.135674214,3.137748534,1.056056809,0.223238914,-0.054894001,0.285554075,0.521122428,0.645215586,0.555604466,0.089580681,-0.19733842,-0.151273284,-0.19490828,1.133770097,0.593556722,-2.940388635,0.655900777,0.194736195,-0.018708756,-0.388518453,1.12411272,0.947526462,-0.772877668,0.407052287,-0.971656735,-1.379618165,-0.626717225,0.862393472,0.953125045,0.51308542,0.725095787,0.516178287,-0.641481595,0.431922545,0.800409525,0.75429133,1.188913371,0.708303847,0.351448208,1.070150238,-0.026521259,-0.881874651,-0.163066964,-0.744902645,-0.675178275,-0.144518671,-0.792419921,-0.30796153,-1.893614667,0.213293707,0.001205475,-0.817088631,0.659245668,0.937570138,-1.607559864,-0.762724779,-0.76914235,-0.939903101,0.829474842,-0.193826139,-0.264514841,-2.003862364,0.63541803,-1.239258395,0.05993263,0.277376938,1.360658596,-1.308820399,-3.019512156,0.183849545,1.800511182,1.238946353,0.209659415,-0.491636186,0.807122597,-0.9735462,0.476357769,0.505470159,1.060209907,2.759660039,1
-0.592393924,-0.86399077,-0.422531309,-0.268810612,0.137627864,1.401046508,-0.554901019,-0.754413245,0.695676868,1.209254734,-0.052790694,0.670439908,0.112446764,-0.251244606,-0.829278198,-1.153859901,-0.614766062,-0.976059186,0.283482533,1.217545767,0.204009351,-0.92070334,0.855377081,0.296881496,0.494826021,-0.519367711,1.133376572,1.128265698,-0.184067145,0.718451847,1.101489152,-0.465372226,-0.081238648,0.079791357,-1.097820158,0.441662512,1.022522816,-0.143886016,0.339850054,1.398580796,-0.405151875,0.360264998,-0.569812202,-0.597106299,0.341893261,0.241369567,0.55506984,0.07615875,0.465142817,1.665518972,1.059910405,0.338381699,0.504906998,-0.298902014,-0.159189091,0.492460931,0.087650225,0.793018676,1.267073003,-0.101765961,-2.009216539,2.034188926,-0.652494433,0.195161703,0.727492287,1.408973539,1.806034209,-0.363873138,1.189689767,0.197979913,2.74320367,1.100444724,-0.177474088,-0.793072817,-2.626589725,0.67467593,1.008448758,0.745460444,-2.353414447,-1.25801099,0.480823478,1.785523735,-0.055553803,1.091518257,-1.034406823,0.207128033,-0.274660131,1.187589474,-0.539836331,1.677012684,-0.307712484,-1.069862996,-1.036307318,-0.622427132,0.370567328,-0.609979975,-0.820477376,0.889808052,-3.21121861,-0.429881636,-1.334238148,-0.868554438,0.243749924,-0.205232645,-0.295565964,1.189508879,-0.01361816,1.806056874,0.712191778,-0.966709722,1.93409197,0.278105344,1.871747859,-0.266095543,0.272231747,0.432114165,-0.168113774,1.271919996,1.932582009,-2.293426279,0.814818375,-0.89450381,-2.592808454,0.517018256,0.519273497,0.680127175,0.371027878,0.875025223,-0.603048801,0.263334389,0.698166268,1.352956123,0.043845473,-0.213795565,-0.055238895,-1.193593105,0.769624286,-1.457316907,0.390964103,0.084574222,-1.550972565,-1.493946102,-0.853691473,-0.343941977,1.480479282,-0.110735166,0.546486936,1.266605377,1.073167291,-0.007059713,1
-0.875618253,-1.382799731,-0.923319054,-1.034002844,-1.071304731,-1.2130027,-1.076092846,0.924788209,0.557849821,-1.696002187,-0.510166985,-1.157836589,0.861530197,-0.449645736,-1.544427423,0.170165068,0.606492108,-0.953698433,-0.264915917,-0.902395485,1.244047392,-0.431358137,-0.721838197,-0.051325494,-0.20754933,0.688493394,1.216047226,1.223623251,-0.381907361,0.305113633,1.48849991,1.526998808,-0.875906155,0.592245217,0.423205573,0.926387544,1.243617568,-1.040976009,-0.690678305,0.907608756,0.148030755,-2.227241208,-1.666282442,0.662573141,0.839110923,-1.349487704,1.099167562,-0.197147331,-1.02247413,-0.56029589,-1.222743226,-0.615910983,-1.868897971,-0.073832949,0.587118688,-1.347424967,0.017020271,-0.804652028,0.668800835,-2.314407091,0.711888848,-1.817756597,-0.209940346,-0.708918116,-0.360702927,-1.529390757,1.660137641,-1.286563078,-1.207653606,1.794820585,0.322701636,-1.254256523,-0.128787676,-0.235729469,-1.687650838,-0.758262594,-0.026380712,1.266417906,-0.188829843,-0.113645208,-0.815166671,1.095890781,0.902321752,0.789334773,0.111838865,-1.598573562,1.086669899,0.057329748,-0.308591521,0.448459062,0.224189704,-1.069197994,-0.320797861,-1.904092792,0.086026635,1.330127767,-1.795615137,0.12862807,0.668478534,0.816356984,-0.746189761,-1.10223073,-0.587051965,1.19087103,-1.709555645,-1.215966995,-0.458769485,-0.975671218,-0.041672735,1.414525939,-1.203818447,-0.146366176,-0.008250969,-0.334586249,-1.578424976,-0.637825522,-0.634836352,0.633503956,0.419579298,-1.55189575,-0.387136358,-0.500255208,1.954695284,0.29231318,-1.077438419,-0.776797923,-0.378545399,0.362367575,0.484920946,0.200482643,-0.209765246,-0.136000324,-0.128969226,-1.782909897,-0.061291622,-0.577254056,-1.652830221,2.417882578,0.311303606,0.013103258,-0.371127991,0.730222459,-1.162300259,-0.312704292,-0.952170883,0.721562854,-0.826741146,1.101327812,-0.099275388,0.774490097,1
0.721672064,-1.129051771,-0.190699559,1.104543176,-0.616332721,-1.085955461,0.880548562,1.116068715,-0.604896406,0.487612801,-0.040599899,-0.590667075,1.168732271,-0.663970327,0.756003202,0.068076287,-0.172496619,-0.555225908,-0.986615268,-0.249902243,-0.512418073,0.092516451,-1.19745021,-0.15167495,0.405962939,-0.673273998,0.740982434,0.849565135,-1.207149451,-0.758405702,-1.340428338,0.423079444,0.127878024,-1.601127023,-0.652045247,0.308321839,0.112951968,1.210153714,-1.151919565,-0.008896768,-1.001759986,0.110153518,-0.181053877,0.271757907,-0.409152055,0.762327777,-0.714680089,-1.015271947,0.22522499,1.853869844,-1.521321382,-1.144552417,0.231553624,1.127225091,0.306434451,-0.607996706,0.420295494,0.516332018,-0.680189652,0.824845545,-0.034516744,-1.749697266,-0.134830184,-0.569062758,1.304891878,-1.328951272,-0.483123409,0.257206796,2.419038271,1.954924459,-0.045237514,0.349292682,0.601984854,-1.012435491,0.010142386,1.35621756,0.141613423,1.949804797,-0.445638673,-0.088652479,-0.08070148,-1.301343988,1.105971253,-0.333746982,0.258115864,-0.598376234,1.725163322,1.232655984,0.05835096,-1.224194117,0.743951913,1.082975696,-0.927313966,-0.143394019,0.076847466,1.086977491,-0.151344817,0.962043122,-0.7728963,-1.055427785,1.831521142,-1.312442,-0.75123367,0.784952924,-0.530653217,-0.557310443,-0.197521705,-2.155974778,1.120598463,0.175884258,-0.811440491,-1.716303519,-1.365356781,-1.594302822,0.227260637,0.237242066,0.612158702,0.732586938,0.62816388,1.537842666,1.195241458,0.958394148,0.236779597,0.720738843,-0.410605179,-0.220999276,1.721414775,-0.557115048,-0.63071888,-0.36207269,-0.54930549,-0.464547924,0.242298438,0.275032971,0.911092526,2.188077216,-0.368340324,-0.065562078,-1.83794917,-1.292307591,-0.146211177,0.463582314,0.491382776,0.617080226,1.257466607,1.705687811,-0.243396409,-0.802126129,0.65488776,0.933823896,1
-0.254977217,1.503992989,1.264083552,-0.437617736,-0.126953599,0.190738133,-0.236578667,0.177319196,0.673436229,-0.113976065,-0.121798797,0.266661792,-0.399168402,-0.349713262,-0.898860288,-0.042141453,0.447749853,-0.26913734,-0.773511049,-0.096216681,0.397087844,0.12796929,2.229549972,-0.65641591,-0.150316898,0.779297465,-0.694679851,1.928218878,0.00461607,0.561143788,0.019013636,1.018637945,-1.062844499,1.571847528,0.231718805,0.658458877,-0.738375319,0.337243014,-0.967989962,1.175644431,-1.289808418,0.154173418,-0.388426115,-1.562627888,-0.93535873,0.449593727,-0.896556998,-0.669170565,0.373344573,0.914841516,0.660776521,-0.046577024,0.217639064,0.11874575,-1.036355977,0.279439091,-1.045259548,0.614276141,0.13513564,-2.164200068,0.979117177,-0.522031744,-0.604804,0.955903542,-0.163261982,0.597412173,-0.653355646,0.80366925,0.19720036,0.404916661,-0.178523618,1.629769934,1.870443207,-2.203717214,0.926355742,-1.07974064,0.509676844,-1.777676081,0.403238221,-0.836237541,-0.458821048,-0.432094175,-0.734550721,-0.707408502,-0.398014158,-0.15393119,0.323131871,1.860709096,-0.946875872,0.126708688,0.772652424,-0.708891952,-2.257269999,-1.909277915,-2.220489673,1.540116885,0.614155291,0.755975361,0.981408072,-0.575470707,2.303044698,0.335466593,-0.072772517,1.110001815,0.667299873,1.33504593,1.393833245,-0.353246543,0.187024821,-0.909195367,-1.628282172,0.836797218,0.957035864,-1.98223994,-0.717208063,0.056083398,0.151387742,2.045000911,-0.626938118,-0.171306475,0.649857374,-0.350203092,-0.50497613,-0.58705991,0.232980255,-0.175690443,0.682479971,0.35745814,-2.915389804,-1.751526574,-0.500762715,0.980002589,-0.65167844,0.374591152,0.598495736,0.540266258,-0.54742428,-1.148087509,-1.312224386,2.970935204,0.455426297,1.84058291,-0.833110262,1.248318443,-0.476810687,-0.028948443,-0.286363786,-0.879436051,-0.864235683,-0.039107303,2
-0.908024076,-1.412303701,-1.517873747,-0.357029201,0.890383164,0.575205016,0.500665721,0.049773687,0.007063159,-0.660321139,0.69882842,0.420972944,0.492018848,-0.526034843,-2.15334292,1.097152712,-0.478837456,-0.862775764,0.693478912,-0.39201264,1.059936384,0.61700595,0.683569323,-1.365955711,1.211943985,0.261250531,-0.369277139,0.143388467,-1.776235233,0.408652811,-1.029371508,-1.352670286,-1.522359186,1.112688375,-0.629263394,1.53372771,-0.535801463,-1.707357958,-1.11652444,1.23581162,-0.155898178,-0.548287296,0.160018226,0.501782736,1.117398816,1.44849923,-0.359768646,-1.326047686,-0.413465161,0.260280507,-0.963758926,-0.957150915,0.343787882,-0.048652352,0.032796995,-0.758495335,-0.230400714,-0.924233144,0.890198411,1.035249335,-1.846187862,-0.92951086,-1.496529255,-0.650023934,-0.08343797,-1.44964522,-0.921859813,-1.003957372,0.207267329,0.069344337,-0.721737553,0.176820872,-0.546680085,-0.27165511,1.67345209,1.340461052,-1.299581237,0.829732418,0.811396554,-1.148263289,0.818777644,1.537931918,-1.122544806,-0.917502821,1.017661467,0.271495311,0.551476275,0.340589216,0.390695921,-1.326472128,1.047317707,1.169589992,-0.229390744,-0.04347695,-1.531107503,0.514254756,0.572057442,-0.062191017,1.12435336,-0.334077231,0.564605926,-1.019664339,-0.023552151,-0.174354258,0.225307922,-0.369526929,-0.131472596,0.826047171,-0.436764237,-1.606577101,1.749583904,1.381454079,-1.292262695,0.689707805,-0.502974771,0.263487215,0.294224129,-0.2344078,-0.783765666,-0.690541052,-0.916191915,-0.831822208,-0.06717829,-0.715759989,0.682052066,1.487246155,-0.580053241,0.239404501,0.49968511,0.472002271,0.075955268,0.742682418,0.482248953,-1.237662422,0.869156064,0.887290837,-0.763286104,0.037937835,0.683328993,-0.20931382,1.072978048,2.363872495,-0.785986033,-1.381044603,0.303818596,0.721562505,-0.230866374,1.453260663,-1.3386058,0.692918623,1
-0.487606224,-0.432558188,1.072274429,-1.547807316,-0.00155887,1.249653444,1.316790515,-0.432667799,1.009230585,-1.122931093,-0.667369699,0.230409535,0.377751113,-1.047726901,1.862276655,-1.877462836,0.05420388,0.195907495,-1.746959665,1.324129402,-0.740476399,0.098455189,0.328038298,-1.454257958,-1.072138286,1.563027827,-0.065831642,-2.697057485,-0.30192165,-0.032901891,0.219370648,-1.998877736,-0.029308621,-0.832652075,0.221034543,0.506336005,0.39999413,1.403973256,2.190570134,-1.133603519,-0.38198035,0.743061744,-0.126796114,-2.722786046,-0.192546711,1.234146987,-1.394741442,0.220504513,-1.907361466,0.870029642,0.241564281,-0.568083779,-0.417949531,-1.499068071,1.007632066,-0.799350792,0.500298769,-0.961910374,2.198402766,1.559664738,2.073744615,2.19052923,-0.63452086,-0.884131269,2.026134521,-0.141070972,0.833217938,-0.620681282,-0.604233092,0.829958332,-1.969873784,0.783174975,0.5244738,-0.530154415,0.024183246,0.180854532,0.237027652,0.690143058,-0.814982491,2.697725631,-0.205594048,-0.130694212,1.944689269,-1.82904713,1.934256248,0.093460108,-0.530176456,-1.11965234,-1.269101722,-0.341823565,0.277983277,0.622496539,0.266016183,-0.510207804,1.339512477,2.673803107,1.494624986,-0.359291091,0.502078733,0.566174836,1.603676409,-0.338180767,-0.964917434,1.133851292,0.406377095,-1.108761313,0.705573659,1.838255461,-0.693759539,-0.891001585,0.030063752,0.680299495,-0.074913332,1.134425276,0.260707291,1.01165367,-0.720824713,-1.227721601,-0.340033692,-1.346446671,0.409324474,-2.016703905,-0.452727215,-0.28595744,-1.046636481,-0.306353689,0.004271581,1.269232794,-1.040735945,0.357337291,0.555758779,-0.021168551,-0.498041696,-1.138991865,1.898565459,0.072640503,-0.31555599,2.121550092,0.222286586,2.543497762,-1.416318846,-0.237138867,-1.370019247,-0.12212328,-0.126907924,-0.45803192,0.053888607,-0.409297123,-0.110373336,-0.755792225,0
-0.783253292,-0.322061516,1.271030099,-0.327073431,-0.297949365,0.453221902,1.474482007,0.408610748,-0.697541942,-1.618822572,-1.115126263,0.07321945,-0.655327523,0.194967706,-0.552924016,-1.058146431,-1.177031631,1.562354509,0.888987749,1.730517952,0.539950901,-0.429991409,1.323340922,-0.033068001,0.22084177,-0.042824379,-2.946904219,1.604735012,0.491003946,0.329823061,-0.061776062,0.16342782,-0.597278936,0.616579352,-1.307098344,0.186068432,0.561573471,-0.198669134,0.370867792,-0.991334392,-0.965826771,0.236717121,0.678549655,-1.874865656,0.522020635,-0.5432015,-0.192806087,-1.339517924,-0.85161724,0.966125326,0.032863374,-0.382778402,-0.116488353,0.489211825,0.440494496,-0.075027,1.092959111,0.970462637,0.413372029,0.054611783,0.657321095,0.314267422,1.060800072,0.899561377,-1.018253901,-1.085963171,-0.701249544,0.97613869,-1.576308997,0.394757389,0.362543091,1.162648059,0.180338691,-1.343209391,-0.959354961,-1.181995522,-0.537943966,-0.182901567,-1.165441526,1.470661991,-1.325281372,1.346103424,1.185163031,0.89830255,-0.693766607,0.342450879,-1.277371134,0.910907035,-0.073984782,-0.409320215,-1.223744847,-2.477506119,-1.038540857,1.112798196,-0.402833428,-0.169328857,0.655554358,1.805668878,1.325004655,-0.972335004,-1.942570571,2.359614259,2.268991612,0.188453596,-1.270488246,0.963226534,-0.107983686,-0.112981123,0.894458843,0.334374747,-1.185814911,-0.324741935,0.661152929,0.510252222,0.262016574,0.933422954,-0.361716988,0.178669775,-3.3755791,-0.449650194,0.763902909,-0.390394467,-0.466227392,-1.041452952,1.003365893,0.548463274,0.825414598,-1.726213962,-0.160450043,-0.280111008,-0.280571707,-0.616027544,-0.346104272,0.849644783,-1.912851353,1.777294768,0.483841125,-0.042331896,0.906834146,-1.451834745,-0.664700905,-0.121075432,1.36556037,-0.046496581,0.450054671,-0.589578996,0.486842069,1.677239593,0.995526692,-0.081455988,0
-0.034684887,0.234214733,1.389943817,0.760909138,-0.334572029,-0.632576546,-1.779007458,-0.673144804,-1.098402511,0.054516574,1.668574674,-0.395188832,-1.452728769,-0.195995318,-0.440818793,1.261092012,-1.884798813,-0.991636778,0.760995384,-1.569558607,0.573788221,-0.665351923,1.026263638,-0.048961819,-0.159666816,0.598804478,0.019057764,-1.236119219,-0.520841086,-1.627149605,-0.864336379,-2.138808385,2.338215602,-0.0263202,0.533059501,-0.835243123,0.525650813,0.773789831,0.93623314,-0.082625707,1.015434395,-0.607652998,0.374150203,0.048270739,-1.175151457,-1.829816776,-0.298982143,-0.295322283,-0.269634574,1.049984712,1.376192783,0.657214356,0.587244697,-0.079919813,0.176583452,0.42957445,0.140060482,0.592548969,0.045797984,-0.495224539,0.261475075,-0.236003449,1.452312204,-0.427389625,2.8597093,1.639677139,-1.132604663,1.251660824,-0.125482782,0.565545417,1.576683595,-0.775012846,-0.46339327,0.753424597,-0.366769543,-2.224847705,0.963698399,0.369406346,-0.023334497,0.125138915,2.238312809,1.0126635,-0.860964696,0.123068594,1.185966308,1.164888214,-1.502450205,-0.501280488,-1.133946544,0.639664839,-0.907108622,1.554673109,1.295309355,-0.246809481,-1.264811171,-0.788986911,0.451072113,0.852186882,-0.038453951,-2.568027262,0.680045176,-2.020414561,-2.119116055,0.998282805,-1.185973301,0.250609091,0.091944091,-0.805319862,0.206126616,-0.550335252,0.047563939,-0.386198504,-0.501455931,-0.659643197,-0.898450066,0.852510359,-0.452913968,-1.131583173,-0.408979444,-0.527825975,-0.394072853,0.713425703,-0.627771819,-0.379558443,0.643148429,0.443930588,-0.687087437,0.966028545,0.909416877,0.839167974,0.302563332,-0.1736577,-1.0741806,-1.383600006,-0.084792029,0.014202103,-0.261192479,-0.111001147,1.363613352,1.627365105,-1.105946036,0.288514443,0.051968866,0.674964823,1.733543903,2.187999968,0.719620227,0.040070789,-0.362564044,2.486779357,0
-1.067620429,-0.142379485,-0.719318568,1.160472505,-0.354236313,-0.982008413,0.882273043,0.576854237,0.094393907,1.124582628,1.195635243,-0.082822909,1.974326388,1.583389953,-1.98429845,-1.030117423,-2.25529182,-0.324714995,-1.211218198,-0.814318399,1.090568147,-1.75482906,0.129735741,0.123676442,-0.082389288,0.130778682,-2.23228171,-0.809554516,1.543000865,-1.196871086,1.666610814,-1.406822412,-1.527040632,-0.951778817,1.129082968,-0.54612083,0.345406988,0.073636922,-0.054462183,1.274118093,0.771517941,-1.142903197,-0.275570784,1.74343982,0.319561789,-1.507845964,-1.437038902,0.890145309,0.702437317,-0.921365575,0.747630179,1.599392137,1.45785884,1.604278037,0.555488775,-0.177659819,-0.40248008,-0.017386889,-0.876023304,-0.359298725,1.275119748,-1.609071008,-1.540669726,0.830530604,-0.350172925,-1.925643025,-0.061334156,-0.204121585,-0.431084476,0.685706026,-1.333195569,0.012985415,-0.210972495,0.037825228,-1.732186158,-0.522648888,0.019769191,0.541159636,1.846396505,0.805948389,0.461155201,1.271474792,-0.303822447,1.553928164,1.11927279,-0.445877791,1.923955176,0.446935315,2.192968976,0.303182254,-0.56192986,-0.767536643,-0.355743455,-0.571294942,1.271388557,-0.028974245,-1.614022673,0.213004316,0.125513043,-0.468607621,0.267592022,-0.044109433,0.633765367,0.574978939,0.364902856,-1.298855904,2.119016728,-1.555985703,-0.128709177,-1.094433351,0.396338162,0.138405725,-0.168766085,1.517772784,1.108495917,-0.327115343,0.804134642,1.564680258,1.10134504,-0.136218585,-1.590300901,0.324647905,0.668610335,-0.7696169,0.022545267,-0.082887809,1.387710636,1.853816176,1.17521447,-0.085555683,1.147716247,0.648788206,-0.074899576,2.092390289,-0.73801844,0.603908976,0.839560646,-0.28749884,0.559138188,0.94549725,0.244634421,0.472495563,0.105431123,0.797520112,-0.228978669,-0.311797783,0.020560154,1.183668874,-1.747363149,-0.909369317,0
0.833922155,0.459180079,1.682892037,-0.407488795,-0.317452222,0.022746525,-0.399457079,-0.178164301,1.02849598,-0.06631229,0.29004916,2.033185917,1.464306898,-1.046681162,1.74431525,1.376898263,1.494387002,-0.62549646,0.211554441,-0.391621874,0.12103103,1.751777388,0.140058214,-1.719923973,-0.373109565,-0.654531419,1.789817579,-0.813114259,-0.407184778,-0.372585352,1.599606517,0.96037898,0.567977245,0.232894834,0.215081056,0.076148319,2.055297657,-1.267066826,-2.76544839,0.443021,1.402726038,0.185553238,-1.980084356,0.745818394,-1.064884901,-1.283626913,-0.977773936,-1.608655048,0.203337857,-0.647838555,-1.330494277,2.379878604,-0.531383078,0.051720137,1.55402997,0.677492889,1.908455781,-0.696113348,1.047428297,0.490538326,0.995037235,0.844373185,-0.771963968,2.823426903,-2.260662292,-0.864236146,0.681130498,0.290647711,0.133912127,0.715561041,-0.842775519,0.839913943,-0.129192484,1.400959278,-0.304621325,0.467806029,0.63746471,0.905179651,0.037372454,-0.28651831,-0.775009582,0.486165238,-1.897317013,0.308910511,0.383294533,1.874016444,-0.660656847,0.187718208,0.159062802,-1.106051566,-0.00550727,-1.341555938,0.962964636,0.590730171,0.431569462,-0.636960817,1.418764717,-1.084801511,0.050019556,-1.169192269,-0.183208726,1.27105516,0.472407877,-0.921023933,-0.522072913,-0.379477537,-0.834299719,0.272588807,2.183821228,-0.559429589,1.929816307,-0.003616125,0.322168984,0.260863753,-1.696352598,0.454692531,-2.432038301,0.209222171,0.162787444,-1.534914905,0.064770911,-0.292882194,-0.153687187,-0.143571349,-0.589058074,0.075699573,0.865663106,-0.238953285,-0.050251839,0.649160041,2.269592912,-0.192805397,-1.70227353,-0.896687536,0.602443663,1.512624273,-0.945705309,-0.043419823,0.01928609,-0.768821091,1.535233341,1.164075622,0.34415334,-0.419904468,0.956227174,0.513935995,-0.437041448,0.971468252,0.369232848,-1.660692041,2
0.654365656,-0.055584671,1.285536819,0.57871375,1.464462512,-0.976471798,0.956510881,-0.742747168,-2.39642495,0.895916698,-0.006401936,0.962414054,0.092012991,0.021475216,1.497703469,0.118293554,-0.475500234,-0.088375116,0.157638553,-2.84465312,0.491105163,1.358904534,-0.048988788,-0.420757659,0.387767519,1.743547391,0.469194862,0.214373648,-0.390579249,-1.069496405,0.023407583,0.041576761,-1.932097266,-0.726783646,1.158861262,-0.258069576,-2.455825732,1.601175347,-0.891509078,-0.470267295,1.062254122,-0.74207345,-1.969960568,0.21756553,0.796842155,-0.469110598,-0.122843813,-1.179796242,-0.995463582,-0.3216773,0.648612229,0.097774743,1.020049299,1.653610975,0.88657217,-1.589963442,-0.283778036,0.876995651,-0.119544946,-1.619340869,-0.551978921,-2.272451717,-0.277495624,-0.684921274,-0.360645921,1.181475171,-1.331401356,-0.718215831,-1.141762428,1.07133608,1.13123722,0.360075266,0.308289603,-1.200338225,0.199188987,-1.121910414,0.041193954,-0.343348501,-0.594166883,0.028302359,0.677261901,1.775456918,0.550984938,2.277989805,0.200925037,1.78388733,0.435584088,0.239789582,-0.168227995,0.299100958,0.431578499,-1.417452794,0.700054054,-1.483993813,0.701171354,0.598953431,1.421247526,-0.862102488,-0.987102598,1.10725855,-1.074839257,-1.173233308,0.208617909,-0.046691543,0.155355336,0.537726701,0.543310308,-0.07787286,0.048153287,-0.066985269,0.035274358,-1.387448904,0.75638996,1.049033379,0.637429222,0.560503236,-0.99060115,-1.415257925,0.830892778,0.028568439,0.169532383,0.21449162,0.257052766,0.646540735,-0.095428272,-1.905093475,0.688405514,0.577546626,-1.294644562,-1.166046743,0.882991273,1.119073622,-2.663640631,0.44084306,-0.22064635,0.074164232,0.131277799,-0.762142727,0.652670269,-0.688149439,0.747012807,0.969029154,-0.872158984,-0.847719362,0.113655536,1.503656606,-0.592709024,-0.403196465,0.321072142,0.656780423,1
-0.44429326,0.377300493,-1.151385078,-1.001881559,0.079172483,0.441339085,-0.892802456,-0.948930983,0.13811211,0.111149899,-0.700238738,1.828720323,0.184391175,-0.170165077,-0.386090463,1.008831954,0.545044396,-1.73764447,-0.695811157,-0.446786208,-0.011951151,0.627134911,-1.070151987,-0.07940748,1.699266584,0.029060402,-0.69429543,-1.334211795,-0.486902125,-1.078748302,-0.394600077,0.542183638,0.036959024,-0.480015249,-1.790682926,0.831995007,-0.352482047,0.107986711,-0.911735679,-0.408956357,-0.579915389,-1.33391881,-0.907964522,-0.014707348,0.298572519,-0.683933657,-1.202699207,-0.356438047,0.779629222,-0.939152569,0.012882127,-0.660439415,1.128510491,-0.506605791,0.662006099,1.015068497,1.541480641,-1.353312139,-1.398110319,1.165219463,1.001483972,-0.616927462,-3.236993693,0.080887119,-1.517497758,-0.827699477,0.181192448,0.315643308,1.581314716,-0.372736559,-0.976302593,0.917291979,0.377070563,-0.363131933,0.031760494,-0.378033671,0.692036195,1.68793949,-0.725490115,0.420891331,-1.529756528,-1.072559831,0.562557552,-0.070400852,-1.109166457,0.008761536,0.878913014,-1.446926818,1.746536497,0.573028051,0.592963418,-0.001345255,1.747128232,0.962322909,-0.367576002,0.757389677,-0.733140529,-0.280248322,1.466633736,0.387583404,0.661523627,1.169625088,0.548223237,-0.81117835,1.661281289,0.51614731,0.586797077,0.055875845,1.110760479,1.914956308,-0.375343092,1.065415025,0.034372702,-1.998107375,-1.404055007,0.424291407,1.010354824,0.609075456,0.769098565,2.589605672,0.528383489,-0.264922248,-0.126644554,1.635001734,-1.269189012,1.237959557,0.016167744,-0.831579408,-1.450149093,1.480593677,-0.857362112,0.062361964,-0.97475017,1.965859893,0.098173026,-1.346379119,-0.428815553,1.393135224,-0.976831542,-0.36143127,1.187152317,0.342290873,-1.219457897,0.223352224,-0.152750082,0.052414883,0.946557749,0.240585262,-0.092782455,-0.141909851,0
0.593101258,-0.309546439,1.125841518,-0.813505353,0.203883366,0.290635619,-0.221375233,-0.638322594,-0.75533685,-0.42063916,0.737624918,-0.358337672,-0.099138923,-1.156970982,-0.474348758,0.229355968,-1.667222853,1.044892934,-0.592861288,1.76298756,0.419984609,-1.834847964,0.277527853,-0.318024014,0.289983758,1.616735776,0.704972194,-0.225725784,-1.396875939,0.872777971,0.509733324,1.157902118,-0.142863228,0.295109067,-0.246263703,0.086848085,-1.514522308,0.31826909,0.382395011,-0.503852073,0.606656219,0.872561817,1.400164688,-1.020051855,0.669384809,1.337899675,-0.350795158,1.394919135,-0.725907027,0.069708742,-1.727032887,-1.867259646,-1.55337495,1.41873358,-0.775589011,-0.773050951,0.408249545,-0.743554142,1.204990258,1.86364485,-2.221662905,0.520261652,-2.060482203,-1.360128826,0.477647982,-0.943697669,0.260920257,0.031060472,-1.648063553,0.657412873,0.298997658,0.038826688,-0.648049522,0.389669937,-1.293894822,-1.008027404,0.320927739,1.030152164,-0.477130382,0.457010904,0.204958182,0.414304578,-0.691783371,-0.149247155,-0.038234646,1.498387532,-1.104496129,-1.403790185,2.999389572,0.308969747,0.548506638,0.642167453,0.771885222,0.898998987,0.776457227,1.127020239,0.167391272,1.072224731,1.891986472,0.195915773,0.48078551,-0.579810416,-0.164827026,0.35285294,-0.389233941,0.092478708,0.341327983,1.520622749,-0.863792499,0.420163052,-0.604164567,0.766036314,0.845499436,1.677461272,-0.425688069,0.145559385,0.804060071,0.65863697,-2.487799075,-0.687446672,0.570116422,-0.209795854,0.811451151,1.042074086,-0.213490465,0.60082321,1.456141904,1.01850343,-0.770647126,-0.185133453,0.027480653,-0.93522598,1.069994415,-0.644955547,-0.101424283,1.071840509,-0.450993186,-0.336608178,0.338050215,-0.408913833,1.53261095,-0.915444878,-2.294812866,0.842996542,-0.357568672,-0.807630675,0.383914016,0.419391141,-0.761883329,1.186889319,1
-1.918771215,-0.026513875,-0.001621717,-0.177168115,0.248893969,-0.391156372,-0.429037248,-1.704785906,-0.247954207,-0.479968146,-0.515980989,0.416873063,0.658631953,0.232194505,0.99541519,0.575561926,-0.29505619,-0.462856286,0.312822237,0.57376711,1.397844307,1.191173045,-0.541473007,-0.10200628,0.671017805,1.067997778,0.938969469,-0.063877833,-1.254022652,-0.998936376,0.272633514,0.342225579,-1.098679373,0.044569611,0.631224357,-1.151226658,1.104997202,-0.377531149,1.257613113,-0.533452446,-1.026625483,-0.45813699,-0.095148123,-0.388479907,-0.216001422,0.33396515,-0.17117937,-0.066112394,-1.709226399,0.391698016,-0.089203298,1.61029298,-0.939565167,-1.808295328,0.618068494,0.346527018,-1.008433021,-1.529748955,1.537396731,1.414110391,-2.487456759,-0.458223029,1.664192055,-0.476062558,-0.490612234,-0.282759328,-1.120896974,-1.704775744,1.052547311,-1.842936906,0.247271452,0.886579493,-1.451226299,-0.924268403,1.213179188,0.53289172,-0.617285707,1.202249003,1.206535723,0.269052693,-0.900160228,-0.413448703,0.286386744,-0.188594829,0.938957178,-1.52977408,-1.494263529,0.180871111,-0.491544414,-0.627048615,-1.768056719,0.019545845,-0.052755108,0.653478982,0.068906133,-0.132604078,1.177000637,-1.312467303,0.536389219,-1.671147165,-0.83836188,-1.212657133,0.781942535,-0.065410234,-0.013503245,-1.106732988,-0.299693496,-0.763465303,0.383455015,-0.991091135,1.329794365,-1.67558045,-0.806519832,1.67720051,-0.435138748,-1.314878664,0.219071563,-0.475392242,-0.835870256,-1.095870811,2.768373606,-0.2515519,-1.92556736,1.493709759,0.611070905,-0.766466431,-0.933119089,0.673472796,-0.246918327,-1.925977818,1.787239965,-0.433990462,1.495571736,1.278434958,-1.001009544,1.033189864,-0.65144255,-1.866700587,-0.424598166,0.397637502,-0.462736648,-0.307048341,1.143566045,0.10649398,-0.843298311,0.702030324,0.197675567,-2.521604801,0.428352914,0.391828708,0
-0.601706612,1.852278185,-1.05014074,0.757495149,1.370536144,0.6952029,0.283751024,-0.987873341,-0.846850966,1.249618905,0.779349004,-0.039019519,-0.417909546,-2.025807873,-1.070852419,1.911419087,-1.280455571,0.189479821,1.007443973,-1.254922668,0.184710475,0.937915538,0.012499322,2.868403056,-1.668599259,1.05872853,-0.172801737,0.771920155,0.441307152,-0.733156197,0.228996392,-1.857901451,0.603247501,0.298158466,0.638660169,1.058118325,0.36761984,0.14808942,-0.881068337,-0.712220764,1.18673462,1.436335406,-0.238110436,0.046002747,-0.904614375,1.172756845,0.665416824,1.941217436,-0.878323077,-0.378007899,0.231445923,0.646489538,-0.215667638,-0.87296109,0.881407529,0.721135363,-0.916274101,1.355442801,1.170198709,0.134296497,0.079597862,0.554057771,-0.86170307,0.030031479,-2.152383545,0.876455646,-1.561493222,1.503419828,-0.330120094,-0.211666982,-0.627733906,-0.288038874,1.418531345,-2.487808657,1.276965386,0.338023481,-1.207021648,-1.075312393,1.676393027,-0.94550688,-1.153350511,1.137314542,0.338552876,-0.937925577,0.216624975,-1.025752684,1.100821398,1.061370965,0.532006199,0.361661061,1.761188125,-0.000313673,-1.181874125,0.449473913,2.08604705,-1.014759493,-0.361462767,0.416446038,-0.053904849,-0.98230358,1.121857856,2.320040722,0.196131459,-0.90406829,-1.548960525,0.257975981,1.103877343,0.475167746,-0.002403841,-0.589271652,-1.092163633,0.834751326,0.913771621,-1.545729787,1.589838978,0.574071221,1.399594645,-1.342127748,-1.365824155,-0.14896931,0.502784427,1.796360823,0.706078914,-0.242681277,-1.026369208,1.230000573,-0.964705426,1.628468555,-0.28438465,1.590582073,0.67893129,-0.136995489,-0.519396372,-0.340907877,0.428316692,0.077156496,-0.593811408,-0.16563141,0.07857703,-2.128734094,0.458168115,-0.979721225,-1.153332403,-1.687344347,-1.793892498,-1.355447503,-0.709020958,1.953259138,-0.525879676,0.177750106,2
-1.328186049,0.196861236,-0.856498237,0.097670377,-1.264498407,-1.793106453,-0.38281719,-0.123728946,-0.397679694,-1.184030558,-0.399899062,0.269294753,-0.04489303,0.182501031,-0.6701152,1.171717915,-1.176173337,0.487560297,1.181891093,0.480908093,-0.202524227,-0.528297047,1.036087651,-1.422974925,-0.97012426,-0.397557765,1.237653758,0.379767636,-0.968045759,-0.310307705,-0.614323144,-0.709788992,0.978889559,-1.371743129,1.608780856,0.82822969,1.090861671,-0.462939512,-0.149940719,-1.433151815,-0.524662407,0.493654848,1.296063062,-1.107156817,-0.365505937,-0.15129922,-1.395789202,0.591349242,-0.723990332,-0.195390351,-0.451949372,-0.789338506,-0.007044985,-0.215609579,-0.371857882,-0.728461622,0.319524671,1.653617268,0.139887233,0.996118215,-1.390221925,0.157761439,-1.097368319,-1.476924928,-0.739371407,1.191899334,0.950015829,0.243004722,-1.53270056,-0.196280651,0.301700009,0.17553623,-1.843793583,-0.890317848,-0.064077764,0.53629091,-2.196127821,-0.162123975,0.14304877,0.849611989,0.692857584,0.582571319,-0.799940507,-1.908002137,-0.393052757,1.001631825,1.393454528,0.710549102,0.429340823,0.379639648,-0.556118747,-0.130060294,1.669069526,-0.942558006,1.614778791,-0.322028154,1.325432109,-1.406815009,0.585904201,-0.736770136,-1.415267192,0.218534042,1.009471789,-0.844941439,-1.49901596,-0.091844764,-0.087435329,0.548319628,0.949594571,-0.059415181,1.855503315,0.224234745,-0.346426506,-1.611567359,-0.26265952,-0.336386945,0.960304796,0.462483624,-1.179369122,0.172254386,0.671531172,1.528031359,0.887503967,0.760846654,0.060085995,0.388312005,1.249504901,-1.332777397,-0.349439327,-0.772568749,0.379153119,1.230222176,-0.596974287,-2.390304367,-0.412220745,0.913473732,0.537629903,0.428186248,-0.279993302,-1.279030736,0.515294322,-0.83428181,2.184096733,0.570507208,-0.580648303,-0.611385247,-0.092944207,-0.239501922,1.116833776,0.18641617,0
0.681952971,-0.310266757,0.764679175,0.366686774,-0.374662309,1.124806307,0.847997534,0.176095488,0.035058418,0.050967718,0.679939873,-0.857476347,0.425983122,-0.920590944,1.336555172,0.532128572,-0.688228262,0.080595824,-0.85378638,1.504112838,1.622875984,0.696223683,1.556656568,0.151795949,0.763512567,1.224724522,-0.005743596,0.071103857,0.933656601,0.646497966,-0.75546072,-2.186829371,-0.175528063,-2.096914179,-0.991017336,-0.874286957,-0.568642311,0.820438144,1.037679541,0.50874072,0.632506976,0.656120456,-2.496829991,0.010197682,-1.796458721,0.509139476,-2.093108147,-0.180438535,0.547769776,-1.117757948,0.961715961,0.50662217,0.380824696,0.698001588,-0.359200088,0.151918864,0.010051572,-0.012548945,-0.672031077,-1.242532115,-0.336858349,-0.391947907,-0.736730988,0.852053782,-1.172206618,-0.171509159,1.166339712,0.909129353,1.216293885,-0.590780577,0.784288126,-1.062970397,-0.275873956,-0.181755811,-0.575840212,-0.361813988,-0.493375927,-0.982393811,0.856413506,-0.182450003,0.201436544,0.163776871,0.054726425,0.092804546,-0.30541722,1.418396869,0.760744762,0.018382033,-0.447054436,-0.118820843,0.417621516,1.499940093,-1.373047545,0.659774759,1.126723637,-1.48671847,-0.181150877,-1.064517973,0.430529612,-0.358350932,-0.130139067,-0.411055807,0.720163433,0.229032961,0.230926764,0.160621825,0.57249088,-0.261971855,1.700774788,-1.234794751,-1.725918448,-1.808680569,-2.079588119,0.673169815,0.551367699,1.207776492,-1.056638215,0.745461455,0.056824062,0.166586499,0.625622895,-0.756281751,2.587249135,1.331880304,-0.531705954,-1.090738058,-0.087904162,0.182258444,1.06561526,-1.168720912,0.285486943,-1.529015024,0.436357593,-0.10750422,1.936679762,-1.546002544,1.370608381,-1.703831335,-1.327210274,-1.677094558,0.250352608,-1.173698811,-1.348331505,0.202767602,0.451775386,0.039849304,-0.162219149,1.828909632,0.145836266,0.805691474,1
-1.304469501,0.669672549,0.486063779,-0.486625263,-1.970873713,0.530309274,0.298488107,1.013323503,-0.025288713,-1.603163366,-0.091630784,0.886580565,0.476034809,-0.146744573,-1.663559228,-1.026016955,0.477238862,-1.665157152,-0.318244915,0.038422179,1.149937156,0.614490551,0.962811233,0.301853324,-0.845410982,-0.613660468,-0.932659639,0.590780842,-0.693922219,-0.394000313,0.022491238,1.641312447,0.657133908,-0.772853425,0.151847657,1.65131176,0.615179328,-1.598252359,-0.915239429,-0.991935503,1.440729825,1.256281236,-0.625036978,-0.64658022,0.044691783,0.074669046,-0.962325929,-0.249130675,-1.45360327,1.272320705,-1.760330513,-1.771439422,0.435039455,-1.236876238,-0.500964958,0.063172861,0.67530083,-0.221082118,1.779171797,-0.000438989,1.190794708,0.27855578,2.131209758,1.058363504,0.043469775,0.628830717,-0.260815856,-0.270899838,-1.303410828,-0.808261602,2.060971385,-1.204031371,-0.655492713,-0.093718677,-0.060409295,0.38372582,-0.469120708,0.445376367,1.142385441,1.266632344,-0.267511801,0.611343429,-1.146133622,-0.721716045,-1.173733399,-0.045744689,-0.859219276,-1.520693559,-0.386005223,-1.728583776,1.327193104,-0.557523061,0.985316074,-0.49206749,-1.194937826,1.175523971,0.088703583,1.886909286,-0.466522926,-0.4449303,1.004790842,1.01175265,0.153430387,3.33526819,-0.280560792,-1.269463237,-1.002555041,-0.274739489,1.518775005,-0.186343862,1.566052098,0.434425115,1.083369296,0.387168627,0.379248007,0.752710601,-0.566708482,-0.555713545,0.349546986,1.941111476,-1.540753225,-2.029185619,-0.263743836,1.03084708,0.051376086,-1.169329847,0.079093497,-1.732973213,0.628917061,-0.309108016,-0.0820325,0.427185471,0.205688917,-0.541259574,1.033612838,0.796932565,-1.774284192,-0.230242671,-1.080286794,-1.268058099,0.535133624,-0.419261281,-0.142771649,-0.669684934,0.370175453,0.678346885,2.170254863,-0.180974264,-1.448417475,-0.50389369,0
0.270456826,-0.050238109,0.395985743,-0.608233492,0.980009344,-0.203471799,0.490901309,1.71325357,0.552806471,0.230703166,-0.517387457,-0.078074058,-1.136050598,0.533200147,-2.134361428,0.968406566,0.731683559,0.098181926,-0.533016894,-0.016259922,-1.774030027,0.823800603,-0.163824539,1.515231175,0.391990285,0.23143377,0.400948138,-0.975510586,-0.450993867,0.132948934,-0.302564267,-0.576512472,-0.28239632,0.044129915,2.318742267,-0.325391355,-0.677429479,-0.152728992,1.501594898,1.57309172,1.949098076,0.060975503,0.64159227,-1.050024475,-0.353440773,-1.115084777,0.473258757,0.038412763,0.22618966,-0.846210818,0.850687325,-2.407028596,-0.252028182,-0.106644589,-2.021602503,0.384128398,-0.173264124,0.561116896,1.999828596,0.324623874,0.972661304,1.38095309,0.492027096,-0.865875582,-1.640167331,0.3743781,-0.400257823,1.283601068,-0.475123161,-0.014307061,-1.159010697,-0.343832672,-0.942835,-0.851527046,-0.052814248,-0.606917967,2.629238202,0.835894151,1.084639913,-0.110892997,0.105752179,-0.429592946,2.6243809,-0.108863819,-0.603750999,-0.754004221,0.335350027,1.421022043,1.086959505,-0.756325388,-0.780943348,1.246268509,2.101381374,-0.145002508,1.206623408,-1.466088106,-0.843524501,-1.009598243,0.412213795,-0.178976022,0.238092645,1.219115989,-0.653166184,0.093993107,-1.337932219,1.163785716,1.096413714,0.361888147,0.119936102,-0.509147935,-1.395549195,0.305541941,0.756200811,2.019371611,-0.393549516,0.270181618,1.114404216,1.144532879,-0.622470957,-0.279159393,-0.525150653,-0.901844569,1.471669413,0.062713809,-0.074245463,0.247708162,0.053761965,-0.220977374,-0.761557336,1.565280458,-0.570272263,-0.930512067,-0.080555651,2.157515217,-0.821573304,0.709615219,-0.246331605,0.244807248,0.922180885,-1.719688808,-0.896341109,0.908012795,0.097451084,0.21187464,0.711383617,-0.889601491,1.055072538,0.819783725,0.238317207,0.468131733,1
1.277664896,-0.591571389,-0.042176106,0.739118653,-0.185935416,-0.453898781,1.105298253,-0.530538318,0.889470946,1.105935462,0.566816932,-1.24923552,0.027154909,-0.201999997,-0.495999255,0.142751587,0.769206347,-0.45855266,-0.171382674,-0.241058934,1.163871046,-0.257100618,-1.234405658,-1.573434839,0.362729567,-0.76068174,0.668724505,-1.331219989,-0.538912167,-1.33056885,0.434610716,0.648847541,0.338625158,-1.08593632,-0.745763744,0.234313989,-1.687741408,-0.241134944,1.516905353,-0.179955549,-1.488544639,-0.607409248,-0.630692326,2.14030878,1.665679081,0.730935434,-0.343075931,1.200629661,-1.133459639,1.076575315,0.927973537,-0.151345735,1.139186313,-0.447221129,-1.265085598,0.977965013,-0.085242929,0.601780603,1.820886592,-0.722254072,-0.143379505,1.569634505,0.668731731,-0.699782744,-0.955017704,-0.52808064,-0.738414705,0.237348119,0.078434507,0.279237754,-0.840812802,-0.070833908,-2.055699774,0.145006317,1.175440645,-1.424745909,0.483428231,-0.611014352,0.802501154,0.158647451,0.404704113,0.064823899,1.328331806,0.347410478,-0.705423714,0.098715052,-0.368881043,0.162399907,-0.419769712,-0.676810736,0.199272213,0.055789629,1.063955845,-0.414955879,-1.980853847,-0.363870798,-1.626430759,0.415671974,-1.673897928,-0.988371062,-0.362334458,1.543950605,-1.072890116,0.012404983,0.579976577,1.484060553,0.777794752,1.093906952,0.864307059,-1.209122971,0.359692104,0.848660952,-0.95650029,-0.579759877,-0.803192295,0.772622986,-0.06928112,-0.320845894,-1.281669917,-0.067394253,-0.567588355,0.243339565,-1.142967199,0.17790626,-0.43895077,-1.249296926,-1.327284038,-1.177020388,-0.206399057,0.120995434,0.269823632,0.307552918,-0.758523261,1.058402908,-0.442225526,0.45014976,-0.164155433,0.375621232,-0.214328066,0.393634877,-0.00738887,0.813840571,-0.818685043,-1.769891336,-0.973357419,1.068918415,-0.15455882,0.092062296,-1.053636614,0.065553725,1
0.857659623,-0.15993853,-1.474796027,-0.865562826,0.012341951,-2.449367246,-0.379725789,-1.164808558,-1.499179718,-0.802184439,-1.069208925,0.469480218,1.196526787,-0.364426852,-0.596125779,-0.414205001,-1.108187108,-1.288741896,-1.645554453,-1.329520958,1.631991007,-0.690421035,-2.941628472,-0.587056938,-1.590414537,0.05948494,-0.048353655,0.055885638,-0.040726079,-0.372710305,-1.455896122,-0.074654072,1.018924589,1.813673084,-0.237991327,-0.129609945,0.500427179,1.493241559,-0.486296611,0.692651317,-0.822819266,0.32984899,0.970604177,-1.290860607,-0.525144722,0.954783097,0.616161231,1.03594614,0.848439646,-0.341103528,2.199190148,0.136909991,-3.055708949,-0.282346372,-0.469171257,0.795249167,-0.451185315,1.098969996,0.558099372,-1.000090461,-0.140373336,-0.775533444,0.184758647,-0.781490867,0.074435231,-0.272305751,-0.152223255,2.05094038,-0.360485227,-1.934433088,1.015826145,1.007955902,-1.978940174,-0.700899621,0.435810557,0.524203261,-0.004723763,0.017825379,-0.938587873,-2.399848713,2.049507318,-0.968667278,0.17650569,-0.158847996,0.897197552,0.114897213,0.153440953,-2.634318248,-0.833339073,0.744633047,0.654668225,-0.951652824,-1.578028583,0.126579307,-2.906774049,-1.148674252,1.760161075,1.445067329,0.487249359,0.307336314,-1.950170785,-0.740667237,-0.295168598,-0.71941375,-0.350243335,1.299224424,-0.541823061,-0.340939181,0.739531287,-1.419475719,-0.840204579,-0.737722588,0.055592147,-0.344962067,-0.313340909,-0.664853987,-1.07083026,0.609142924,-0.337804119,0.61901898,-1.11162733,-0.665242158,-0.221183028,-0.127867037,0.754368726,-0.43050929,0.746742243,0.374944009,-0.10685261,-0.951298796,0.756875265,-0.926337467,-0.02128038,-0.053940443,-0.207095143,-0.389319723,-0.822076695,-1.616936437,1.403804733,-0.491723464,-0.128112095,-0.134227384,1.095604337,1.933194222,0.15984742,-0.157002668,-1.123457007,-1.443588449,-1.77397493,-0.79584496,1
2.060747925,1.755340842,2.36697266,-1.103258723,0.903802446,-0.707211446,-1.12845629,-1.128898129,0.140735726,-0.930793624,-0.606845771,-0.440401331,-0.73996784,-0.812584553,-2.429159763,0.08695329,0.06767149,-0.79734485,0.36038427,1.396907532,0.023579833,1.330257779,2.23813192,2.530524689,-1.188236087,-1.183063006,-0.444429997,0.128715201,1.586652,0.627241221,-1.20328713,-0.611657408,-0.042000208,-1.489159978,0.013668458,-1.188435591,-1.650721134,-0.946985279,0.411021055,0.404115711,0.096653917,0.991613661,0.885583234,0.204381342,0.06638185,0.129546705,-0.14764518,-2.174342727,1.135484845,0.397522832,-1.216327446,1.427816619,-0.589979868,-0.107769003,1.023575596,0.220139358,1.335375842,-0.352101499,1.691173211,-0.7778029,1.317622329,-2.265109219,-1.100192051,0.297966138,-0.400445426,-0.07474862,0.04165092,-1.190902608,-1.115929615,0.232122049,-0.666332952,1.341033859,-0.191947155,0.718751243,0.442851669,-0.601161057,-1.980328787,1.184941368,-0.978909077,-0.403758055,-0.150842442,-0.051011568,0.961958663,0.005824058,-0.12735409,1.018455957,0.600652372,-0.735570446,-1.147155377,-0.823699775,-0.04921975,-1.246053775,0.090753047,-0.12919831,-2.542519032,-1.406175186,-2.885750244,-0.343903061,1.074013645,-1.890657955,-1.32228682,-0.163737867,-1.063753029,-1.068672767,0.541594106,-0.494895445,-1.486724887,-2.08771589,2.20840777,1.128309055,-0.451633346,0.087858012,-0.488531062,0.510456731,-0.854214368,-0.543173216,0.45540084,1.453859104,0.741415095,1.233913878,-0.312417338,-0.623010407,-1.938381139,0.072198357,0.379047031,-0.300005396,-0.776701326,1.24340344,0.631804277,1.312825451,-0.953579095,-0.708234127,1.203177243,-0.04734708,-0.569104112,-0.499515024,-0.011080526,1.002951816,-0.160512852,0.79053283,0.467377777,-0.87833904,-0.879129368,-0.450266592,-1.336837655,-0.514138856,1.513433417,-0.031390336,-0.766452666,1.915744652,2
-1.478586246,1.143754043,0.745292185,0.195105781,-0.253244157,0.068370901,1.50733342,-0.897426661,-2.549348942,-0.786864715,-1.209087464,0.968014464,-0.175729296,0.827451084,0.031891582,0.008676042,0.163944953,1.480024286,0.186527574,1.10916985,1.045163868,-0.163291581,-0.073934517,-0.377802666,1.283177226,-0.941062017,-0.722991728,-0.276244035,-1.14815233,-0.591294784,1.136066192,0.651405648,-0.420740195,0.802828912,2.081908069,0.313111893,1.420359459,0.851588817,-0.294436968,0.19729797,0.526282467,-0.744969744,-2.609248655,-0.834075563,-2.158140948,-0.751453427,-1.707444546,0.880108704,-1.182597501,0.544108089,0.766602063,0.701508774,-1.868336184,1.122644395,0.420338366,0.804265741,1.829876269,0.794332137,-1.182652631,0.653283441,-1.503616894,-0.062965619,-0.5032288,0.01015054,-1.509542172,-1.394379076,-0.449352415,-0.222523107,-0.425795079,1.450452498,0.423642124,0.39619146,-0.382312341,-1.39183184,-0.004120785,1.807269966,0.224379628,1.113192427,1.239390887,0.559541259,0.220273972,-0.987731481,-0.208447142,-0.360895236,0.329995557,-1.414066607,-0.537290696,0.40401589,-0.70211482,-0.915609754,-0.791415055,-0.272409379,-2.380691588,-0.746159013,0.952753212,0.32387858,0.420038578,-1.827691166,-0.414198978,-0.115879053,0.46436161,1.110855518,0.954725916,-0.585374967,-0.562482205,1.412015989,-0.360070582,-1.082594701,-0.207131858,1.349359789,-0.904871177,-0.42887986,-0.863510899,0.956394329,0.287854063,0.925880244,1.565018882,-1.512101779,-0.759151372,-0.433521917,0.06883836,0.505897608,-0.491453628,-0.691941529,0.956659432,0.54609752,0.315881781,-2.145758963,1.206676498,0.183969141,-0.161979184,-0.819332642,-0.632914386,-0.89091409,-1.997574875,-0.817521801,-1.599037897,-0.060467301,-1.150760867,0.729934089,-1.664320692,1.194744949,0.836614897,-1.06623572,-0.094267148,-0.854377838,0.578599346,1.799856823,1.181064011,-0.687728122,0
-0.680024722,0.232253697,0.452874327,-0.26621295,0.92596613,-1.297164296,2.368334542,0.856048095,-1.684004018,-0.709028902,0.816081044,1.176344056,-1.272237627,0.71302585,-1.947339873,-0.089335865,1.112046842,-0.55151573,-1.506922299,0.146214796,-0.604718867,0.629558366,-0.885326432,-0.77263689,-2.021002321,0.169944711,-0.160904938,-1.188384671,0.193798714,1.027070301,-0.215567943,0.26816695,0.27331125,-1.204329827,2.056585821,-0.47084983,0.656116202,0.769215277,-0.139595127,0.606795025,0.245819222,-1.417639757,-0.332272701,-0.612550902,-0.461745041,-1.304003178,1.126433717,1.601992655,0.978002976,1.270529224,-0.344634837,-0.636256835,-0.778587047,0.644064923,0.227063053,-0.077221712,1.295148544,0.404941354,-0.838657638,-0.680908829,0.681993299,1.041732853,0.551680232,1.896888748,1.635007166,0.441035835,-0.838580659,-1.309987512,-0.387381745,0.753213446,1.826647079,0.417447034,1.168722794,-0.245307486,0.622769125,0.823356829,-1.979594276,-0.413438802,0.949700384,0.274468336,-1.196515048,-2.430122376,-0.365780745,-0.071585693,-0.88392295,0.143084937,0.506386747,0.670687171,-2.355918925,-1.314285098,-0.304622648,0.572173131,0.489234014,0.471869948,-0.383417942,-0.327633437,-0.728329268,0.768194128,-0.920488788,0.850036395,0.207853238,-0.045044478,-0.6567104,-1.355541861,-0.647652756,-0.330006869,-2.369024312,-0.197355155,0.924357368,0.567217905,-0.496205876,0.046936298,-0.556164569,0.148760733,1.540107824,0.968498803,0.520794306,-0.492884912,0.749938393,-1.686876951,-0.252353482,0.58371142,0.740421214,0.66988449,0.294830689,-0.195724979,0.53797597,-0.952861041,-0.844677263,0.061734676,0.173197643,-1.825615179,0.455146381,0.772728378,-0.077285237,2.374466283,-0.682935106,-0.361087163,-0.395066906,-0.076187611,-0.328724813,-1.406810545,-0.546548296,-0.097620696,1.228572082,2.202243273,1.335473898,-0.77537903,-0.695809611,-0.159328578,0
1.382158991,0.648709888,1.29553413,0.841620516,1.906030891,0.753045818,0.998897148,-0.794041834,-0.024878503,0.689919903,0.288556966,-0.913557451,-0.923511952,-1.810471481,0.372058911,-1.030434843,0.67166399,0.724122909,0.221823394,0.394923057,1.018542071,1.150057271,-2.230660759,0.705217009,0.487025896,0.29591659,0.473037015,-0.315502558,-2.397229791,-0.605598216,-1.828122749,-1.651832473,1.06959645,-0.544672165,0.268818619,0.004377761,1.338829889,0.074709525,-0.597547952,1.480900723,-0.498761336,0.417236999,0.497704343,-1.241996813,0.920470259,1.353958759,-1.13370558,0.029543883,1.339877826,-1.625360206,0.628565135,-1.249185861,-0.319502517,-0.211114601,-1.17813474,-0.9106996,-0.07267066,1.376789309,0.48098024,-1.639156674,0.465708507,0.041006891,-0.633065957,-0.4372473,0.497554226,-1.571999467,-0.646942854,-1.14545287,-0.799162724,0.329347979,0.04876333,0.671188997,-2.25354647,-0.269909144,-0.106921408,-1.63825704,-0.688380723,-0.021289217,0.320718042,0.347338971,-1.971188768,-0.630241401,-1.529625699,-0.005864358,-0.431027195,-0.625311438,3.167176619,-1.051834096,-0.01651553,0.478579525,0.357891159,0.578431784,0.355352878,-0.330356058,0.011044805,-0.656010753,-0.742061815,-1.318244392,0.787565509,1.103843359,-0.58719571,-0.077480998,1.599789747,1.121880523,0.891060545,0.269332782,-0.62784789,-0.515365661,0.235216985,0.438529853,-0.968884788,1.246129489,1.407521034,0.793916611,1.503539435,0.638252003,0.274151884,0.051215448,-0.316941192,-0.005198603,-1.04086021,-0.083601314,-1.168347994,-0.800821007,1.228551604,1.182168766,-0.837232512,0.870104292,-0.58837631,-0.663866124,1.392305863,-1.094384874,-1.787306258,-0.665505148,-0.601935651,-0.373096221,-1.720713706,0.351266042,1.896421337,0.301612475,-0.221256456,0.668157511,0.074923642,0.057097413,-0.082313955,0.217561748,-0.410800718,-1.628272798,1.848746699,0.529981065,2
0.924027019,-0.184902136,-0.827721049,-1.925289256,-0.780458683,-0.165163522,1.601604847,0.785110059,-0.302145976,-0.253022152,-0.800533187,1.090319727,1.209542408,-1.338269426,-1.720654366,-0.318516466,-0.19591213,0.258665391,-1.67469966,-0.715617479,-0.082402803,-0.778801097,0.85786094,1.868532745,-0.538640395,0.889198999,-0.357173488,-0.930171531,-0.712240909,0.768628777,-0.641623916,-0.446056987,-1.143832154,0.633929109,0.458160021,1.455027608,0.596301098,0.41290867,0.583280464,-0.255935888,0.110115702,0.931191674,-0.82021623,1.701681514,0.637983873,2.021162878,-1.175455317,-1.175579202,0.372012215,0.123561473,-0.457058685,-1.269362568,-0.267750535,0.21712544,-1.308495887,-0.41037912,0.382435288,0.787697091,-0.286235183,-0.801051567,0.115216867,-0.206765253,-1.46505022,-0.450509504,-0.589781688,0.022782963,-0.73371649,-0.548442427,-0.182176877,0.638389301,0.092810657,2.664895486,-1.264891258,0.91168614,-0.078079568,-1.394223018,-0.378395661,-1.513473298,0.082646775,-0.304988564,-0.685153643,-1.060124649,1.016702951,-0.159702005,0.20949976,0.176867502,0.108069878,-0.326547153,1.517613269,2.236321394,1.447899475,0.0214461,-0.047490982,1.092757527,-0.757631319,1.710314578,0.791422538,-0.27973159,0.28190466,0.626884103,-0.427522074,1.034365919,1.272829124,-0.262639005,-0.475650681,-0.105410957,-1.156828705,-1.667575788,-0.433263507,-0.959954096,1.770718253,-0.456208612,0.455707102,-0.6282079,1.782235394,-0.193905678,-1.243657583,0.670254085,0.259442875,1.203067412,-0.154116229,0.10787675,-1.507392059,0.835486949,0.062713293,-0.124198109,-0.229290947,-0.282279054,0.849019951,-0.92558904,0.743493617,-1.605344573,-1.916557844,1.410728136,-1.022881016,0.10579429,-0.268004853,0.344173729,0.051399175,1.043009891,-1.429197923,0.670931121,-0.051303474,-1.532259219,-0.52990113,-1.60388977,-1.673228207,-0.436635697,1.186337303,0.312622354,1
0.899599875,0.307299521,-0.874965017,0.68776673,2.111057979,-0.42946399,2.275855882,0.829819767,-1.393032302,0.214033838,0.863974278,-2.425482899,0.644451158,1.17272118,0.398868124,-0.061721211,-0.172926583,-0.231322328,-1.175979804,-0.687523832,-0.416594046,0.113494346,-0.556814758,-0.869129242,0.759770859,0.370613972,-0.539229537,0.506278471,-0.453157894,0.063065029,0.975044055,-0.603741093,-1.172411608,-0.145134583,-1.363465016,-0.277448509,-0.280637479,-2.463684124,0.530635164,-0.182689767,1.181896453,0.21553198,0.73560857,1.190038753,-0.131717083,-0.000823189,-1.573543223,1.239537745,-0.1456974,-1.00573055,0.739722486,-2.179781192,-0.429274223,0.908311041,-0.437721852,-0.717921951,-0.416154797,-2.009929264,0.715478432,-0.122886042,-0.27232461,-0.268668616,0.014079798,0.653437371,-0.052063541,-1.361636548,0.575516122,0.498569691,0.205526998,1.075241307,0.030378676,1.111376089,1.407211021,0.582312886,-0.747933622,-0.130785719,1.238856034,-1.497627866,-0.391953668,-0.342964836,-0.8652106,0.87287895,0.376815071,-0.711058357,0.60551292,-0.158416235,-0.890194573,-0.71291841,0.436051075,0.939009879,-0.486768233,0.544441334,1.581754158,-1.258870556,0.355669873,0.830655691,-0.095149817,1.238283211,2.198837038,0.343355348,-0.233589732,0.976982808,0.84206886,-2.518830955,-0.002735556,-0.394599467,0.396705692,-0.19365828,-0.085176092,-0.863212759,0.734529218,1.655042221,-0.847671949,-1.397055023,0.02000322,-0.028655661,1.170932786,-1.229194952,-0.537955175,-2.147703239,1.374983636,0.250544628,-0.463432914,-1.322271479,-1.230476058,0.4142669,-1.107425046,0.104005423,2.042944861,-0.347587623,-0.961444444,0.382007205,-1.225791741,1.71998453,1.403619669,-0.164171619,-0.897293181,-0.425769873,-0.295665612,0.383567132,1.039632329,-1.036512631,1.010909565,0.617685613,-0.507789491,-1.086711896,0.116232717,-1.059588484,1.023680849,-1.123882772,2
1.06667469,1.16929559,-1.401443732,0.723145205,1.17043131,0.105445629,1.822197772,0.508386658,0.397686371,-0.430320558,-1.303181577,-0.266708439,1.580897919,0.190916674,-0.39122256,-0.904996948,0.538793906,-1.124999243,0.356966653,-0.461187539,-0.260661661,0.642119939,-0.949931995,0.006536084,-1.527200569,-0.113056793,0.496990653,0.79139844,1.134257963,0.658572928,-0.406789231,-1.810378304,0.990656908,-0.524598498,-1.446616581,1.871562576,-0.060552719,0.488972507,0.228115886,-0.014413613,-0.387019877,-0.583789209,2.225489509,-1.457595208,-0.433042177,-0.8902759,0.517807434,-0.413978613,-0.498970114,0.641772591,1.935121852,-0.830412074,-1.551333811,0.062537007,0.837612572,-0.215299137,0.632888809,-0.548255634,2.391875564,0.614269477,-0.484466743,-0.752023865,0.270374774,0.673798907,-1.30765163,0.011120084,0.742865072,0.333754057,0.623918855,1.490916956,-3.109389146,0.218410386,-2.351403025,-0.045063186,1.299098154,-0.128593156,-0.934431515,0.825572274,0.139845538,0.189094341,2.157419778,-1.50701917,-0.636357615,0.376110947,1.219002488,-0.96046388,-0.410863318,-0.068463705,-0.152141243,0.697473041,-0.050153043,0.649588115,-1.202887073,0.144651857,0.034574005,0.843678657,2.519804398,0.956289344,-0.703542492,0.633265856,-0.050178168,-0.338700411,-0.528874015,-0.581982129,-1.144393466,-1.29546172,0.655032852,-0.356282908,0.182065761,-0.869804218,0.579060134,-0.703651098,-1.338878156,1.568120079,0.207745251,-0.31222214,-0.19216491,-0.359231488,0.493238373,-1.547427067,-1.805220072,0.112555667,-1.742530079,-1.906599546,0.902945051,0.166784861,0.180281027,-1.118829635,1.390161887,1.005951089,-1.359123845,-0.108755501,-0.409606983,-0.044639532,1.087669542,-0.380886642,0.983724124,-1.730562494,-0.615153988,-0.401744415,-0.540564421,0.024362557,0.157906184,0.230425932,0.88625872,0.7334569,-1.502071956,0.149918339,-0.612055735,0.819616368,2
-1.236950711,-1.320456613,0.072249134,-0.562162342,-1.422058497,0.215031943,1.073366582,0.869572519,-0.809735467,-1.251227915,-0.284187882,1.56779151,0.645598079,0.703964677,0.889856952,0.420766563,0.120608548,0.662306897,-0.546166104,-1.414463011,0.722996935,1.237738106,-1.118231939,0.821921482,1.680765713,-0.002246202,-0.818002185,0.123018674,-0.550533968,-0.61673011,0.433184067,-1.603729475,-1.443928922,0.01929088,-0.022308539,0.343554577,1.875225388,0.104514036,0.59817215,-0.975532936,0.767937664,-0.526390865,0.071420833,-0.108848625,1.032974235,-1.309976554,-2.283238635,-0.213432697,0.468531257,0.152269376,1.232204237,0.437372674,-0.563848332,-2.325420154,-0.237312234,1.027959002,-0.392047783,0.028320264,0.421360254,-1.015292374,0.623235897,1.63712179,-0.172813352,-1.129064422,-0.066601027,-2.224384109,0.336903264,0.452274378,1.675636294,-0.193994793,0.408485338,-0.861288102,-0.356427121,-1.525185437,-0.194789621,-0.305309154,0.299199766,-0.62359688,0.083345351,-0.333380056,-0.331499388,0.080362326,0.040522942,0.761174039,-0.120643034,-0.349885349,-0.180807445,-0.714664117,-0.359911094,2.031158713,-0.912678761,-0.278656334,-0.387488663,-0.247171612,-0.331239309,0.279240101,-1.710175101,1.037171473,0.6325828,-1.242871586,-2.269077273,-0.977072146,-0.242666461,2.580291899,0.543256965,-1.807589649,-0.689655505,-0.053212436,0.253683554,-1.31474886,-0.134990228,-0.717639138,-1.103758563,0.259595647,0.773877173,0.841041277,0.574386351,-0.497369533,0.714549761,0.309054438,0.133941883,-0.611693122,-0.496876127,0.073886936,2.439874467,0.30124248,-0.611188502,-0.832389445,-0.491766613,2.177293448,-0.399256646,0.906870535,-0.375928245,0.261184541,0.791745274,-0.57190285,-0.641111654,1.658869694,0.984592895,0.790672319,0.787276293,0.459575488,2.017775813,0.043908302,0.577262367,-1.450912929,-0.824960687,-1.200819,1.274063584,-2.552540152,1
-0.234153375,-0.234136957,8888,-0.290274544,0.267392314,0.321697806,-0.668090454,0.99204235,-0.174959757,-0.755745159,0.536509844,-0.898467982,0.028181157,-0.009118997,1.085895566,0.474698233,-0.025026959,0.817766299,1.390207549,0.557810306,0.01035262,-1.311836232,-1.065113663,-0.305224704,-0.609512202,-0.186971303,0.056649925,0.529692754,-0.070498778,0.486501644,0.064474415,-1.975466566,-0.939335394,-0.144087556,-1.209694743,0.59992873,1.530750832,1.218761852,-0.213442871,1.490726137,0.148667457,-0.337085971,-0.613402664,-0.302469686,-0.388176819,0.170416222,0.160573981,0.00304602,0.43693817,1.190646275,0.949554135,-1.484897968,-2.553921135,0.934319911,-1.366878698,-0.224765402,-1.170113026,-1.801980438,0.541462728,0.75915516,-0.576510401,-2.591042292,-0.546244448,0.391804005,-1.478911569,0.18335992,-0.015309849,0.5792915,0.119580368,-0.973068941,1.196571502,-0.158529573,-0.02730454,-0.933267959,-0.443282251,-0.884802714,-0.17294606,1.71170848,-1.371901143,-1.613561398,1.471170327,-0.209323677,-0.669072739,1.039904687,-0.60561554,1.826009714,0.677925871,-0.487911408,2.157308213,-0.605714923,0.742095372,0.29929258,1.301741289,1.561511197,0.032004149,-0.75341787,0.459972143,-0.67771537,2.013387248,0.136535331,-0.365321551,0.184680306,-1.34712629,-0.971614039,1.200413908,-0.656894279,-1.046910983,0.536652753,1.185704155,0.718953311,0.996047686,-0.756795089,-1.421810667,1.501333652,-0.322679839,-0.250833016,1.328194142,0.556230009,0.455887772,2.165002345,-0.64351823,0.927840128,0.057013125,0.268592279,1.528468426,0.507835756,0.538296079,1.072507337,-0.36495273,-0.839209667,-1.044809194,-1.966356589,2.05620713,-1.103208366,-0.221253624,-0.2768133,0.307406698,0.815737213,0.860473488,-0.583077439,-0.167121714,0.28257995,-0.248691126,1.607345576,0.490974952,0.734877786,0.662881269,1.173473857,0.181021559,-1.296831948,0
0.293072473,-0.714351418,1.784558889,-0.165424052,-1.327507491,-0.501177137,0.757056002,0.689940277,-0.200216666,0.683414674,-2.273172203,0.103829235,0.860685421,-0.832863275,-0.836338536,-1.866448153,1.589895595,-0.720153977,0.241043278,0.603917041,1.512067949,-0.153897774,-0.539429794,0.173067649,1.284080277,-0.170172531,-0.954869082,-1.540757808,-1.221297385,0.864391497,-0.320624476,-0.60752091,-0.715967223,0.08504586,-0.239455094,-0.273132144,1.349323928,1.538016282,-1.610021673,0.327592731,-0.776862099,-0.248251114,0.309278385,-0.212719917,0.230459881,0.672970206,0.294576801,-0.646836304,-0.629199607,-1.439705297,-0.853920298,1.962068362,-0.792003574,-1.193378812,0.319927862,-0.110364759,-0.195593237,1.409045966,0.549126676,-0.529992932,-0.424475918,-0.502586514,0.874739622,-0.308147629,-1.793153502,-0.048319679,-1.537026001,2.184230602,-0.965667914,-0.161864765,0.258202735,-0.288658161,-0.290030401,0.421827286,1.526215959,0.767509082,1.478513879,-1.046619108,0.317362633,0.155246052,0.351091292,1.376231971,-0.22078915,-0.405503367,0.533980797,-1.778202728,-0.236852049,-0.134197689,-0.920358616,1.057059011,-1.062240317,-0.135873048,0.293157225,1.353451561,-0.010556435,0.936153594,0.700595397,0.123457556,-1.089513408,-1.434580861,0.106505401,-0.542696874,0.919261092,0.745856518,-0.184610994,-1.157712924,0.51073555,-1.017949446,-0.758463923,-0.979415738,-0.138501022,1.170192334,-0.00504087,-0.443218692,-1.52561493,0.552124585,-0.780404606,0.117517619,-0.354218616,0.83817722,-0.157236392,-0.058926355,0.485747147,2.106940182,0.88844693,-0.088606106,0.003197991,-0.52485946,-0.949995704,-0.552750787,-0.772148964,0.653368384,-1.071194858,1.333210561,0.752046384,0.020501729,0.000318611,-0.55728131,0.270084411,1.088092463,-0.703156462,-1.533392089,0.703218255,0.324365974,-1.120198801,-0.733391371,-0.859104274,-0.724532269,-0.323682754,-0.266547304,1
0.938283806,-0.516044728,-0.294144797,-0.307417307,2.241582948,0.608422176,-1.590005942,-0.543145618,-0.400817242,-0.721207068,0.064356649,-0.573894195,-0.512753578,0.153518724,-1.540722188,-2.151071149,1.242821898,0.837228701,0.368892288,0.304668355,-0.189252568,3.01596622,0.192954469,2.608096448,2.062807321,0.46165054,-0.209988875,0.016011444,-0.400827108,0.461001922,0.673794815,-1.224189011,2.614466316,-0.780982525,-2.686320086,-0.081797777,-1.148440712,-0.053428092,0.070925136,0.445281482,1.005854946,-1.007474731,-0.36333593,0.678546737,-0.657413253,-1.877395961,0.619393609,-0.56525332,-0.631812453,0.120065948,0.004138284,0.997219614,-1.249055141,2.262153439,-1.414140975,-0.387749145,-0.868523692,0.055540243,0.018774125,0.166367095,0.261330085,1.306396941,0.156641609,1.388360291,-1.750397153,-2.184339603,0.127035515,0.326996118,-0.533858532,-0.010137473,1.075329111,0.670346577,-0.329964442,0.19786958,0.758883895,-1.229547795,-0.804983876,0.923354283,-1.729665336,-1.090347197,-1.21336645,0.917837793,-1.084835836,0.791892832,-0.353318926,1.778705484,0.128326287,1.066941711,0.460359028,-0.450831696,-0.012544993,0.008378334,-0.461849925,0.887907829,2.510606562,0.115853114,0.716611203,0.528803491,-2.610054364,0.491567662,0.441522075,-1.248586027,-1.788509258,0.427148696,1.645286343,-0.369331529,-0.331665219,2.308309574,0.89598888,-1.214265987,-0.713004336,2.17927811,-0.663031899,-0.53323398,0.670636685,-0.263520121,0.443425655,0.287876561,-0.145141326,1.209347598,-1.275278867,0.117497051,-0.580236018,1.641973765,-0.174454286,1.922599689,-0.421750631,0.109143617,1.088104803,-0.955566296,1.509098998,0.026117006,0.411560828,0.546020518,-0.076054899,-0.809798115,0.094231547,-2.01130321,-1.310680144,-0.140102709,1.547352105,1.517075957,0.979466234,-1.539058076,0.30076282,-0.860605278,-0.067210097,0.954503288,0.657882254,1.283180188,1
-0.013497225,-1.057710929,0.400481387,0.131065186,-0.077443461,-1.195293764,1.450927548,1.807196644,-1.682658694,-1.024028591,-0.279810342,-0.964537795,0.505965553,-0.728272202,2.165056068,1.190548594,0.212574031,1.026986263,1.105900424,-0.563947488,-0.816217245,0.078143063,0.861636124,0.139060399,-1.576996482,-0.802824444,-0.073972864,-0.075665604,1.972542177,-1.385987942,0.505589242,1.489113108,2.271449745,-0.404397423,0.491429453,0.569760357,0.195481732,-0.098845201,0.43597539,-2.532246085,0.68206949,0.126177904,-0.222474897,2.046862196,-0.674934019,-0.403075989,1.991553302,-0.832061305,-0.550115283,-0.147025423,0.840734482,0.207802507,-1.292625347,-0.532168563,-0.607354433,-0.077221045,0.425843659,0.418205756,-1.776011754,1.063940988,0.252568846,1.384532048,0.444198327,1.101322958,0.466545311,1.346225756,0.522250636,-0.097915246,2.27243472,0.889037122,0.573744421,-1.276304417,-1.288307617,0.292715482,0.145521198,-0.614122565,0.1409827,1.588626928,0.695402475,-1.14100851,-0.111508827,-0.804966481,-0.387699916,-0.413615666,-0.477645583,-1.255135372,-0.127654682,-0.560607637,-2.92944869,2.052972025,1.088769654,-0.376300725,0.01881905,-1.171654347,1.695722878,1.897288695,0.156693728,1.023530644,0.175286779,-1.336725439,-0.411823369,0.131927967,-0.454547719,-0.218653277,-0.091399558,-0.080878498,0.05225849,-1.060605066,-0.717016149,-1.284584266,0.97781555,-2.105646942,1.153590343,1.386349397,-0.302180587,-2.603137088,-0.361310562,-0.064184161,-1.01059822,-0.515218394,1.530195199,0.664927162,-0.924564114,-1.59759917,-0.327017318,-0.213456779,0.496199187,-0.535316713,0.511499575,1.93515404,0.815501022,-0.048088507,-0.183150471,-0.356673134,1.180640912,-0.627313446,0.045222709,0.051197902,-0.501784193,-1.372465548,0.322974504,-0.061003972,0.500240469,-0.533600306,1.220821299,-0.876773781,1.712040284,-1.74763651,0.434770065,0.475430683,1
-0.446183433,-1.889540731,0.386564015,-0.790603736,-0.489471061,-1.057661924,0.715303773,-0.345707013,-0.448782712,0.202523108,-0.236918986,1.168911268,0.785083515,0.722901358,-0.415250262,0.709816154,0.503404261,-1.216221041,-0.246149559,-0.171302891,1.495486962,-0.419802654,0.482413507,1.3009668,-0.92255396,0.27940668,2.032463938,-1.568768921,-0.606826468,0.272919241,0.36433149,0.157410103,0.545714231,1.260956833,0.054246805,-0.074243658,0.594631779,1.989944745,0.599970322,1.038824132,-1.573191623,-0.179593566,-1.213650778,0.015226961,1.426945667,-1.291775554,1.737119439,-0.0046236,0.892767678,1.028804899,1.995529774,0.581107261,-0.87185859,1.012457169,-2.670552107,-0.907340436,-0.580575749,-2.10372217,1.684041615,1.329090032,0.451008824,0.979712948,0.36630079,0.863926678,1.262407513,-1.44617025,0.915380196,1.129195043,-0.590535912,-0.23110406,-0.775283761,0.311139484,0.390820193,0.195813427,-0.766419616,1.371785059,-0.581819935,0.55264734,0.78849404,-1.71153302,0.334886942,1.253601024,-0.01415022,0.898983978,-0.678054736,1.054212727,-1.137010221,-0.021867062,1.234908537,1.179594539,-1.299707086,-0.214032986,-0.599486633,1.179729049,-0.074495503,0.148289692,0.481844743,-1.213853623,0.298981924,-1.010169084,-0.48976802,-0.443467412,0.484008943,-0.792860398,-0.474523973,0.324031821,1.385304791,0.437611194,1.130602045,-2.123976576,1.435183812,-0.85734926,-0.608787058,1.941449281,0.170311881,-0.7498458,-0.611749641,-1.383170458,0.014604543,-0.335983637,0.669445095,1.718953889,-1.253878326,0.595953663,-1.533235123,0.434791936,-1.173386017,-1.346607668,2.55057903,2.147940367,-0.707971939,1.902140831,-0.039562131,-1.370869815,0.649414875,0.949245868,0.752432571,-1.689841785,-1.143148,0.937058784,-1.152229447,1.018260911,-0.362863857,-1.644556385,-1.318970173,0.454089828,0.50185983,1.561847126,0.019982434,-0.199331019,1
1.037539944,-0.510016399,-0.606321935,0.850917135,-0.608727134,0.824191359,-0.732464387,0.376996025,0.752351675,-2.649686284,0.868466965,1.30407114,-0.308914457,0.345738394,-0.839122408,0.363480536,2.461049781,-2.19673576,-0.500711527,0.796754366,1.261583294,-1.382422369,-0.638190733,-0.580317888,-0.652995798,-0.116174589,-1.428690963,-0.254525398,-0.936148897,-0.068854901,-0.705129977,-0.169036717,-1.036437366,0.952700614,-0.325596612,0.013827753,-0.145819429,0.007232219,0.002192572,0.805138361,-0.286066899,-0.719793536,0.041715289,-0.612904212,-0.074913578,-1.052027269,1.049782472,-0.780532758,1.199403643,-0.061125726,0.856153189,-0.767311966,-1.966845088,-1.648809878,2.502902335,-0.597940298,1.096158063,-1.297756287,0.178854724,0.348407218,2.836412011,-0.317858739,-0.711268049,0.350933609,-0.924762587,0.409576889,-0.053488455,-0.753817654,0.494383934,0.108321369,0.760320439,1.652453374,-0.501643079,-0.411508044,-1.34564742,0.521030275,-0.644751547,0.345527983,1.165473221,-0.684398434,-0.474282807,1.014512666,0.707422833,0.601483579,-0.391386866,-1.436069631,-0.711833878,-1.009480515,0.581546314,0.284521537,-0.598616925,-0.427875528,0.475649659,-0.319331134,-0.581146709,1.978591129,-0.549624195,0.668639679,0.392575677,-1.523255932,-0.678993883,0.819121707,-0.131482786,-1.464939579,0.394488195,-0.582304645,0.435892175,2.687774658,0.38243907,0.612173016,-0.253994529,-1.119587658,1.02392492,-0.605839286,-0.229181701,1.793475536,-0.337707759,1.215328132,0.387478118,-0.553091039,0.341407313,-0.716421349,0.904725109,1.247093828,0.049007129,1.342476427,0.160073747,0.914513098,2.951196598,2.475115746,-0.182552163,0.293505019,-1.053955979,0.798645609,0.389216757,-0.774018853,1.186848492,-0.26560961,-0.52090799,0.399496311,-0.465072704,-0.031679527,1.746250713,-0.614684756,0.675409483,-0.583499162,-0.973191507,-0.081549112,2.684426782,0.781625727,1
-0.990536325,-0.56629773,0.182280224,-1.31419953,0.138635029,0.498111996,0.516163023,1.065424724,-0.774802178,-0.532606757,1.895507346,-0.150328374,0.200033787,-0.067010042,-0.821680826,1.623529211,-0.527701412,-1.127285524,-0.450740277,-2.001706002,-0.651287465,-0.968128598,0.617428631,-0.67341424,0.887803936,1.398483993,0.781175336,-0.215388289,0.141114497,-1.52498494,-0.133779373,-0.860438468,0.694326381,2.572752389,0.499821636,-1.991140149,-0.361230193,0.122490925,0.087357425,-0.730813126,0.245291743,-1.242500837,-0.944908723,0.645797642,-1.015663231,0.538211605,-1.369463775,1.764825884,-0.774269922,-0.223666572,0.330613261,-0.565349953,0.143405961,0.575356725,0.960613233,0.791497436,-0.171810464,-0.146631774,2.349108558,0.949889068,-0.921823656,0.099988164,-0.335143139,-0.135334234,-1.229495158,-0.411923234,1.811555773,0.579076301,-2.491161408,1.216723492,1.089629523,-0.359285304,0.717263544,-0.859399211,-0.470255716,1.498546361,-0.27173004,-1.869731662,-0.063303223,-0.078588393,1.198368569,0.014336422,-0.421582311,1.045056145,0.120790233,-0.750022682,1.154997561,0.193661765,0.002925967,0.177908391,-1.070668371,-0.527653776,0.003582602,-0.194663695,1.272428383,0.217405853,0.854903923,0.009395355,1.056288484,0.397527757,0.013420485,-0.013283089,-0.954438626,0.50691572,-0.040204735,-0.50199196,1.106461771,-1.250216026,-0.422495895,1.027718749,0.315522941,-0.047858928,0.251003543,0.179414171,-1.516662546,-0.349261885,1.616521655,-0.659324135,-0.318301014,-0.541620763,-0.087015223,-0.583122831,0.486741502,0.197313412,0.773547615,-1.050941166,-0.340340483,-0.225722632,0.45564691,-0.793221197,0.915653804,1.186415591,-0.988872348,-0.490872895,-0.531931508,2.632386205,-0.429900105,1.677625442,-1.266631995,-0.989650966,-0.686604532,-0.845689311,-0.267898734,-0.708778203,-0.819341593,1.158471996,1.223793623,0.949296498,0.523998956,0.092743066,0
-0.676392302,1.800940433,0.817338119,-0.556719032,1.25930024,0.831490857,-0.190490654,0.980572824,-0.235547736,0.132712375,0.585243036,-0.389536833,1.510288579,0.069985291,0.289647829,-1.316390484,-0.644541936,0.162884087,0.86873524,1.412930837,-1.060679901,-0.826618247,-1.229849117,0.493612791,1.413329365,-0.157973181,0.058374409,0.13253036,-0.469070134,-1.221308294,1.059962791,0.15425319,-0.548180607,3.005126804,-0.002835388,-1.712020241,0.654808863,-1.841541797,0.466011852,0.439464507,1.379886814,-1.002308866,-0.293662452,-0.069074129,0.865755992,0.434242991,0.518792757,1.218825988,-0.22214964,1.46272623,-0.088335744,0.895461104,-0.49551389,0.595031091,1.15815114,-1.082072325,0.944349815,0.178755722,2.03839556,-0.263893342,0.29349423,-0.156073469,0.662841409,-2.183200363,-1.410379409,0.668565033,0.02652068,-2.003458417,-0.634064946,-0.392831759,-0.485094848,0.93155573,1.256360442,-2.237875757,-0.119481671,0.113748175,-1.481629396,1.253116855,0.37098349,0.850513386,-0.445791206,-0.778924629,-0.569425134,-0.11003145,-0.425507072,0.905556396,2.666043774,0.582560978,-1.947244647,0.155072152,-1.187798927,-0.407672542,-0.035619996,-0.259141517,-1.035047404,0.521939504,-1.993887934,0.386357018,-0.902037057,0.278698372,-1.344686035,0.231491707,1.377313408,-0.594688764,-0.616621073,0.432499471,0.211069544,-1.381734162,1.107627126,0.808948951,1.28209072,0.545901485,1.887810245,-1.872609813,1.523913749,-0.389921375,-0.543968979,-0.714452305,0.509350499,0.800243262,-0.466343305,0.273578027,2.76384327,-0.66987819,-0.394478583,1.419892321,-1.5755125,0.245115872,-2.415398929,-1.37950118,-1.190077209,-0.876503542,-1.247198163,0.200983093,1.399844511,2.039059871,-1.02942006,0.728427167,1.208504393,0.120922354,0.708491229,0.460041916,0.458532743,-0.736635928,-1.993932346,-0.348690293,-0.766871077,-0.277876875,0.961451225,1.435675304,2
0.871124703,-0.326023532,-2.10177638,-0.879000475,0.104849742,0.84184231,1.526127196,-0.637341373,2.338170676,-0.048759324,-0.224127902,0.561724754,0.310790517,0.254883875,1.996161142,0.247370609,-0.98427428,-0.839754886,1.472624682,0.683829154,-1.556348961,-1.60552523,0.025054551,0.616488375,-0.678047643,-1.680170249,-1.125171735,1.645751097,0.496970012,1.000082063,1.164993318,-0.626006208,-0.373035,-0.168005386,0.416684836,1.089504843,1.869881452,0.81430217,0.821585842,1.926630887,-0.205058762,1.189002966,0.57828251,0.614952051,-0.214527924,-1.394232608,0.344834309,0.349083602,-0.575443073,-0.09673484,-0.881893458,-0.873410998,-0.480963413,-1.328438248,-0.583478157,0.713734606,1.456117917,2.075437811,-0.400133377,1.200106824,0.336173927,-0.23735408,0.402203064,1.102125708,-0.498301075,-0.521320348,-0.409780031,-0.626774048,1.198882515,-0.763849205,-0.587615146,0.311203102,0.230325803,-0.409850042,1.683621339,-0.630635813,-0.171085957,-1.926750538,-0.304997704,-1.322956559,-0.916265053,-1.955859628,-0.892504326,-0.07506122,-0.244181772,-0.414772039,-0.324903749,-0.504990413,-0.03460353,-0.110226393,0.274980522,-0.20096225,-0.433659694,0.778222317,0.602873479,-0.032425692,1.195103425,0.082648992,-0.161172644,-0.068591489,0.165117297,-0.917200063,-1.873627925,0.281471138,0.834035811,-1.000958439,1.073072767,-1.646455835,-0.558788273,1.706015822,0.355936486,-0.302477542,0.252285835,1.196343199,-1.445159922,1.31785975,-0.490036531,0.708384926,-0.614223559,1.683723322,-0.031163003,-1.328816749,0.470076425,1.301229982,1.188263175,0.09350037,0.812075324,-0.421568079,0.591037655,0.362812916,-2.89526602,-1.000605508,0.207844601,0.164994732,-0.029077491,0.089374619,1.207667653,0.354122219,-2.332626182,1.947709642,-1.906546104,0.958142626,-1.564318838,1.423439977,-0.277999046,0.384277556,-1.986159928,0.729563165,0.416302212,0.617323267,1
0.227459935,1.307142754,1.329534244,-0.589423411,-0.861443429,0.097488939,-0.226662204,0.649147721,-0.453259526,1.718439616,-1.289676098,1.253734786,-0.764849228,-1.795982735,0.237875156,-0.254607986,-1.109609368,-1.681376892,-0.008360787,0.975836892,0.584953493,0.056706649,0.478847573,-0.027214132,-1.429724243,-1.420893985,-0.203168529,-0.160653286,0.850982679,0.757304224,0.605133016,-0.280282713,-1.38065217,0.412071137,0.525169313,-2.388531462,-0.834338187,-0.691054377,0.118350201,-0.803360433,-0.038134569,-0.21053494,-0.159149472,-0.716394294,-0.638985054,-1.08026706,0.380067441,0.571102629,-0.77061795,1.520640096,-0.314601447,1.530185624,-0.642127174,-2.026577777,0.402197825,0.248545105,0.034393795,-0.642232478,-0.034572225,-0.511259458,-0.302349566,0.841632256,0.18421723,0.609951387,-0.231868507,-0.342017346,-1.153482531,-0.370036613,-3.321114556,-0.590221966,-0.081874177,0.563673654,-0.268677878,0.347673542,-2.179788661,-0.056836852,-1.679502793,-1.208303516,-0.187165548,1.276263988,0.371206763,0.018230997,-0.019530389,-0.713628893,-0.543983413,0.427376045,-1.385360518,0.59305405,-0.388507067,0.825557075,0.961093457,-1.673084013,-0.581580763,-0.855527688,-1.812727965,-1.032533276,2.441255845,0.609509896,1.917287969,0.82909844,-0.741843161,-0.381771197,0.58843618,0.437506203,-0.577342016,-1.509993171,3.287761187,-0.141149672,-0.325738893,0.113334464,-0.242728589,0.122728908,1.286947286,-0.12454848,-1.162710439,-0.161643794,-0.464401781,1.423898937,1.171119065,0.107525,-1.278735855,-1.225892263,0.015123262,0.336322969,-0.374622819,-0.480169584,-0.592799233,-0.02339396,-2.382762352,-1.101326629,-0.627050845,1.207503195,-0.813813642,0.180468142,0.226542751,1.297916506,1.262577407,-0.057502969,-0.475484741,-0.663833103,-0.241063222,-0.434033354,0.553627409,0.420309817,0.591801191,1.259283711,1.862869121,0.124663393,1.099463771,-0.351660184,2
-1.448084341,-1.407463774,0.423462492,-0.54556815,0.652373381,0.477123171,-0.101176712,-0.13215089,0.523547658,0.78847104,0.062899917,1.12018946,0.658525962,-1.78846395,-1.404896698,1.182235219,-0.246773131,0.164175823,1.139290518,-0.006411217,0.03726761,-0.868729233,0.369994507,0.586512219,-0.577881837,-0.922021378,2.626289255,-0.09290847,-0.68369234,0.706586445,-0.050794035,-1.085766323,0.483053572,-0.853120969,1.576458002,0.49450463,-0.276880425,0.109347018,0.903288121,0.185961254,2.122109457,1.135867516,0.487607368,-0.936985874,-0.146888104,0.47887497,-0.822861416,1.293426875,-0.974157342,-0.637225698,-0.562299185,0.743824461,-0.804936367,-1.79997657,1.088038836,-0.444386285,-1.068507632,-0.754858553,1.716762749,-0.657043697,-0.123368105,-0.446918362,-1.232662543,-0.742718562,-1.301108407,0.955881276,0.100879065,2.482677762,-0.708910725,-0.858860246,1.533759768,1.057977032,0.384765022,-1.113691515,1.744996268,-0.07210316,-0.430675128,1.142959737,-0.022295121,-1.165670086,0.040302599,-0.781348802,-3.009341143,-0.881710192,-0.527735571,-1.155645109,0.575246532,-0.777447757,0.478426201,-1.233319736,0.909218921,-1.276482527,-2.341530409,1.237262585,-0.855893804,1.756929058,0.564591901,0.790263318,1.0454725,0.112679346,0.124055418,1.281340024,0.111358496,-0.728176847,0.58575856,-2.113643414,1.319558802,1.340439136,1.198166668,1.159771962,-0.084175325,-0.106682384,-1.22964009,1.748041252,-0.485018173,0.33988531,0.254045283,-1.340419182,-1.744675024,0.005586621,-0.453756118,-0.089436859,1.06541563,0.224944151,0.758522541,0.445328162,-0.316334193,-1.001803167,0.264717868,0.083892619,0.915156338,-0.15090007,-0.297341545,-0.229499384,-0.918726635,1.446909945,1.139628755,-1.213029829,0.803948142,-1.845005064,0.985289233,-0.696350451,0.359900558,-1.92950969,-1.198704232,0.468702967,-0.700908183,-0.83996287,1.395861697,2.210959211,0
-0.072010122,1.003532898,-1.478777124,1.672265904,-0.737379903,-0.834184849,-2.266052094,-0.350778206,-0.227719615,0.715493097,-1.399078428,-1.520286792,0.450962635,1.006730071,-1.571152351,1.081514086,0.037541841,1.091805339,-0.070220362,-2.522277917,-0.151967382,1.060143819,-0.893746019,-0.387964969,-0.176133504,-2.89951388,1.671347575,-0.90137568,0.505735432,-0.086701136,1.257619056,0.406056122,-0.234924272,-0.893515093,0.797850701,-1.873441304,0.64589042,-1.099044752,1.252283662,0.161299543,0.644123768,0.081988814,-1.752377095,-0.860729163,0.672389338,0.166655817,1.180989905,0.403274563,-0.966701891,-0.796064138,0.102917391,-2.314044066,1.673441886,0.441746736,1.227034597,-1.580603941,1.24456516,2.231498911,-1.320878355,0.771401795,0.001109945,-1.544433848,0.492883972,0.833603205,-0.601126553,1.16591652,-1.666763407,-1.494756146,0.136597396,0.025385278,-0.716573488,0.809594436,0.530894314,0.858139071,-0.123136435,0.602580268,-0.445650303,2.05381869,-0.81254577,2.105297429,0.034887947,-1.37551089,1.36807935,0.125901388,0.851124098,1.223855919,0.337955554,-0.592240845,0.975713378,0.000755507,0.685857819,-2.153730574,0.446981717,-0.638585825,1.653309637,0.623087348,0.239857746,0.486309993,-0.998440853,1.623256691,1.991370418,0.392913511,1.590403569,-0.569148199,-0.797113566,0.040924749,0.434941038,-0.393986681,0.53776819,0.306389482,-0.998306775,0.518793017,0.863528243,0.171469318,1.152648103,-1.217403793,0.467950422,-1.170280706,-1.114081358,-0.630930834,-0.942060184,-0.547995819,-0.214150311,0.837154486,-0.321159039,-1.585625707,1.140067846,-0.837090134,-0.058720427,0.446536507,0.199610418,1.094179548,0.479003143,-0.86130958,2.178562174,0.194333463,-0.147340227,0.963925423,0.249450946,0.399228193,2.492183999,-0.275121428,-0.317760894,0.116578512,1.071515936,-1.50653403,-1.965555891,-0.587115271,-1.633922959,-0.424831348,0
0.259882794,0.781822872,1.465835979,1.092537834,0.522445211,-0.448596873,-0.881818499,-0.591215619,1.548008221,-0.628442689,0.101422964,-0.753707645,0.84277403,-0.53872628,-0.09759389,-1.683382133,-1.613368236,0.007673193,-1.325157155,2.105086639,-2.061523112,-0.800175299,0.016700867,-0.365132938,-1.104145457,-0.957927839,-0.990654077,-0.286721695,1.95192909,0.077937297,1.182900489,0.506976346,1.113862398,-2.799964303,-0.304458021,1.307135423,-0.571735823,1.762473165,1.483890154,-0.469130716,-0.503163519,-1.013605842,-0.629594232,-1.232589064,0.42881118,-1.456046493,0.603733016,0.628078697,-1.661204405,1.549818606,0.513609294,0.749698021,-0.758665202,0.622379118,1.12639345,-0.098608399,2.001922459,0.044064635,1.1407858,0.293008807,0.585521533,-1.671332268,0.371053738,-0.734975101,-0.846398306,1.744103184,-0.213770248,-1.003301831,-0.359131628,-1.300450229,1.433884468,-0.695680744,0.529299934,1.356106714,-0.500152681,0.532022432,-1.030086055,2.445769569,0.936380135,-0.192606439,-0.772833731,-0.113996553,-0.339983722,1.952944554,-1.225534722,0.134801423,-0.018338067,-0.1174103,-0.108616655,-0.11607081,0.873066066,0.608984446,0.418911611,-3.033989362,0.299794874,-1.65563936,0.646320163,1.474497368,-0.926239113,-0.261780722,-0.599355705,1.235431776,0.095027885,1.728329381,0.413754203,0.242450181,0.068206783,0.817992099,-1.737686198,0.085343956,-0.070046444,0.725418827,-0.187701606,-1.038734434,0.007350675,-1.082840529,-1.925262213,0.727122481,0.579061573,0.467090944,1.302928422,-0.66503189,-1.431114143,-0.070029777,-0.3475003,-0.842295717,-0.079849153,-0.611605146,-1.836005283,-0.441176691,-1.136375167,0.231648072,-0.656034758,1.111631474,1.603866067,0.679381373,-1.551026182,1.505195999,1.57572045,0.018790511,1.32292616,-0.551675138,-1.866245935,-0.760284439,1.729300866,-1.491079924,-0.000478718,0.034143893,-0.512974244,-0.4435216,2
1.865774511,0.473832921,-0.650793655,-0.758163819,-0.228784344,0.167691535,-0.316296536,1.158667023,0.508087714,-1.590845857,0.523727765,0.605543983,-0.434734968,-1.495197587,0.008066759,-0.007708651,-1.121646237,-1.451219216,-0.087553546,-0.233077192,-0.417265365,-0.083410735,-1.102776374,-0.434820613,0.533325031,-0.34997008,-1.671972472,-0.472692278,-1.070158464,0.267136296,0.318837403,-1.658774625,0.759012971,-1.112186301,1.55918229,-0.048776265,-1.246393499,-1.141986071,0.348095292,-0.39129989,-0.09665391,1.612780233,-0.699244064,0.059962858,1.419844487,0.270513475,-1.606602735,0.505389012,-1.163002858,1.406807529,-0.822867605,2.969509508,1.467375988,-0.79661257,0.020013805,0.753644282,0.783660474,0.44233626,1.252159037,-0.122968947,-0.366717669,-0.346863988,0.858373232,0.36518104,0.291283666,0.795234249,-2.051052408,0.310068824,0.218568889,1.668808081,-1.528587982,1.557186632,0.075409129,0.488989531,1.675918788,0.560761268,0.400368289,0.242291186,-0.483478135,-0.028489125,-0.715512766,-0.044566899,-2.335930697,0.429039568,-0.121737254,-0.336203737,0.219758084,-1.433563923,1.929269997,-0.102767461,-0.145844433,-0.96539621,0.023946382,1.38695989,1.035916209,0.854437751,0.546398952,-0.358542528,-1.450163167,-0.201038772,-0.235871465,1.04879444,0.309390442,1.612311528,1.19748854,-0.45649561,-1.795129197,1.385575234,1.359385223,-1.366211591,1.50924002,0.382117171,0.160685498,1.614783254,1.344685173,0.651330952,0.473217066,0.616394291,-0.400057434,-0.05510145,-0.902317155,-0.333039776,-0.366633879,-0.63530537,0.136746503,-0.323980851,0.50223472,-1.622320613,-0.113354794,0.13155164,-0.31062924,-0.1723927,-1.585246011,0.356477105,0.647605983,0.493537294,1.038727059,0.201529606,0.478681181,0.156090738,0.68755072,-1.577229636,-0.893580968,1.586899657,-2.460435822,-0.14017793,1.17227496,-0.093260666,-0.405011071,0.129421677,2
9999,-0.138264301,1.399355437,0.924633683,0.05963037,-0.646936778,0.698223314,0.393485385,0.89519322,0.635171802,1.049552715,-0.535235212,1.317394066,0.197599605,2.075260873,-0.689187818,1.735963803,0.197910783,-0.651418004,-0.483885834,-0.320347308,0.424165946,0.522835488,-0.573700004,-0.024354592,2.142270359,1.72754317,0.43632367,0.038003478,0.120031327,0.613517973,-1.022792565,-0.257376537,-1.668584074,0.399223123,0.64719594,-0.483186462,1.573986763,-1.225765663,-1.46437488,0.224451819,1.047098303,1.683927691,-0.458884263,1.078680833,-0.03850847,-0.1726273,0.883659937,0.652322878,-1.576392157,1.47654035,1.380091354,-0.625562702,0.395803533,0.494030186,0.260673766,-0.550305154,-0.671623368,-0.025554071,1.172729019,0.543600155,-0.370614332,0.771698711,-2.848542621,1.1487657,-1.739713779,-0.362440941,-1.119669895,-1.294681476,1.160826787,-0.467701201,0.346503882,-0.046920579,0.477040827,0.076821891,-1.282992224,0.996266819,-0.493756583,-1.556581899,-0.428115161,1.500759791,0.850221742,-0.348652134,-0.349257704,-0.321635051,2.076747984,0.381935452,0.430041647,1.030283454,0.238789159,-0.259042146,-0.196349849,-0.071601259,-0.037222237,0.727629544,0.051945886,0.732640077,-0.08071658,0.07863519,-1.998200685,0.916327675,0.346488476,0.99801011,-2.896255378,2.088374705,-0.139589628,1.108182817,-1.039905927,0.612773905,-1.053415563,-0.623768961,1.914031354,-0.190682401,0.217432873,0.870067731,0.495681888,0.150418905,0.364961002,2.403415585,-0.057618797,0.201099047,1.050654396,1.105525933,1.187030306,0.638730222,-1.143004913,1.633431532,-1.146345393,0.302635465,-0.75427585,-0.064138347,0.32876241,0.321357215,0.421920754,1.613711269,0.453534302,-0.244156635,0.964087168,1.189470489,-1.227607815,0.59740007,0.701172742,-0.297563503,1.375706813,-0.150055587,0.125576453,-0.173071824,0.015579048,-1.096275087,-1.440050883,1
0.067528205,-1.424748186,-0.443044021,-0.479492967,0.296575545,0.463184795,0.197292266,0.311308673,1.699957375,1.071543152,0.190635591,0.941310581,-1.032523904,0.39792705,1.80930635,-0.218045895,-0.847633929,-0.652088889,-1.089633037,-0.784761908,-0.370508099,-1.405567019,0.015618334,0.902277174,-0.90775618,1.519283924,0.510792089,1.030580586,-0.657834554,0.854525227,-1.0919339,0.890247501,0.17183934,0.55325122,-1.175594606,-0.895069842,0.597228218,-0.948348004,0.463206292,-1.367137806,0.848174213,-1.232523315,0.552299938,0.625630934,-0.696771818,0.582026567,0.260442263,-0.538841856,-1.008554684,-1.962625692,0.349650047,-1.564802771,0.095344199,-0.263448216,0.679142775,-0.302045499,-0.329447786,0.731870704,0.335058029,0.316155957,0.46926759,-1.535572123,0.75678868,0.612468794,-1.016683129,-0.244080474,-0.039307288,-0.134496784,0.333859967,1.431366782,1.081766728,-1.312219193,0.62206999,1.32893332,0.386808521,1.090980425,2.012270446,1.023709546,0.249308596,1.045088474,0.144887833,0.023903043,-0.351414236,1.563413359,-0.818428666,1.532367725,0.499864124,-1.399306175,0.367649293,-2.100026508,0.625508017,0.885231483,-0.592355956,0.123547696,1.954157434,-0.505746704,-1.058907587,1.481663402,1.962587191,0.003695672,1.011463035,1.341475916,-0.742484233,-0.485305835,1.230874513,1.685014279,0.56288086,-0.879814354,1.987061112,-0.530970898,-0.335137781,0.342337834,1.554160421,0.853975977,0.4148655,0.46328853,0.043514669,0.558139515,-2.529560078,-0.296607459,0.241321935,-1.151014084,0.386323318,-0.204471221,1.755475698,1.573019725,-0.465805569,-0.150837712,-0.073947566,-0.451659476,0.195024984,-0.758282069,-1.130615335,0.622711224,0.629529584,-0.80431576,0.895355431,-0.631577729,0.253165238,0.820344013,-0.033612565,0.454740912,-0.516429644,-0.196466583,-0.205859431,-0.746578347,-0.176774163,-1.548618299,-0.491153747,-0.284875493,1
-1.110575845,1.752270443,1.652054456,-1.022240547,-1.409048039,-0.562985716,-1.781901881,-0.845881792,-1.05255647,0.08604625,1.445483441,-0.589258132,0.865101562,0.751262619,-2.220471442,-0.55192213,-0.376012193,0.38145776,0.570065656,0.330826683,-0.894993027,-0.633320055,-1.503242528,0.066385401,-0.367185558,0.532667637,0.696879722,-0.33377151,0.282098674,-0.215819122,-1.11348777,-0.800162291,-2.268902938,-0.395745389,-0.59354405,-1.095136765,0.819179052,0.526281035,0.553747409,0.691624236,-0.001792216,-0.012076494,0.830208149,0.667273017,1.027415639,-0.043607973,-0.986379664,0.237103217,-0.578252576,0.653535589,0.287800426,0.051440997,-0.392026682,1.000676428,0.923900167,-0.560488481,-1.22838294,0.179445389,1.18590253,-1.261788813,0.470362206,-0.820974568,-1.016904231,0.931184522,0.650341663,-0.152290427,0.789499847,0.683519677,-1.486247943,0.084271418,1.412805255,0.473814039,-2.615778323,-1.070649204,0.995773969,-0.557165093,1.121339141,2.046102484,-0.237947814,-0.617839534,-1.006151584,0.758243369,-0.602680081,-0.402236537,-1.108571212,-0.43256451,-0.706716187,-1.981983264,-0.838675305,0.746189624,1.348995653,-0.106669753,0.033695165,0.285982463,1.962610833,-1.009850379,-1.262142691,-0.051594853,0.394209415,-0.03336734,-1.364541746,0.884807448,-0.138137874,0.554377266,1.55279165,-1.463287757,-1.718359718,0.565564596,-2.034477451,-0.399877886,-0.571296829,0.359852315,-0.666108336,0.491966179,-1.06698919,-1.242079186,0.019282945,0.105281477,0.29520709,1.479576537,1.280609976,0.451617199,0.809393229,0.262139043,1.179502368,0.363882584,-0.552242486,-0.752465043,1.150981263,-0.183085258,1.916797204,-1.104440021,1.251439877,-0.426486164,0.407265825,-1.301730861,-1.83849484,1.479985641,-0.438684305,0.985371207,-0.656445327,0.986728197,-0.428623224,-1.210477769,0.646484891,0.944600521,0.640431906,-0.144752919,-1.748857047,-1.068946912,0
-1.47852199,-0.719844208,-0.836062152,1.424495821,-0.091706024,-0.887769512,0.997632077,-0.286794236,0.759514887,-0.291758632,-0.059826144,0.493560204,0.290897058,-1.99553178,-1.12124374,0.929409985,-0.132136589,-0.523731303,-1.358574015,-1.079736321,-2.02179864,-0.101280719,-0.598437581,-0.966587891,-0.068123425,0.363970631,2.093197932,-1.51188342,1.159381043,0.973101561,-0.779092739,0.203235955,-0.457633249,0.18568858,1.509131013,0.605606233,0.508608373,-0.43030932,-1.484056665,-0.208468211,1.206608155,-1.527167857,-1.055089368,0.126267736,-0.984654785,-0.792523447,-0.423598582,-1.365617404,-0.974121846,0.703427917,-1.307369782,-1.597872134,-0.63002498,0.731955503,-0.196921808,-0.464581078,0.044358798,-1.745707433,0.494705654,0.383435031,-0.409308474,1.005924512,-1.127496099,1.127908993,0.154493666,-0.33655259,-0.019873635,-0.107264766,1.220282896,-1.076679127,-0.762519239,1.036302892,-0.595534935,0.900533077,1.699435983,-0.401795027,0.681362327,-1.153692281,0.754733298,0.199423986,0.473038282,-0.645572072,-1.661083416,0.503252065,-2.063403152,-0.317350492,0.941181866,0.191897736,1.948342645,1.025109153,-0.653898388,0.02731338,-0.047370703,-1.582176763,-0.940398916,-0.560760907,-2.036220503,0.047493468,-0.249071845,-1.672893901,0.404212865,0.715872745,0.227034479,-0.324068175,0.591442152,0.68022036,0.30740357,-0.82461225,0.276600766,1.195480651,-0.596629059,2.097939339,-0.525630934,0.032407013,-0.672485596,0.223270836,-1.742221693,-0.546041799,-1.0921212,0.135338348,0.994447376,0.646006187,-2.371659361,2.042069653,0.295279941,-0.77649914,0.157127919,0.176189823,-0.666848717,0.197916667,-0.607472288,-0.404361993,-0.686279136,-1.43267129,0.14583647,0.585299437,0.514883596,0.819925253,0.32434021,-0.532725498,0.839663864,-1.35751754,-0.900671383,-0.964200071,1.080056059,0.942788514,0.487305237,1.071929865,-0.879282782,0.34859512,0
0.342725346,0.456753219,1.073784186,-1.050886869,-0.112907105,1.476325234,-0.182245397,-1.092086508,-2.510150262,0.406151797,0.310190735,0.576086595,0.113090655,-0.53648221,-0.786367682,0.041724114,0.989965158,-2.959431043,0.938691926,-0.290498242,-0.167251484,0.695239504,-0.170772037,0.225791494,-1.63388823,-0.277421049,0.50640564,-0.391646165,-0.331636524,0.164045973,0.431099813,1.521659487,0.439557974,1.351515832,-0.097008763,-2.368551781,-0.428104867,-0.810082505,-0.063049766,-0.321175848,0.263401955,-0.670337881,0.215688943,0.369713791,0.035419652,-1.46329318,0.893765627,0.619732959,-0.191311123,-1.811148097,0.302018928,-0.527907442,-0.549534797,-0.078251958,1.455305586,0.14693847,-0.110662025,-0.521484136,0.031100452,-0.00112892,0.603028554,-0.531477058,-0.812054251,-0.442865187,-0.087057919,-0.021234547,-0.00975588,-0.990948435,-0.085448511,0.68362913,1.272253321,0.984417469,-0.060776665,-0.158310942,1.24304591,-0.109872834,0.867118411,-0.029096049,-2.399170349,0.664019989,0.966253974,-0.328068371,-1.157290863,1.521595053,-0.145856423,-0.343777168,0.44887234,2.736303861,0.484112663,0.178253025,0.069780226,1.654105798,0.527324716,0.863816873,0.30393048,0.535857742,-0.278396515,0.169325607,-0.686121858,-0.508027051,0.490442327,-0.703595846,0.13050444,-0.367629203,-1.124121951,0.227754729,0.77546326,-1.315223142,0.608955575,-1.115055108,1.355555818,0.567060038,-1.3152719,0.852974513,-0.613240424,-0.965440204,0.721760086,1.206762576,0.476319406,-0.371631715,0.169562055,-0.582156979,-0.174379517,0.408073297,-1.426289324,0.446309674,-1.41246965,-1.273757534,0.653851269,-0.844060336,-0.991062367,-0.29560434,-0.591375325,0.231384797,0.174665642,-0.985582866,-1.710962137,-0.202835121,1.100521587,-0.065829138,-0.34760249,1.730360261,0.752607286,-1.727635674,-0.278970136,0.223062134,-1.067632549,-0.292911955,0.0212961,-0.22372517,0
0.785800159,0.425457562,-1.44984019,1.287135705,0.453863404,-0.512439796,0.742127989,1.469135982,0.784159635,1.999685723,-0.885529334,0.972995918,-1.459109864,1.893904167,0.728093733,-0.37347283,-1.155740534,-0.539927992,-0.259490814,0.216166436,-0.017032083,-0.633583181,1.157452667,-1.699241086,0.573295435,0.185722586,-0.006992856,0.630127368,-0.667758528,-0.769746514,-0.289562005,-0.5265739,-0.2369785,0.72002561,0.110423988,0.029719232,0.231231903,-0.330219417,0.903463609,0.565486905,0.005558256,-1.132523546,1.30935531,0.664539474,0.567116461,1.699215402,0.69547995,-0.048545213,-0.510653112,-0.549617131,0.275707852,0.966671531,0.977943781,-1.380469867,0.924575607,-0.296320928,-0.588367389,0.366053265,0.787678273,-1.23322017,0.217374448,-1.621210801,0.791912431,-1.109585049,0.190746897,-0.366433526,-0.570453708,-2.000464295,-1.399143466,-0.075185796,-0.930119442,-0.318625072,-0.786814226,-0.278279015,-1.201723474,-0.476155395,-0.267963491,0.029531055,-1.8249026,0.051224309,-1.111897381,-1.366097065,1.231344842,0.729525612,0.550994888,-0.220785397,-0.580826293,1.487281733,0.134854017,-0.898869098,-0.994810446,0.311182081,-0.348023155,1.033236166,0.072109313,-1.200615589,1.860982723,-1.020568279,-1.222037823,-0.083908659,0.46578964,-0.899383706,0.695530254,-0.493493197,2.445170501,0.333470851,-1.084964292,-0.703552946,0.493149963,-0.81214316,-0.076269929,1.969743818,0.639805741,0.594805034,1.983970151,-0.758915823,-0.016561558,-0.303317721,-0.626441819,-0.255222883,-0.45567872,-0.658111961,-0.295460644,-0.65422525,0.324193529,-0.954688404,1.016884189,0.725773909,0.446031978,-0.458708376,0.044070871,-0.125070141,0.026959331,-1.339060147,0.104569473,0.325108529,1.444055878,-1.006835117,-1.185453605,0.98345545,-1.51218209,1.45556382,1.1830402,0.581210237,-1.517312675,-0.159461884,-0.052480264,0.289248977,0.553925137,-0.749359961,2
0.515047686,3.852731491,1.519019573,0.01116801,0.424585096,-0.321587684,-1.543630522,0.967429419,0.908414239,0.710774025,-0.181945438,0.5970561,0.893761797,1.620158685,0.988526105,0.063821225,-1.308253255,0.155658298,0.256577396,0.709029775,1.353891859,-0.095150512,2.10098719,-1.75928702,0.419341872,-0.798520392,-1.907222,-0.201774376,-1.457172698,-0.161427898,0.034769248,1.118541409,-1.507585135,0.908445166,0.09808045,1.028849154,-0.431751175,-1.332244587,-1.217499326,-1.291807454,0.477814153,1.476922022,-0.564951527,0.629135298,-1.523442058,0.180321249,0.668562616,-1.448124775,-0.203883469,0.71591714,-2.933770647,1.335453062,0.353679376,0.716727648,-0.412719279,-1.722722482,0.534062956,-0.082590325,0.032115455,1.087606985,0.762063874,1.921237417,0.153854229,-0.691212438,-0.188416847,0.415663373,1.015856519,-1.467033951,0.008537615,1.609541657,-0.240208871,0.931011855,0.493117527,0.955860607,-0.809760542,-0.80540167,0.020271892,-1.532221787,-0.269740607,0.252876658,1.784635607,0.402718189,0.625228471,1.164475847,-0.964657589,-0.165082662,2.425412592,-0.079122222,1.116430749,0.963737877,-1.478113714,0.310479277,0.146747472,0.329958788,-0.75411248,-1.116919512,-0.47601,-0.097794997,1.184984448,1.81731082,1.396597846,0.860185211,-1.004340262,-0.408896175,0.209926052,-0.632439038,0.577205653,0.720486108,0.536290063,1.025134605,-0.904591214,0.932828704,-0.69564545,-0.940935953,0.532116134,1.215873562,0.488013486,0.020804024,0.310153826,0.136426918,-1.125950896,-1.242620145,-0.078825879,0.079856836,0.011332378,0.676101614,-0.215476716,0.562979182,-0.144586767,1.823358962,0.080713727,2.340722612,0.352011591,-0.213677171,-0.899447976,-1.442888574,-0.991442284,-0.879606309,0.39482002,-0.526165371,0.186927053,1.281978362,-0.087808352,2.079156698,-1.17581098,-0.150583548,-0.539312924,0.936506606,-2.23979163,-1.443115289,2
0.963376129,0.412780927,-0.413531259,-0.852572589,0.609909123,-0.144487841,0.033567648,1.089379836,-0.113876608,0.015033926,-0.599649511,0.430739934,0.349827913,0.900775132,-0.579128837,-0.45781697,0.792137399,0.252213003,-0.906218126,1.306554068,-1.698450568,0.784284753,-1.265212036,1.885788516,-1.544599727,1.152250652,-0.08163436,-0.36660257,0.185396656,0.631900339,-0.904400502,-0.815787725,0.649604865,-1.707342954,-0.584229093,3.040686954,-0.968012965,1.147802792,-0.585950769,0.509045145,0.654355691,1.128956735,-0.200253827,1.988884639,-0.589336565,0.234220414,0.245276932,-1.12196812,-0.285872255,0.161513499,-0.432121043,2.440923965,-0.838623674,1.179424468,0.856459813,-0.013862135,-0.865209054,-0.76825532,-0.517967299,-1.785741282,-1.003465426,-1.482476515,1.345875003,0.618462392,0.785974099,0.588831952,0.166967623,1.460680332,-0.610762656,0.106669655,0.747058828,-1.321209232,3.096588896,0.028565763,0.141989451,1.256878032,0.914955333,0.038078019,0.130129438,-1.504148531,-0.556465778,0.517210216,0.443892839,1.22116575,-0.120501058,-1.387286513,1.056730431,1.436089346,0.898244573,-0.163633671,1.044386052,3.428910478,0.115152314,-1.311736692,-0.58628505,0.625476,-1.604804311,0.169403075,0.38033665,1.53512174,1.310194856,0.864584792,-2.162679011,0.921053128,0.705513386,0.255944377,-1.730222126,-0.776773909,-1.16682277,-2.01500844,-0.002915151,-0.797822121,2.62530558,-0.168771939,1.293753156,-1.569099025,-0.530089586,0.096897876,-0.908153949,-0.422200685,-0.217950906,-0.233907985,1.855118573,0.378226285,0.479510563,0.539654774,0.612626377,-0.082886984,-0.320746371,0.16681606,1.156803949,1.126238188,-0.240398476,0.767843695,-0.194584663,0.033870549,-0.473523382,-0.181645139,1.34133007,0.092421147,0.135282509,-1.447217779,-0.309243908,-0.241314904,-0.829143485,0.021665412,-0.42918229,0.079995855,0.12150301,-0.955754358,2
0.024510174,0.497998291,-0.499356832,0.894240871,0.742402068,2.045279918,0.610564298,-0.498414322,-0.904651309,0.952945261,-0.814986884,0.809736687,-0.759913994,0.349158384,-1.059751215,0.779885354,-1.233671656,0.27295733,-0.197839934,0.101806437,-0.395803834,-0.419259947,0.154781204,-1.002138378,-1.008022062,-0.3585495,-0.39747014,-1.005396464,0.924214693,-0.334473418,-0.226662203,-1.327528326,2.071635855,2.427067396,-0.780398578,1.226086381,-0.091813384,1.603769593,0.336233086,0.099762169,-2.49926954,-0.878605973,0.02052067,0.198666253,-1.214833714,-0.728771529,0.553447017,-1.38321073,0.133729724,1.237953531,0.385469629,0.335486743,-2.020151449,-0.821912776,2.054201834,-0.599161918,1.26447621,-0.610840889,-0.277820502,0.515586845,0.100693016,0.381512451,-0.818390255,-1.136270189,-0.885871614,-0.532318141,-0.229281382,1.037275381,0.087341456,0.484597103,0.141601013,-1.115434254,0.017269526,0.13078211,0.759923221,-1.06858807,-2.040410865,0.176263815,0.353850002,-0.179384806,0.028020901,0.878772379,-0.458805577,-0.278640842,0.079036445,-1.219814679,-0.151897225,-0.063743317,1.637042214,-0.298115658,0.20001124,0.918617605,-0.837484725,1.375740387,1.763870232,-0.028896288,-0.539426061,1.627119424,0.795630873,0.081969205,1.42684382,1.320992189,-0.336256954,0.248729853,0.576792488,0.02873003,-1.390870591,-0.938259504,-1.358262785,0.492924303,-1.184352317,0.192418071,1.831903826,1.427770185,-1.837416647,-1.278701471,-0.776516424,-1.169023689,-1.653814377,-0.01084034,0.705100549,0.954034039,-0.474476171,-0.2719037,0.355677245,-0.108485562,0.810606776,0.430364863,-0.376304424,-1.856636312,1.499031605,-0.686082289,0.357558646,-1.916591669,-0.011316583,0.100261961,0.148602073,3.013793283,-0.631118374,0.820664227,0.523232452,-0.678638993,0.805669403,-0.164320937,0.875243218,1.960962623,0.150798891,-0.281125229,1.051556184,1.396653166,0
0.113517345,0.662130675,-0.380690689,0.025704882,0.23492305,0.313050049,1.146579061,-1.098695815,0.570252724,0.755027794,0.985851779,-1.412917599,0.254819218,1.716075946,-0.099120519,0.483494702,0.780395595,-1.025469844,1.833824729,0.499500797,0.519502814,-1.662027378,0.794544798,0.506410341,1.624191328,-0.311265214,-0.98765833,-0.682238995,-0.504978235,-1.118846518,1.290160024,1.327697863,-0.195791701,-0.392759922,-1.815481913,0.695961255,1.653440109,-0.637194717,-0.116784526,0.434291461,1.724418361,0.199776222,0.195429916,0.179318501,-1.425032507,-1.446790654,-0.807995169,1.012890574,-0.335357071,-0.529604049,-0.547174604,-0.137656878,1.702107934,-0.151197386,-0.786297405,0.025245629,1.755083606,-0.502824719,-1.181005008,-0.50099127,0.128763736,0.688240951,1.006883579,-1.045717274,-0.950845334,-0.323262259,0.684493025,-1.260007898,-0.60732691,-0.592743729,0.941748855,0.528260761,0.903718361,1.338677974,-0.305650095,-1.187406155,-1.180963618,-1.838107565,-0.45876683,-0.384222615,0.787553407,0.016914217,-0.490328444,-0.115998726,-1.038973484,1.025406571,-0.785915563,-1.139931272,0.817881967,0.574164208,-1.723685379,0.855001635,-0.741592639,-0.374104528,0.187020108,0.586624883,0.445479175,-0.049818331,-0.424643329,0.412220694,-0.118387837,1.805354459,0.58640901,-0.923415625,-0.477599951,0.048192177,1.299431215,1.411105009,-0.39613472,-0.933634217,-1.061497641,0.252428757,2.303784309,0.539094104,-1.593912527,-0.726004103,-0.623914202,-0.82200252,-0.387893825,0.369394861,0.681981169,1.091763491,0.524202573,-1.95415024,-1.057304588,-0.158094037,0.147279856,0.86141836,0.043184176,0.050707254,0.237797363,-0.255021739,0.08688514,1.125832179,-0.083910899,-0.030212727,-0.033585405,1.297773814,-1.108053327,1.775846895,-1.176381855,-0.654220261,0.74473827,1.030316695,-1.403499017,-1.092701863,0.277842809,2.344419388,1.246262781,-0.24809705,0
0.208863595,-1.959670124,1.192735165,-1.257868156,0.731380253,0.590422061,-0.142146537,0.338687318,1.029457482,0.87231538,-1.143019312,0.820158187,-0.064688605,0.072874098,0.073196991,-0.150242989,1.191707497,-0.08371796,-1.119546128,-0.393529856,0.178694717,1.229214784,0.603094685,-0.850535279,2.485189917,0.264775311,1.275390738,-0.151714434,0.533359245,0.839468505,1.218194712,1.057368305,0.872197,-0.315086731,-0.571746042,0.33260751,0.933128072,-0.222720701,1.065171966,1.452616745,-0.916320919,-0.836920704,-0.140375059,0.307612668,-0.524567014,1.352202679,0.424066862,0.039447048,-1.435909524,-1.315815816,0.28100925,-2.132595626,1.01263741,-0.158153844,3.24309297,2.307916251,-0.181449069,-0.106337003,0.995581514,1.70317261,-1.638029057,-1.786375465,-0.622034806,0.582737583,0.496873591,1.069771455,-1.199697528,-2.316143863,0.858014195,-0.828196273,-2.018487864,0.145063746,0.793175688,-0.122057132,-0.457848386,-0.159362232,-0.370582762,-1.348047112,-0.714680677,0.521279905,0.321678541,0.168059806,-0.995148482,-0.181503162,-2.177065046,0.178476664,1.428857708,-1.474132132,-0.585927673,0.329106779,1.252842634,-0.448224616,-0.692250329,-1.968923142,0.103438129,2.04207604,0.277358462,-0.022278979,0.322082311,-0.011092004,-0.813014372,0.823279916,0.225761523,0.017613252,-0.975366027,1.303507932,0.664702745,-0.552920837,1.001824854,-0.497570838,-0.782003493,-0.759703117,-1.771068553,0.47154238,-1.831144878,-1.228443831,-2.075588009,-0.086069693,-0.15032046,-0.326696213,-1.042577695,-1.172233753,0.464369864,-0.550551932,0.316358322,-0.885248686,0.181062743,1.303278037,0.5861658,-0.412413818,0.25719897,-0.240665175,0.007880185,-0.325611052,-0.164335206,0.212093353,-0.9933587,-1.015878827,-1.388542554,-1.600271105,-1.217282692,0.159462507,-0.892787515,0.513614464,0.034713749,-1.968504213,0.654975584,0.810798646,-0.993862675,0.420191543,1
-0.544919087,0.399136114,0.087247588,0.57722147,0.071330396,0.43690577,-0.334732743,-1.027740297,-0.367011636,1.368786631,0.374619569,-1.520734528,0.130068274,1.273781866,0.761339542,1.286810461,-1.488532523,0.125783373,-0.348262397,0.594972603,-0.84911791,-0.86656881,-0.003068506,-0.921752755,0.259425202,-2.039149966,1.175739822,-2.785198782,0.904721966,-0.580911828,-1.449537684,0.169992925,0.885614239,1.158502372,1.125789191,-0.858438227,0.204849145,-1.778043401,0.079295003,0.338101727,-0.375134611,-1.835683406,-0.593850145,1.907315388,0.391019219,-0.484675986,-0.15917166,0.384615396,-1.549217367,-1.497235666,-0.736186925,-0.511303724,1.793958945,0.070654632,-0.516907226,0.056520263,-2.024848074,-0.904089843,-0.748486023,-1.020546123,1.234483104,0.66007982,-1.210536234,-1.266838733,-1.259428352,-0.18673409,0.200130417,0.416134474,-1.014410586,-0.178365821,-0.055881701,1.196940792,0.774209169,-1.435263798,-1.883756799,-0.111012274,-0.637228006,-0.96095354,-0.756401492,0.579545192,-1.503667824,1.848341749,-0.717526001,0.632534355,-0.669040586,-1.518267274,-0.145947378,-1.25401701,0.147099273,-0.025197367,-0.694612438,0.151435887,1.038839233,-0.10994457,-0.728562292,0.399940865,0.441571417,-0.284901722,1.373472108,-0.29954058,1.487941082,-0.654728611,0.85038017,-0.219794303,0.268546132,-2.026192355,2.168729979,0.316935933,1.016766182,-1.377682313,0.171589424,-0.179421026,-1.057603578,1.285284884,0.14627208,-0.054161498,0.624750562,-0.854682717,0.161289746,0.090182246,0.134131682,1.02730307,-0.424471709,-0.529972883,-0.614369829,-0.655762229,1.102334358,-0.070690483,1.022804963,0.271021641,-0.874123609,-1.506962579,-1.452028749,-0.890859421,1.019721548,1.300791935,0.092953342,0.926912028,-0.554989071,-0.627828103,0.770772529,0.166265417,0.73348401,0.051226782,-0.375364141,-0.215743074,0.307130577,0.239862366,-0.931910607,-0.121702739,0
-0.252568151,-1.247783182,-0.203678635,-0.574908829,2.078156617,-0.535714633,0.440881011,0.145522492,0.352750225,0.429088404,0.881361487,0.266446076,0.224895795,0.058477068,-0.138417852,-0.911797882,-0.060868377,0.241267375,0.402164557,0.180284773,-0.232955013,-0.057079903,-0.553646485,0.313223991,-0.221128228,0.180560938,1.000803043,-0.70935891,0.596695381,0.03321018,2.0211936,-0.216300328,0.695164583,0.015353452,-1.388304508,-0.520689096,0.880471105,-0.432694461,-2.220256315,-0.031403017,-1.092336298,0.131817733,1.551147081,0.769457311,1.536655829,-0.561512021,-0.143166334,-1.044436197,-0.684043445,-0.926884832,-1.306722969,1.365856625,-2.091960295,1.370138905,1.246058925,0.499792675,-1.114507268,-1.582175111,-0.548403681,0.625120456,0.003063637,-1.043499495,1.148204785,1.684383328,-0.226599164,0.109336904,-1.508848684,-0.414386716,0.510439978,0.35485654,-0.507667849,-0.274243508,-0.447210737,-0.278464714,0.423234803,-1.967537085,-0.074349515,0.349975536,-0.570484686,-0.479333044,-0.450394441,-0.479049974,0.005883778,0.129002758,-2.100514316,0.652880371,-0.289998884,1.932963175,-1.191648539,-0.867314509,-0.202908979,0.41322545,-1.950767327,-0.829100052,0.591320161,-0.948123946,1.370026376,-0.453883599,-0.899373201,0.610244258,1.607617387,0.416396259,1.260429399,1.676635341,-0.92185868,0.938391334,-1.523470509,0.424902532,-0.071317891,1.242950203,1.172251513,0.569783351,0.298427899,0.508368677,0.061770871,-0.061195741,1.442578172,1.56288982,-0.141659198,0.237636403,0.081655225,-1.611698442,-0.336435578,1.599704201,-0.749775875,2.114543462,1.17212631,0.401498151,0.560843286,-0.917206696,-0.265228752,1.44139911,-0.614529339,1.061131757,-1.377040189,-1.198158412,1.901384666,-0.011837146,-0.538499887,1.362740827,1.245821555,0.920754565,-0.569897919,-0.286917576,0.311628824,0.694399342,-0.508483574,0.170737111,0.267391301,1.286769756,1
1.76545424,0.404981711,-1.200643732,-2.081341389,0.817866425,0.243221573,0.901998378,-0.437235942,-0.712777885,0.006547967,0.854199649,-0.231452215,0.801785184,-1.006308006,-0.161447133,-0.070114144,1.226389944,0.207627398,1.746077518,-1.3476848,0.129918904,0.179398039,0.620093198,-0.813359936,1.684446339,0.012963941,-1.087067513,-0.01602499,-0.313161523,2.783235142,1.0499436,0.049661356,-0.111916685,0.951056862,0.99886216,-2.911549919,0.642993155,0.027966544,-1.311143822,0.88021414,2.246188014,0.556795947,1.100428442,1.804119092,-0.830262151,-1.857571445,0.656866063,-0.247611536,-1.374173452,-0.078169936,0.727547374,-0.148971665,-0.786827631,-0.22350706,-0.019476465,-1.929482263,-0.142774953,-1.344340472,0.659025952,-1.561042576,1.012692205,-0.409165069,-0.542975707,0.294454597,-0.866034445,0.278745754,-0.732108775,-0.556734512,0.405354169,-1.138580734,-1.264337302,0.248225507,-0.026899852,0.168692745,0.327639237,0.057375554,0.608092624,0.097436287,-2.0073039,-1.747884595,1.92794918,7.19E-05,0.950241652,-0.345703906,-0.058015094,-0.453364654,2.465927331,0.253242422,-0.534857906,-1.651539713,1.973733443,-0.163278385,0.74422912,0.85599729,-0.462830523,0.672452775,-0.604138287,-0.990426362,1.164464693,-0.15818938,0.518512834,0.410920994,0.63793196,-1.556536934,-0.585290531,-0.324475157,-0.831478673,0.429006848,1.186893078,1.345184655,-0.339204765,0.291965862,0.445643504,0.621256094,-0.878135073,1.820580268,0.926520184,0.952649344,1.203460057,0.534135942,-1.027313423,-0.138972732,-1.651053395,0.41507251,-0.169213658,-0.040522384,1.20400113,-0.456994039,-0.252123159,0.021973296,-1.839992249,-0.266063656,-2.485794912,-0.585521562,0.855189053,0.447266558,-0.59482031,0.040798218,-1.074989567,-0.002343403,2.930320285,1.84580132,0.05262213,0.160144165,-0.979565315,-0.801789108,0.362184322,-0.524892566,0.904149595,1.569685681,2
1.083051243,1.053802052,-0.932559388,1.858802636,0.259478823,0.018796192,-0.85553267,1.179538268,0.517275427,0.62923818,-0.507531344,0.834100572,0.911813594,-0.668778239,-1.41699014,0.581373059,-1.57334695,0.152015778,-0.447245105,1.218665211,-0.392843891,1.107272972,-0.514209444,0.999991005,2.060341544,-1.068047138,0.292035722,2.748782416,0.066588827,0.06178827,0.788498947,0.041080864,-1.707225995,1.132287375,-2.002948414,-0.416791651,1.207425749,-0.356542429,-0.693696492,0.879263905,-0.851114787,-1.22222572,0.274513987,-0.182923298,-1.243673114,0.63695254,0.464487606,-0.359755017,-0.291332006,0.470392742,1.19036142,-0.28279321,0.654688493,0.565200217,0.879307293,0.039309199,-0.912325514,-0.462499153,0.342853466,1.818464378,-0.484019623,0.804787444,-0.328056451,0.110468756,1.515396749,0.764292581,-1.241299273,-0.572475024,1.256221344,0.141878043,-1.14884012,-0.818952445,0.703493523,0.994410281,0.017855301,2.475313801,0.824152363,-0.24348107,-0.815706048,-0.974884305,0.33542132,-0.488777045,1.673743754,1.466311803,0.633066547,-1.178996173,-0.672218873,1.255677526,-0.5630662,1.122141734,0.474603923,0.051717885,-0.702832813,-0.094243844,0.189647955,1.032538898,-0.885735601,-0.262816843,0.044823132,0.662678358,-0.908464338,-1.316569793,0.673965152,-1.517949115,1.284979715,-0.155926097,-1.547531082,-0.480420219,0.379123633,-0.532701088,0.020029749,0.740078366,-0.202190335,-0.937057676,-0.298983997,1.414840136,1.685064345,-2.019926174,1.091027909,0.250147716,0.923982679,-0.55048826,-1.76826351,0.584488789,-0.940977261,-1.388292431,-1.318401382,0.600913782,0.139452466,0.782466022,0.669075254,-0.420933565,-0.070473574,-0.511437529,-0.210327773,-0.967254738,0.390484294,1.075120749,-0.81661303,1.281269645,0.113521496,0.241078976,-1.69942952,-1.80726231,0.144116363,0.789732125,-0.671380444,1.670093901,0.734935974,-0.908341252,2
0.091760777,-1.987568915,-2.217591079,-1.168177828,-1.096875079,0.822066078,0.872153106,0.324036443,0.824102897,-0.164149413,1.20193167,0.008788443,0.057864047,-0.265592633,0.684450478,-0.421198817,0.976431377,-1.132149141,-1.098916255,0.687426755,-0.088544215,-0.453891416,0.890057732,-0.607261414,-0.200201254,1.39922795,1.539142346,1.57239821,-0.282125777,1.230702905,-0.948952828,-0.906902875,-2.350455853,1.672868202,-0.863979849,-0.12653258,-0.910324342,0.695165248,-0.375633661,-1.30481689,0.441662564,-1.433730025,-0.837405725,-2.106889115,-1.423958112,0.17852917,-1.964536038,-1.481145725,-0.002368916,-0.543606896,1.992036636,1.833896546,-0.867922463,0.557137618,0.749282557,-0.597478858,-1.495541536,-0.012298449,-0.172845675,-0.435764497,0.442316868,-0.750729607,-1.151997548,0.10908297,0.385970093,-1.176644944,0.928090611,-1.770481138,-0.578113459,-0.258008536,-0.636223713,-0.565060474,1.871074482,-0.850884089,2.441221722,0.43712678,0.092055137,0.476240353,2.529927749,-0.993593004,-1.120417919,-0.754866197,0.032143147,-1.725771125,0.022339239,1.693547133,0.151407391,-0.292685459,-0.618160449,0.898511705,-0.825832773,1.846395921,1.933359748,0.256750799,-0.011515088,1.030659808,1.094798502,-0.805991731,-0.526555133,-1.322347435,0.409064938,0.666627883,-1.349925638,-0.455198905,-1.347253918,-0.89879981,0.55101706,-0.733482067,-0.300825956,-1.627311728,0.18699021,-0.04427332,-0.72895925,-0.189014298,0.180294881,-0.814868149,-1.476262544,1.805574433,-0.633272705,-0.096760103,1.010839735,3.529055188,-1.24448645,0.449827214,-0.707552285,-0.538790305,-0.720212021,-1.125654968,-0.041291362,-1.474502687,0.946807567,0.055002936,0.422434973,-0.466188612,-0.367203934,0.287563905,-1.164050632,-0.357990434,-0.859613514,-0.890568811,-2.109838241,1.339326589,-0.686538753,1.163376055,1.068792321,-1.285999707,-1.088411236,2.560502959,1.750925942,-0.031518513,1
-1.280304399,0.872457328,-1.105024395,-0.291062465,0.326128685,1.260691081,0.361015063,0.131909771,-0.928277345,0.901676841,-0.278333839,-1.409744104,-0.884547216,0.683545834,0.716051889,-2.681046108,-0.09153577,-1.292570331,0.395774815,0.588480313,-1.073997845,0.00988129,0.836098199,1.023647213,-0.845362204,1.078966696,0.257923454,-0.493476349,-0.090556441,0.800215591,0.783096647,0.907531668,-0.672522464,0.224229137,-0.239826732,0.212023904,-0.506967474,1.587411227,-0.018097092,-0.13903292,0.444199943,1.109028052,0.045177984,-0.312314986,0.890167836,1.741595847,1.420827746,-0.983991903,0.772907412,-0.07010739,1.273756511,1.833366441,-2.373510213,0.013535827,-0.456578624,-0.710797451,-0.923063444,-0.446879091,-0.28943713,-0.350707817,-2.022029152,0.128044296,1.055336018,-0.557833371,-1.641775974,0.095315562,1.060701878,0.156990624,-0.727090527,-1.049230695,0.706001853,-0.231965343,-0.519113341,-0.607224624,0.219957497,0.116940798,0.054309368,-0.964846219,-1.025350977,-0.65069075,0.290112201,0.549517119,1.466601667,-0.836682564,0.725554057,-1.719764904,0.350170134,-1.512409241,-1.225433924,0.752983436,0.152877481,-0.317002589,-1.393998102,0.369108187,0.086556766,0.723414766,-1.736631005,0.620117173,-0.542221352,0.291115276,-0.062715652,-0.851259032,-0.411902469,-0.877058501,-0.525233458,-0.909085346,0.401572825,-0.85987756,0.557770047,3.265758291,-0.256902469,-1.582027025,2.104034477,0.349001879,-0.130157458,-0.374484256,-1.051174387,-0.338565735,-0.779899697,-0.770679218,0.58588901,0.971281194,-0.225750145,0.502013984,2.095594911,-0.840661662,-1.633832165,0.832791612,-0.733775928,-0.527386326,0.123042293,1.239132599,0.131031672,-2.119501645,0.358233596,0.231551644,-0.86023377,-1.702264685,-0.382229884,-2.303078176,-1.786745729,-1.350996892,-1.252608909,0.879166203,-0.150812156,0.348545179,0.208093287,-1.538678628,-0.563665,-0.228229166,0
-0.702053094,-0.327662147,1.639256517,-1.922771772,0.577072184,-0.17802329,0.155155343,-0.398283034,0.11758863,0.151407396,-0.578951757,-0.896367548,-0.448695683,0.234259264,0.598996342,0.853348977,-0.494190023,0.283844567,0.962502592,1.165594895,-0.058832854,-0.220931725,0.191124234,-1.149707473,-0.193609511,0.744586398,0.641947129,-0.270267604,0.217718201,-0.82465034,0.703492148,-0.077821436,-0.275951452,-0.361723836,-0.062893867,-0.447877645,0.658143036,-0.395283548,1.592964096,1.465210503,-0.89154349,0.069704269,-0.650656621,-0.326647563,2.002427468,-0.307571417,0.360226037,0.541321294,-1.000629372,-0.855095474,-1.206022371,-0.885970734,-2.850030109,0.544582401,2.054193841,0.147820739,-1.416268859,-0.642776383,-0.458876845,-1.017584777,0.860182638,0.810260044,-1.155451794,0.725081044,1.526812664,1.902558205,2.865212023,-0.901992649,2.824220426,-0.354206389,-0.592465455,0.327072375,-0.582061334,0.399044141,-1.320077188,-0.238752602,1.285582234,-0.057061291,0.141595787,0.475258605,1.170661629,-1.655224712,0.584524052,-0.268139139,0.166637895,1.05995017,-1.194186651,-1.012644441,-1.93542996,-0.549158942,1.330432344,-0.120587188,-1.340124896,-0.485678745,-1.487861703,-1.125186102,0.38881891,-1.173873326,1.112634305,-0.071120291,0.085594704,-0.278372968,0.772847839,0.783159888,0.335054352,0.564789106,-0.21208967,0.542203007,-0.337877775,0.002231622,-0.274643749,-0.457218539,-0.689111798,0.467690104,1.310605913,1.171101972,-1.256565336,1.289203051,-0.318158502,0.600733015,-0.906215332,0.141979914,0.313723183,-1.484604792,0.608267166,1.345935008,-0.174647946,1.360168131,-0.189693493,0.849584531,-2.218569966,2.418777779,1.495458245,-0.284625504,-1.972089027,0.288028368,-1.443925547,0.444853538,0.411565719,-0.941403169,1.120967024,0.805574703,0.975823337,0.008857704,-1.415524067,0.977872272,-0.270371399,-1.389780143,1.352039366,2.099407521,0
,,,,-1.564850638,-1.723195231,-0.593131556,-1.779104678,-1.263387539,0.351208915,-0.037883028,-1.720938401,1.170032968,-0.421960989,-0.5182778,1.016555816,0.410879281,-0.042420752,-0.494587988,0.569620786,-0.432812536,-0.22836774,-1.176495726,1.142560334,1.552595748,0.211893221,-0.486148308,0.935449744,0.588650926,-0.443769563,1.151143372,-0.424456856,-1.28612734,-0.065791908,1.08434403,0.10276837,-1.172634679,-0.403124402,1.196315015,0.273824501,-0.018879733,-0.130413117,1.07987719,1.01466769,-1.401178387,0.939928156,0.516422804,1.592985833,-0.069131497,1.135232718,0.468932977,-1.113897648,1.020597661,0.809421276,-0.649926415,0.289511907,2.107754091,-0.483038868,0.726168581,-1.09487997,-0.570308855,0.810563391,0.2566812,-0.201237577,1.702496561,-0.921812584,-0.145979217,0.491772516,-0.871507592,0.509230233,1.074675448,-0.114602039,-0.685259468,-0.31244014,-2.67840811,1.006123664,0.264590332,-0.176426314,-1.666790246,1.109039325,-0.43759668,0.565243212,-0.011393249,-1.614898418,1.268543105,1.078583578,0.764033572,0.314847192,-1.197478753,0.868964085,2.204998844,0.11613578,0.135688305,-1.101839177,-2.070399891,-0.359115596,1.481668169,1.343758714,-0.065408278,0.430129294,-1.218361756,0.111226258,-0.524431143,0.054671154,-0.27465344,-0.29250614,0.996398938,1.963922748,-0.169455655,1.418630386,-1.241564302,-0.092238603,-1.296193632,-0.312363842,0.715698856,1.118634125,-0.778525461,0.458066521,1.229994348,1.087727598,0.258957019,-0.589184237,-0.688835696,-0.842649986,-0.031611456,-0.82315545,0.678039368,0.2283367,0.183016878,-1.840475546,0.027779909,-0.459118313,2.166417624,-1.27994754,-0.205424581,0.383098513,-0.972712788,1.928252687,1.948788145,-0.858417663,-0.591808195,2.146812894,1.395270782,-0.369346727,0.431435794,-1.386728361,2.196738267,0.072861552,0.585586403,-0.935045932,2
-0.16711808,0.146713686,-0.701565618,0.351153073,-1.129977853,0.38042598,0.742525089,1.032941118,0.568797493,-0.189949328,1.024226557,-0.55201028,0.298251582,-0.729507226,0.229772553,1.494149433,0.772852875,0.922059469,1.113697821,-0.070137262,-0.87302443,-1.853592288,-1.084031485,0.117006333,-2.03289896,0.177044571,0.493903928,-1.564181137,0.879233653,-0.421422079,-1.63531523,-1.692825538,-0.05563714,0.084813009,-0.014773017,1.036975961,0.062076342,-0.580411496,-0.32048519,1.081528806,-1.120573258,0.159019378,0.205060239,1.022833143,0.111691196,-0.956574234,0.19217885,0.719322493,0.139765028,1.096390428,-1.306762459,-0.157580567,0.006005153,0.772421255,0.899491265,0.024231247,-0.360869518,0.188111413,-1.140618828,-0.489281115,0.569977183,0.353578117,-0.662281574,-0.781864436,-0.79941972,-0.73052864,0.147277203,1.201181983,1.322080361,-0.921867319,0.329953337,0.281726744,0.211824791,-0.976808813,-0.742185211,0.344883065,-0.384808891,0.090537956,-1.013615976,-0.489616625,-1.33393997,0.264305236,-0.348173758,0.265728712,-0.366609794,0.235663643,1.805152465,-0.523776936,0.491446267,-0.659299476,-0.132046849,0.47292364,0.283245589,0.690821496,0.956436012,0.664793833,0.920240541,0.213003932,-0.728591089,0.800652359,-0.381397179,0.69391074,-1.255037342,-0.355773703,-0.691200121,0.3924626,-0.577104739,-0.015231106,-0.145331419,1.026557329,0.470848229,0.289723948,0.020343771,-0.767088981,-0.876701746,0.277236983,-1.414069732,-0.037627809,0.107309133,-1.410666693,-0.056185512,0.00626781,2.078698939,0.009420089,0.87519205,0.446530324,0.257963576,0.829984535,-1.443279784,-0.088618003,0.281347106,-0.962511132,-0.046712872,0.094060337,-0.168702108,-0.887502269,-0.753783587,-0.320659121,0.384625629,0.09509375,0.199265544,-0.231222064,-0.840410495,-0.306853997,-0.832816705,-3.027927188,-0.01354603,-0.260272862,1.236535687,0.689037912,0
0.195845255,-0.978372778,0.348873359,1.987737359,-0.884762528,-0.6443528,0.609450331,0.226383765,0.351228072,-1.405151933,2.181078603,0.451526088,-1.58209319,0.611305345,-1.10335823,0.929130785,-1.315594241,1.006052769,-1.22077993,-0.974325509,0.137675464,-0.611657509,-0.554427406,-1.529826625,-0.329757172,0.883847155,1.878371042,0.827559309,0.684795637,-1.688504476,-0.028751915,-0.651616635,-1.510696691,-1.272107496,0.667980359,-0.557341061,-1.475033166,-0.636299911,0.289466242,-0.674251239,-1.210093309,-0.920205142,0.884460278,-2.077855129,-0.26802751,-0.115150133,-0.755886605,-0.958138529,0.98342906,0.980011615,0.105319202,-0.543370638,0.112622109,0.404383662,-0.111869553,0.431353337,-0.353624466,-3.151305663,-0.193419863,0.684935768,0.030658884,0.34366871,-0.271330941,-0.192985777,0.170839734,1.943556707,0.842282003,0.709974869,0.204805812,-1.331720009,1.225644556,0.907255562,0.365925245,-0.043846697,0.545915988,-0.231102281,0.727945495,-0.837901261,-1.910052201,-1.201174817,0.141022066,-0.301738906,-0.147741518,-1.296081662,0.301936016,-1.036602802,0.496576021,-1.414761123,-0.838735942,-0.973165678,0.573797205,-0.461885048,0.424693924,1.140423452,1.78001441,0.231159007,-1.101945534,1.251228643,1.511355439,-0.059842912,1.318637626,0.333298488,-1.659182806,-0.63100173,-0.505165356,-0.36368254,-0.933457374,-0.964688552,1.345933976,-1.736681775,-0.724027561,0.621049025,-0.55748285,0.40033856,-0.401384994,0.437435427,-1.037954066,-1.858534276,-0.401092201,-1.788176505,-0.066867203,-1.136702413,-1.12469985,1.472031256,0.273718175,-1.536219974,-0.04830732,-0.142951715,-2.068467985,0.347651762,0.952822118,-0.422847451,-0.292062872,-0.557201971,0.385454122,-0.249462645,-0.209625247,-0.809418548,2.04133439,-0.259611325,0.700585517,0.265465275,-2.55963585,-0.370699803,-1.152975163,0.97673507,-1.266380406,0.494820166,0.996492325,0.280407318,1
-0.019016208,-1.002529365,-2.090854797,1.078829954,0.423096244,-0.251640515,1.109383981,-1.071156077,-0.819981055,-1.93379328,0.774353695,-0.810341286,0.015695613,1.002576401,1.370850755,-0.029146351,0.384237436,-0.903850246,1.683373343,-0.16615056,0.080284952,-0.406853072,1.199248998,0.199593923,0.760934577,0.35395814,-0.220409383,0.929468561,0.345316195,-0.960979061,-0.989211384,0.148826729,0.907457902,1.639420549,-1.777213458,0.025659849,0.489647662,0.295669135,1.009327105,0.655533976,-0.985500184,-1.014791689,0.312454856,0.990505424,0.143417553,-1.57793307,-1.047171415,0.691515856,-0.348645091,0.117957303,1.065418039,-1.202209048,-0.414242656,-0.522872813,0.355402537,0.772888178,-1.480267457,-0.005536359,0.869329104,-1.854786451,-0.064392441,-1.215784441,-0.641566904,-2.505034589,1.392734119,-0.355829127,-0.807191864,0.328267045,-1.042310233,-1.137244529,1.51032917,1.808663028,-0.592063672,1.06735471,0.356040444,-1.413831292,-0.928131894,1.551099799,-1.426795033,2.280999338,-0.571362176,1.580814906,-0.305563795,0.799903592,1.39503314,1.389953818,-0.584365531,-0.8573881,-0.08121201,-1.300479621,0.239264176,-0.820796652,1.082709774,-0.570112416,-1.742258969,1.400914776,0.183368003,0.02913489,1.094394785,0.871576502,-0.761853544,-0.449781606,-1.11295525,-1.464452055,0.578592535,0.39218431,0.760829212,1.281605441,0.774474795,0.863459476,-2.077961258,-0.306985242,0.964576495,-1.168208736,0.091671383,0.519464441,0.442853494,0.368796308,0.598912719,0.180743895,-1.462928207,0.506955535,0.284746561,-1.449748451,1.379735211,0.5338377,-1.380348321,-0.817225164,-0.564052042,-0.564763439,0.293050189,-0.976351751,1.128136747,1.045803451,0.61931731,0.044241775,0.937447515,-0.275947723,-0.724488861,1.190109646,0.317542757,-0.684057641,-0.417742367,-0.736427984,2.022174859,0.004098437,0.157771311,0.721219048,-1.215360983,1.096547266,1
0.326927374,-0.219100529,2.060799193,-0.273316471,0.410970441,0.136269635,1.513615981,-1.392632345,-0.227369573,0.919397858,0.813533875,-0.042808178,1.392311073,0.233478328,0.113700183,0.697043024,-0.060895322,0.050261567,-0.787291996,2.933402993,-0.473412876,0.72924445,1.908723849,-1.342819864,0.611174562,0.023162701,1.794731609,-0.909211114,-0.752254741,-0.049908168,-0.49351439,-0.45927762,2.028429323,0.127042702,-0.784685433,-0.390016751,0.404891559,0.337367585,-0.57726375,-1.628031691,-0.050540259,-0.077594925,-0.646130221,1.279779766,0.574577901,0.134818365,-0.360711293,1.733028623,-1.154472841,-0.496596064,-0.452368085,0.298960613,0.66088483,-1.336574619,-0.684610025,0.447644393,-0.665146606,-0.401776087,0.172644702,-0.979925481,0.277611323,0.612559837,0.038386779,1.425383815,0.725422512,-0.040921732,-0.321424782,1.75471924,-0.661457104,-0.272172556,-0.409816695,0.39780339,2.255156295,0.24667271,-0.322074059,0.188671573,-1.312858608,-0.187784408,1.704084289,0.661989998,1.230967321,1.013346405,-0.708799626,1.911988238,-1.776048545,0.332497389,-2.059650061,-1.713307613,0.935565151,-0.691332773,1.244885578,-2.174367445,-0.088508201,-1.215942458,-0.328521318,1.548348615,1.791802214,0.512928915,-1.594619613,-1.206684886,0.160054962,-0.805908905,0.657972538,1.675925127,-0.982669894,-0.89506156,-1.18043518,-0.254258926,0.05222748,0.021581483,0.897685287,0.392971613,-0.058714152,0.040915408,0.085512116,-0.057804023,-0.677114665,-1.203070639,0.142277149,-0.499300222,0.525103919,0.07198268,0.01491445,0.984473707,-1.404611671,1.769249148,-2.184979531,1.450795695,0.200836997,-0.524043572,-1.471636369,-0.599489629,-0.163677058,0.194918054,1.445597389,0.073414199,0.319654025,0.350113792,-0.327537667,-0.192206926,-0.10695245,0.626454609,-0.91292875,-0.506577112,0.356339227,-1.076483506,0.113650187,-0.545677564,0.50528623,1.373822983,1
,,,,-2.022813958,0.565623021,-0.755613157,-0.334261502,0.693989062,-0.930379016,-1.602206905,1.219423642,-0.058308559,1.257344543,0.626132901,0.65564696,0.163435011,0.16260667,1.134510767,0.814471978,-0.589022939,0.493000831,-0.619343423,-0.312606049,0.568382878,-0.634437968,0.147612921,0.380102511,-0.339334321,0.719683817,-0.439465715,0.942630549,0.130695944,0.17284587,-0.898754878,-0.234623806,0.194856415,1.024420807,-0.321684337,1.020708948,-0.755621585,0.334162967,-0.506775978,1.544169191,1.36367511,0.285706756,-0.535072104,-1.516974137,0.378290915,0.207537492,0.858159812,-1.466362449,0.141519272,0.42898577,-0.901970552,0.116525543,-0.726948987,-0.825353636,-0.530605184,-0.26609835,1.238734877,-0.321771355,-0.845851314,0.812890329,1.027688738,0.819447892,1.369267305,0.192259641,0.155606148,-0.703874841,1.399018662,-0.092163983,-0.303572922,-0.393008045,0.636573575,0.083544967,0.189501743,-0.324534928,-0.198300401,-0.148065616,1.421570512,-1.801231629,0.448191312,1.088162345,-1.838528157,-0.07147858,0.982110786,-0.752968732,0.268540991,-0.93197783,0.033085216,1.277588977,1.695611217,0.255236685,-1.278965348,-0.310471287,-1.813169288,-0.293986321,0.964698373,-1.362882623,-0.207073843,-0.816187832,1.793689187,0.39868649,0.850373846,0.292595626,0.760983839,1.080640869,0.038302458,-0.531186236,-0.935243115,1.758731781,0.820678652,-2.223201955,-0.24462376,0.416083605,1.672256155,-1.10267565,0.42635074,-0.399730086,-1.196931303,1.345429855,-0.964170291,0.970783884,-1.594584561,-0.490013385,0.572033894,0.716777294,0.436881954,0.98541878,-0.288601347,1.392387478,0.356617123,0.734806687,0.363592183,0.491436044,-1.00114573,-0.941653266,-0.541182697,0.514316681,-0.588613374,-0.296075868,-0.072641156,1.417871289,0.602785451,-1.461305675,0.159689522,-0.303422241,-0.228326688,0.000644487,0
-3.24126734,-1.024387641,0.546524416,0.095264064,-0.084129583,-1.572750406,-0.819731356,0.602535366,-0.682021815,1.205369556,2.346401324,0.656385301,1.492831891,0.720727238,-0.534262023,0.200151665,2.013320946,-0.523553743,-1.039327299,-1.134194423,-0.217529384,-1.003472089,1.674019427,0.216356535,0.97172631,-0.298665391,-1.140197198,-1.309393945,-0.907991742,0.347525494,0.519882932,0.603196073,-1.488672684,-0.000409186,-1.026061831,0.401465968,0.479077055,-1.172173047,0.968029607,2.338822942,0.834835738,-0.16283404,-0.316545703,-0.209063982,-0.760733847,0.252398207,-1.138462591,-1.889697787,0.219601682,0.021233066,-0.571170016,-1.282696623,0.289744027,-0.990175039,-0.138944351,1.764971854,0.65118977,-1.369132662,-1.274851571,0.151819093,-1.375320682,-2.001725481,0.532372011,0.320935754,0.450598331,0.263035182,-0.065310712,-0.662188548,0.516134966,1.529883488,-0.501229007,-1.02074021,-1.135119419,-0.866730233,0.202598524,-2.139627564,0.439170424,0.64391301,-1.79807836,-0.979180436,0.07968098,-0.14346973,0.519637468,-0.141136822,1.264769527,-0.321169399,-0.983032987,-1.063441866,0.735468509,0.029621142,0.633715901,0.613122499,-2.019849853,-1.140082601,-1.020625041,-0.816064188,-0.420355327,0.999149595,1.198482352,-0.29289083,-0.251280861,-0.705433724,0.089187697,0.202520883,0.806475555,0.798438726,-2.302118051,-0.152544948,1.384100031,-0.438114927,1.139241818,-0.3064518,0.174923467,-1.136890692,-1.099248558,0.725491572,0.88181828,0.026428906,-1.227524243,0.043804557,1.257234961,1.74286647,-0.316707932,-1.65986785,0.8403636,-0.275963096,0.943040642,0.281072225,-0.883444106,0.058244361,1.308338367,-0.149153989,-1.034805163,-1.588644169,-0.772164687,-0.410136262,0.819999136,-1.120849268,1.553751886,-1.337152211,2.331486093,1.725518557,0.141166249,-1.647693535,-0.055424062,-0.386840958,-1.274287223,0.291009627,-0.82364313,-0.714905847,0
0.285865391,0.33445679,-0.587413976,1.01181232,-1.033594369,2.1939488,-1.001568815,-0.907482251,-1.480001658,0.009694611,-0.321910107,-0.107877305,0.406874277,0.982653491,-1.169827297,0.019603802,0.855334115,-1.094127843,2.764336611,2.341248528,-0.075138243,-1.106658267,-0.977936605,0.233736051,0.639721989,-1.842203341,-0.945991869,0.1418022,-1.404410488,-0.297070583,0.431197196,-0.162018764,-0.73425669,0.087012185,0.506886921,-0.920842952,0.344351784,0.324532002,0.519179972,0.262875661,0.130070105,-0.155965674,-0.299105473,0.722993024,-0.095456092,0.535087169,0.51942474,-0.939768806,-0.318649351,-0.052836474,0.090112192,0.429264166,0.178701082,0.041958629,-0.435235313,1.056928678,0.347508544,-0.112102067,-0.389625145,0.27984044,0.029599524,-1.523869293,-0.99055612,1.304576317,0.370449706,-0.639717931,-0.37288464,-0.861967576,-0.524647343,1.024500709,-0.181054647,0.833196877,1.627667916,-0.395147445,-1.295105829,0.432927065,-0.820307108,0.00060694,0.168521727,1.857195324,0.322903358,-0.457101227,0.625842632,0.815156139,1.204845689,-0.922890011,1.290917053,2.286168376,1.268605199,1.450517974,-0.434734694,1.689424966,-0.476080886,-0.038768509,-0.464526056,-0.581179382,-0.005240134,-1.153755244,-0.687150378,-0.97262393,1.534192794,1.620039221,2.545363334,-0.066915364,0.029432865,0.771460257,-1.276387506,-0.978426999,-1.597166928,0.836789645,-0.861119835,1.001646278,-0.461798439,0.003738762,-0.171144779,0.190330581,-0.489017841,1.039678629,-0.167628525,0.363988105,0.10955504,-1.013592884,1.349239719,-0.65163821,0.80874795,0.728973764,-1.498928891,-0.179723846,0.579820971,-0.289526132,-0.127969065,0.217046976,-0.375953901,0.357198316,0.042582394,-0.196991825,-0.970526702,0.40557547,-2.40904003,0.262293662,0.014855376,-0.813047564,-1.389480878,0.418260136,-0.247104957,0.138631114,-1.837444358,0.476582639,0.939661346,-0.15266506,0
0.249383684,1.57745328,0.513544349,1.67849482,0.158207827,-1.959066551,0.048504189,-0.094696724,-0.12634747,-1.595667913,0.276467558,-0.531889765,-0.105531091,0.948003782,-0.811525544,-0.102394243,-0.202261647,-0.165772362,-0.443741077,-0.389933395,1.675062344,-0.422872454,0.27071919,0.104958534,0.072849705,0.480237069,-0.632959107,1.401416839,-0.920054296,-0.164532505,-1.186562449,0.897039705,-0.921182363,0.755699931,0.264898054,0.176188857,1.116241147,-0.604510371,1.466994599,-0.383974813,0.431709652,-0.193376652,0.617238354,-1.002713047,0.107114577,0.01821923,0.436066742,0.405472926,-0.860570578,1.3062201,-0.057538938,0.730498682,-1.260881981,-0.414664984,1.078610015,1.635349354,0.424329797,-0.088086647,-1.06226199,0.797288399,0.306524475,-2.353256695,-1.732789658,0.35026611,-0.83219061,-1.039570368,-0.104049155,0.343203504,1.430437167,-0.81741704,0.435808701,-1.026608639,-0.495153573,0.188892429,-0.1476477,-1.36616672,0.513455615,0.74123932,2.359277952,0.221913739,0.173736379,0.303261634,-1.364162712,-1.295647735,-0.082610078,-2.297014959,-1.130719484,-0.497574333,1.008811798,0.259352172,-1.517927124,-0.040273603,0.583440852,0.714175959,1.045509731,1.198052714,0.569903385,0.487093788,0.232554543,0.842380652,-0.78784548,-0.204417615,-0.699380544,0.433547934,-0.258847159,1.013438957,0.052236725,1.063520252,-2.111181064,-0.719823927,0.938169184,0.02032375,1.055874981,0.250902493,-0.933853772,1.793442836,-0.663448235,-0.745640614,0.819689233,-0.911400636,-1.293208708,-0.767658687,0.82016479,2.139573663,0.00488565,-0.724148478,1.234605171,-0.615285105,-0.444139681,0.416586103,1.141100815,0.070519753,-0.354715908,2.321285333,-0.670691959,-0.559733188,-0.388319873,0.551139359,-0.467116637,0.817256552,-0.051799894,-0.319059859,-0.561993116,-0.025132024,0.44711887,-0.035132925,0.232519014,-0.775161291,-0.715984648,-0.004764236,2
0.813517217,-1.230864316,0.675490847,0.577516955,0.506587672,1.111953361,1.104477704,-0.127158597,0.641879061,-0.383094921,-0.923072396,-0.269493756,-0.076278152,-1.661580989,0.860332559,-2.767325423,2.714816939,1.501879134,-0.261008724,0.009426361,0.302971874,-0.589160388,0.192619148,-0.143999978,-0.094272717,0.181461063,-1.313527798,0.039569724,0.163447747,0.128849621,-0.215830755,1.137857776,-0.353652555,0.227325907,1.297297534,-0.07937614,0.214463267,-0.096384636,1.237369794,-0.257724562,1.283354577,-0.103587895,-0.859459723,0.679373171,-0.304667834,0.620500899,-2.729404385,0.005205262,-0.459605299,-1.063258687,-0.553241002,-0.573703144,-0.047985795,-1.367326461,0.31627378,1.366214785,0.280928497,0.808988609,1.094562455,1.236489512,1.870138693,-0.499201998,-0.718483985,0.783465648,0.70826622,0.7756753,1.889282454,0.011369909,0.42615656,-0.980388251,2.135321124,-0.336544921,-0.308215928,-0.346749891,-0.644895859,-0.729437049,-0.523704283,-1.365795928,-0.78531792,1.948963111,0.735655144,0.925904177,1.177208787,1.834134564,-1.771422551,-1.229883115,-0.803723661,-0.469729796,-0.300569391,-0.446977553,0.219308913,0.035295391,-0.722834795,-2.175548777,-0.992868705,-0.549238653,-0.247079437,-1.129667459,-0.490806466,-1.130987388,-0.125819352,-1.073091328,-0.848904656,-1.308684131,-0.153500696,-0.86644777,0.906784267,0.405850267,-0.069851868,-0.797485497,0.380520305,0.690700889,0.142688412,1.603701855,0.459637318,0.913607218,0.133565416,0.675664453,-0.796781233,-0.458398363,0.349363553,0.342099482,0.507611823,1.100392892,-1.424971172,-0.974452548,0.229572641,-0.724363632,3.377768241,0.515719619,-0.078330849,-0.515469273,-0.480162283,0.030140661,0.111981933,-0.456699145,-0.273152247,1.344284575,1.384504963,0.25203398,-1.341259727,0.538503157,1.554282442,1.369781102,0.734425853,1.422422955,0.053384272,0.62810297,-0.680775566,0.292265456,1
-0.037634702,1.103301882,-1.520557856,-0.349114707,-0.920758038,-3.045870602,2.210017743,-0.772295543,-0.941297759,1.622920795,-1.172013258,-1.4513895,-0.205407763,-0.494973498,-0.639357888,-0.917304334,-0.188589309,1.63649021,-1.610642052,0.840603227,1.533691173,-0.626197029,0.376396399,-0.121962011,-1.719288295,1.218986701,0.035221103,-0.520985176,-1.521669373,0.520902238,0.152118168,0.605804752,0.555264701,-0.813199401,-3.419905979,-0.109939874,-0.177179302,0.163817194,1.517877958,-0.048728033,0.692579392,0.377092494,-1.384808727,-1.290182094,1.153583891,-0.879466725,0.369161162,-1.02394546,0.746435889,0.247423292,-0.29784093,0.666584387,0.259699008,-0.722265931,0.011951632,0.669109879,1.107695223,-0.128719665,1.78645326,-0.744517068,-1.556844894,-1.411061688,-0.009952288,0.012024681,0.125602545,-0.668056688,2.225714806,1.510930118,-1.144287164,-0.101929273,0.049284389,0.685630034,-1.5242013,-1.714125756,-1.218910476,1.504108011,-0.654704897,0.808529373,0.588830672,-0.179683835,0.827436604,-1.227520877,-0.47143464,-2.216711114,0.097682073,-0.792321657,2.189927822,0.058684126,0.819360835,0.652815342,-0.07764977,0.992087442,0.033071544,0.475588112,2.357996652,0.192264117,-0.527788373,-0.707816429,-0.083069783,0.117182852,0.059150448,-1.581994942,-2.263555123,-0.968721509,0.058709479,0.063189498,0.454533472,0.363003094,-0.499523968,-1.020678657,0.521062587,0.226115905,-1.093209544,0.624775112,0.95703649,0.789466865,0.964471227,-0.750608284,0.85179891,-0.157840729,2.044821259,0.894127592,0.4293998,1.716258552,-0.506295637,0.550685895,2.235582513,0.813188827,0.151443211,-0.269814701,-0.96827313,-0.289555095,-0.8188296,-0.230208906,-0.110190881,0.988749048,-0.408615492,-0.596630749,0.887234874,0.69669613,-0.243448779,0.60090261,-0.262030318,-0.213184962,1.553868905,-0.13782902,-0.405842219,0.017880265,-1.965353643,-0.167951273,2
0.289168644,2.45530014,0.476859154,-0.117350086,0.815216401,-0.090847027,0.972369394,-2.870269085,0.099689449,0.261092378,0.30463539,-1.083812997,-0.722676676,-1.043310296,0.487087593,0.904272406,-1.643872959,0.205173123,-0.864612967,1.747574411,0.562617077,-0.351946449,-0.134900634,1.297056546,0.057194239,-1.788623158,1.517325167,0.812837227,-0.537361072,0.600714163,-0.613480735,-0.640000516,-0.12114485,0.600002678,0.470455402,0.938337873,0.474816364,1.453334226,1.72438555,0.302158886,-0.336395327,-0.179454419,-1.925463844,0.020639151,-0.616933922,-0.704930006,-0.037880402,-2.098944539,-0.178880606,0.204034512,-1.535532976,1.35437431,0.442874152,1.290698966,0.434209268,0.360843425,1.522093157,1.315455058,1.941623059,-0.124042789,-0.794653066,-1.15770956,-0.977379382,0.67837188,2.726360809,1.50859452,-0.179623211,0.766368237,-0.553398543,-0.491198983,-1.034426055,-0.967825603,0.555402397,1.482680847,1.041100767,1.457651074,0.783804106,-0.034323856,-0.525528804,0.57685424,-1.679629514,-0.604516846,-0.787628601,1.244083852,-1.377583506,0.929596097,0.38741912,0.399641346,-0.467530853,-1.463236768,0.500272714,0.885881264,0.497151225,-0.144031579,-1.137920951,-0.623071475,0.450241742,-0.790096391,-0.96199553,-1.446609378,0.535234739,0.514202171,1.154154284,-2.144090784,1.171861273,1.113476259,1.208650929,0.119616767,0.221790856,0.217110023,-0.913003852,-0.870516292,0.225746423,-0.249108605,0.716108547,-0.356523085,-1.468692998,-1.422003881,-0.761268383,0.726129325,-0.519262768,0.298472598,-1.672275306,0.162039044,0.037782584,1.190203441,0.154243771,0.762867079,1.945742946,0.039900323,1.533798812,0.123962068,-0.534269101,-0.108649504,-0.506675495,-0.470580036,-0.573479547,-0.303351062,0.710747316,-1.701269827,0.287132156,0.120226479,1.384415077,-0.365670138,1.131701573,-0.85989928,-0.454996452,0.416656506,0.607768288,-0.265165069,2
-2.650969808,1.091506852,-0.587079803,0.126720232,-0.837829312,0.707460888,-0.459963418,1.636933861,-0.05062492,-0.102181384,1.603535075,-0.495279785,-0.406905816,-0.700973798,0.20443371,-0.735180322,0.776665017,-0.046578546,0.838890476,0.72618496,-0.512482652,-0.73697335,-0.328360226,0.008868173,0.33402201,0.445131334,-0.031926886,-0.681179408,-0.586624002,0.518353712,-0.650183445,0.560234485,0.592960522,1.533916589,-0.480853755,-0.325154028,-2.312697462,-0.943072875,-0.956129023,0.505671694,1.807378903,0.580757984,0.99079193,-0.711330204,-1.19797463,-0.242021441,-0.623754242,-0.861090504,0.218260679,-1.185920319,0.826480685,-0.399441136,-0.045238463,0.099786308,-0.466714495,1.265548824,-1.605780813,1.283334996,-0.347054011,0.920747447,0.201240941,0.850496754,-0.118411922,0.238436025,1.097904757,0.095848884,1.330078208,0.352196737,-0.732719969,-0.354811111,0.888107572,-1.239780541,0.792880019,-0.365768418,-1.289719306,0.207256232,-0.700190317,-0.57162467,-0.625736199,0.114893197,-0.389966476,0.390948711,1.012420452,0.541688003,1.805308056,2.05134855,-0.29025626,-1.152620875,-0.289132266,0.118354067,2.225771172,-0.374802502,0.27793037,-0.681161217,-0.346674291,-1.214386151,-1.462732403,1.360930666,1.066197014,-0.369602032,1.063382557,-1.306906304,-0.173363211,0.174262513,1.266054234,0.197540734,0.544750894,-0.469960768,0.263958024,1.26436008,-1.616509786,1.136074631,-0.209971009,-1.405953209,-0.267131294,1.290081157,-0.482334983,0.299339716,-1.613185982,-1.825666267,-1.07673902,1.01280801,-0.050831318,1.099696212,1.158113659,-0.758151545,1.567001016,-0.544379589,1.000362218,0.959491502,0.065034515,0.06666271,0.320460694,0.115437364,-0.390137028,-0.475901046,-0.382140808,1.218216411,-1.588340046,-0.496841755,-0.325940801,-0.228098236,0.296775019,-1.348249458,1.025316063,0.886953808,0.674333944,-0.207558589,-0.738352005,-0.325201592,0
-0.530257618,-0.792872832,-0.646821775,-0.918199653,0.210229599,1.27337849,-0.229124627,-0.700863654,-0.256170675,-0.561394511,-0.666980519,-1.443594582,-0.244408286,0.235777154,-1.081904157,-0.87833975,-0.948061994,-1.386677967,-0.955592104,-0.197856429,-1.342057806,-0.137542467,-0.703466792,-0.928982059,0.377208816,-0.640125605,-0.470013866,1.29800681,-0.920055634,1.565874548,-0.347791129,-1.136134633,-0.553948341,0.068774907,1.25450386,0.798824809,0.06390685,1.259955981,-1.881037048,0.24944153,0.309939727,0.322142468,-1.610151166,-1.016912402,-0.166474422,1.114791505,1.915264496,-0.664435252,-1.309846792,0.815761436,2.614370011,1.106940633,-0.748632724,2.861139293,0.68679962,-0.791013214,1.934302166,-0.869991811,-0.621088519,0.726620822,-0.024905318,0.037007132,0.038691502,1.114479926,-2.32439064,0.284513886,-0.290203377,-0.752496033,-0.755136418,-2.637109669,-0.798418104,1.290462725,0.832054878,-0.191381762,-1.411255722,0.821869772,1.309848412,1.034194671,-0.968725555,-0.864878681,1.655911259,-1.209271041,0.478213366,-1.777736147,-0.300315367,0.585150401,-0.029965957,0.523913321,-1.226205076,-0.820001964,0.481818378,0.696888142,0.219812853,0.947057742,-1.657207939,-0.46619795,1.822683773,1.283468829,0.633638165,-0.155366973,1.034815628,0.42914152,-1.517440365,0.995762447,-0.866043414,0.75968825,-1.615972789,1.599019332,-0.274896379,-1.109336332,-0.688505233,-0.336849097,-0.005769716,1.318145636,0.070142616,-2.170916798,-1.229738512,2.757534792,0.135388796,0.950790114,-0.308346139,-1.004611314,-0.481282222,0.128326084,-0.460236337,1.918467767,-0.616252794,-1.05483561,0.80880276,0.932002504,0.029977122,-0.602143623,-1.900658814,1.220721522,0.86856091,-0.43988832,0.059572478,-0.226677183,1.628730241,-1.037918303,-0.620061494,-0.716726239,0.310161286,0.056129454,0.200068163,-0.880607126,1.48489683,-0.454045107,1.187589949,3.139113997,1
0.658544273,2.010204539,-0.896908384,0.434133007,-0.284202607,0.863349779,0.020738028,-2.142279724,-2.349093681,-0.710431317,0.452899442,-0.492327891,0.492132816,-0.662075524,2.062622305,-0.187984906,0.269209526,-0.958551622,-0.418200624,0.493876022,-0.046197062,-2.781617898,0.499103034,0.609148989,0.730833738,1.099394269,0.180753578,2.395583861,0.233596661,-2.3025052,0.223675178,1.120838209,-1.377761728,-0.27050176,1.21284527,-0.56464132,-0.237576134,0.780804051,-1.282051223,-0.011757634,-0.971740506,-0.268158608,0.236791444,1.060313261,0.312464779,-0.565150956,1.197218206,0.615363246,-1.941650541,0.837966416,0.064915725,-0.032875186,1.190429665,-0.204310254,0.894149019,1.277389566,0.062216787,0.447364119,0.694005906,0.462480753,0.889341757,-1.044398848,-0.641411383,-1.259579056,1.686027062,-1.67574656,1.3207146,0.472261963,-0.876208336,-1.271362568,-0.038009665,-0.224434216,0.395496667,-2.19945987,-0.188562312,-0.876562487,1.276517463,0.409305226,-0.507507993,1.42129352,-0.435692558,-0.104058215,0.270578411,0.909248588,0.011887085,1.420392324,-0.401801155,-0.980918289,1.592559166,-0.313421997,0.593257761,0.768295963,2.082712607,-0.297105938,0.527670336,-0.782987395,-0.481228775,-0.757789499,0.846949778,0.919810181,0.368860647,-0.775744492,-0.650935583,-0.701853417,0.356917915,-1.581018662,-0.396680251,-1.339098546,0.506370313,-0.991109111,1.95812331,1.045362217,-0.089074833,0.413457041,0.468390868,-0.960240117,1.238167814,-0.095699711,-0.76791604,0.54158683,-1.122825587,0.655833856,0.343018759,-0.650014425,0.956489974,0.705305514,-0.321860417,0.539058944,-1.332179393,0.491502336,-1.458996909,0.128393499,0.689256827,0.338419748,1.55337699,-0.79339939,0.408731206,-2.132394128,-0.51218088,-0.302652471,1.567361596,-0.02361103,0.913104487,-0.904404416,-0.332915165,-0.836726783,-0.993821883,-0.925239826,-0.61393547,2.042737551,2
-1.379319228,-0.73093004,-0.616897194,1.102726359,-0.317887892,-0.699180069,0.622816558,1.413740695,-0.605526695,0.315400171,0.45635031,-0.948564261,-1.431444155,-1.402854057,1.278849325,-0.463852215,-0.630278287,0.318453764,1.300813753,-1.164699257,-1.888185122,1.475576969,0.513794147,-1.072702515,-0.438305206,-1.002365887,0.639942592,1.022828451,0.669282184,0.166413085,0.3780986,-0.741676997,-0.444169882,0.005997706,-0.276677174,0.000563099,-1.617563922,0.881232046,-1.072124063,-2.108146692,-0.715307604,-0.215640937,2.017669554,-0.488846005,0.209724968,0.320686421,-1.514876807,-0.10525367,-0.264444304,0.083657236,0.423058849,0.850798612,-0.856462568,0.483202992,-0.728454323,-0.910223825,1.752577595,-1.813245605,-0.516639826,0.222306097,-0.599466563,0.150335715,-1.342873073,-1.845234355,-0.874368798,0.152126645,-0.171550084,0.636156873,-1.424681576,-0.575620619,-0.071944285,-0.96898425,0.137975893,-0.281231464,0.486837482,0.288770819,-1.853439534,1.472559438,-2.172302543,-1.551894764,-0.074945973,0.295963511,-0.282279298,-0.541995248,-0.082219289,0.52719579,-1.146522673,-1.114292709,-0.865549611,1.320083371,0.372932302,0.572380508,1.59103134,0.787406645,0.156436209,1.558311792,-0.971669403,-0.265314937,1.156258004,-2.193961163,-0.796767305,0.789584707,0.106593696,0.513818686,-1.91641903,-0.840974674,0.649188214,-0.901965129,0.824848772,0.287457821,-1.172029241,0.345501837,0.748950797,0.3614987,0.537038949,-1.728728707,2.255046572,2.820815385,1.428714971,0.115550248,-0.404927911,-0.38381427,0.783913966,1.069010221,-0.649619065,-0.021515135,1.256938513,-0.102545401,0.111930015,1.376594093,1.215536263,0.804896627,-1.069090346,-1.056752731,-0.735731024,-0.521916013,0.215970858,-0.093124607,-0.161574571,-0.257922215,-0.877394928,-0.461230379,2.433569288,0.699216181,0.020043816,-1.500435481,-0.990443487,-0.042278665,1.359587293,0.22905179,0
1.551151976,0.115674634,0.684682688,-1.074913294,1.549964227,0.937872257,0.661515205,-0.293814666,0.82948759,-2.917362861,0.440901363,0.160122068,-1.886215565,0.406252983,0.590891726,-1.853732745,-1.186771418,2.064389152,-0.186353546,0.975626059,1.126801924,0.393936814,1.017241351,-2.112888358,-0.230529412,-3.080598727,-1.746093665,-0.546014497,-0.665384439,0.041410289,-0.020650512,0.13374243,0.174709649,0.332922725,-0.959044677,-0.724792319,-0.036878059,-0.021342951,-1.081927365,1.081559381,0.724800678,-0.859716685,-0.208366013,2.009539651,0.160577038,0.395685955,-0.608935551,-0.313112109,1.511325986,0.113294427,-0.070928219,0.007641086,2.545382788,0.039807503,-0.830076699,-0.655350902,0.780756002,-1.428481127,0.450582981,-0.723817528,-1.858769556,-0.980072217,0.02753381,1.395167393,0.913329412,-0.293690226,0.97218707,-0.356779829,-1.466511585,0.021087636,-1.505933995,0.791408307,0.805880089,-0.87996994,0.145597507,0.136049234,0.871963382,-1.245068254,0.599487524,-1.316769251,0.777188738,1.062697401,-0.669591394,1.219128867,-1.574032963,1.099583445,1.438456238,0.345815194,-0.195525781,0.31241982,-0.603758369,2.624626679,-0.58653129,1.31740117,-0.741227417,1.59680828,2.012328582,0.385990811,0.286657269,-0.956579025,-1.07566761,0.297914605,1.458192477,-0.548202489,2.207929218,-0.61014594,0.229391941,0.232016466,-0.101534375,-2.043827516,-0.6190731,0.199639292,-0.095985096,0.636202659,0.756835912,-0.240078461,-0.962430372,1.548317705,-1.355462331,-0.595307223,-0.849959924,0.746457622,1.317021974,-0.173693376,0.22977676,0.428771821,1.804004099,-1.773573442,0.744221899,0.376524748,-0.370839525,0.326226736,0.740828976,0.583162712,2.158500606,0.127481588,0.026905183,-0.181298786,0.552978837,-0.032058261,0.013209145,0.01782986,-0.134608569,-0.608672802,0.418106538,-0.285047565,0.613679503,0.110767629,-0.386574876,1.564830405,2
-0.712845783,0.106430228,1.039911164,1.149526263,-1.925320307,-0.541245139,0.697789397,-0.105353124,1.504558466,0.673500942,-0.267685104,-0.178669371,-0.056789833,-0.845957397,0.939214136,0.742428818,0.454270768,0.242574689,-1.018197779,0.504193199,0.129102473,2.002269095,-1.293291098,-0.723295388,-1.586644557,-0.218019792,-1.740899368,1.185501636,1.092237309,-0.159631978,-1.013721788,-1.524102549,-0.703864615,0.625371372,-0.78705269,1.908576176,1.49069544,0.000823943,-0.461868255,-0.5691959,1.598376761,-0.656695332,0.934368953,0.021792213,0.713562214,-0.820397292,-0.332918596,-0.02418252,-0.631366618,1.249224169,-0.76430813,-0.577032142,1.358700024,1.164927237,1.587978772,-1.908273164,0.200722749,0.090281325,-0.561732884,0.32445939,-0.32144173,0.161992268,3.401875562,0.317130764,0.359131598,0.821219335,0.180644531,-1.098032676,-1.646711729,-0.029291063,-0.269111028,-1.963602083,1.629392752,0.107003043,1.439436355,-2.231862284,1.458487056,-0.48520508,1.259157882,0.214868474,0.453256552,0.45451704,-0.425137698,-0.646514737,-0.361160189,-1.471909208,-0.480710304,-0.696791454,-1.495905353,0.458666276,0.007717432,0.246042323,0.697450791,-0.237860057,-0.938716413,0.303942023,-2.922196609,-0.108095091,0.765168623,1.046925262,-0.529443223,-2.241387232,-2.63326586,0.638052107,-0.353983063,2.017299075,-1.411103635,0.342335903,1.662351635,0.20646193,-1.591935192,2.772611283,1.580587457,-0.227246016,0.818954078,0.82966116,0.641771085,-1.381744775,0.324157621,1.460715702,0.504527216,0.397151002,-0.536824369,-0.903978671,-1.572517386,0.757464598,-0.220884334,-1.341379612,0.976408667,-0.58691108,-0.8578649,-0.496248014,-0.19308926,0.458022071,-0.875313591,1.010373875,0.484229588,-0.514662746,-0.159789811,-0.422630944,0.065864729,1.519873966,-0.432936319,0.189465822,-0.698582772,0.531955044,0.276406654,1.329617789,-0.829190286,0.690575321,0
0.384065449,-0.032694748,0.867427691,-0.882107293,-1.055111535,-0.240578727,0.828785396,-1.158785465,1.049687019,-1.642588134,-0.246745876,-1.413076127,-2.609899364,0.366451805,-0.177811109,-1.397098933,-0.516613858,0.441825227,-0.368149667,-0.198681116,-0.39845657,-0.582302131,-0.595337275,-0.624697366,-0.753142876,-1.017294598,-0.379712318,-0.639927852,-1.071698631,0.766014655,1.232635972,-0.000102775,0.066472988,-0.692563966,1.067031357,1.738181115,-0.163793829,-0.521446528,0.341475266,0.128931044,-0.500155475,0.471195833,0.938157607,-0.785818401,2.54203398,-1.532942157,-0.851690726,0.23396803,2.246873118,-0.562590692,-1.065746313,0.549241478,-0.248594408,0.665255695,-0.07078055,-0.857166542,2.34887597,-2.954390599,1.82023875,0.933261904,-0.745589292,1.872420105,-1.371419199,1.008110962,-2.082645113,-1.145878193,-1.148361826,-0.75065666,0.011581115,-0.825976364,-2.036410952,0.463450769,0.048950923,0.408927341,0.171917909,0.954235282,-0.075482353,1.012520635,-0.775696648,-0.718670379,1.376039395,1.355668658,0.573742143,-0.889107913,-0.969632435,1.328063962,1.272664928,-0.063579358,2.341884927,0.458900072,-1.107199374,-0.2756311,0.005470578,0.086398637,1.250003218,-0.956288913,-1.331512299,0.602323683,-0.506984509,2.423506123,0.943220381,-0.525396452,1.212853739,0.730410795,0.633697147,-0.122243932,0.420450852,-2.102957901,1.317089404,-3.43606239,-0.442123094,-1.595710553,-0.500851141,-0.074117272,-1.196793534,-2.774477243,0.207065724,2.086439782,-0.351280167,0.959330956,1.504384838,-1.900037925,-0.457275151,-1.276385612,-0.806277038,1.702011701,0.223679486,0.788823601,-0.043899106,-1.210552646,0.678115697,1.252575371,0.317374216,0.489124362,-1.234801386,0.706863633,1.346013823,0.404585474,-1.796783246,1.635629501,-0.944823894,0.387786827,0.952976269,1.079618322,-1.800056812,0.117217256,0.051021611,1.439028188,0.458723542,1.448117661,1
-0.234153375,-0.234136957,8888,-0.290274544,0.267392314,0.321697806,-0.668090454,0.99204235,-0.174959757,-0.755745159,0.536509844,-0.898467982,0.028181157,-0.009118997,1.085895566,0.474698233,-0.025026959,0.817766299,1.390207549,0.557810306,0.01035262,-1.311836232,-1.065113663,-0.305224704,-0.609512202,-0.186971303,0.056649925,0.529692754,-0.070498778,0.486501644,0.064474415,-1.975466566,-0.939335394,-0.144087556,-1.209694743,0.59992873,1.530750832,1.218761852,-0.213442871,1.490726137,0.148667457,-0.337085971,-0.613402664,-0.302469686,-0.388176819,0.170416222,0.160573981,0.00304602,0.43693817,1.190646275,0.949554135,-1.484897968,-2.553921135,0.934319911,-1.366878698,-0.224765402,-1.170113026,-1.801980438,0.541462728,0.75915516,-0.576510401,-2.591042292,-0.546244448,0.391804005,-1.478911569,0.18335992,-0.015309849,0.5792915,0.119580368,-0.973068941,1.196571502,-0.158529573,-0.02730454,-0.933267959,-0.443282251,-0.884802714,-0.17294606,1.71170848,-1.371901143,-1.613561398,1.471170327,-0.209323677,-0.669072739,1.039904687,-0.60561554,1.826009714,0.677925871,-0.487911408,2.157308213,-0.605714923,0.742095372,0.29929258,1.301741289,1.561511197,0.032004149,-0.75341787,0.459972143,-0.67771537,2.013387248,0.136535331,-0.365321551,0.184680306,-1.34712629,-0.971614039,1.200413908,-0.656894279,-1.046910983,0.536652753,1.185704155,0.718953311,0.996047686,-0.756795089,-1.421810667,1.501333652,-0.322679839,-0.250833016,1.328194142,0.556230009,0.455887772,2.165002345,-0.64351823,0.927840128,0.057013125,0.268592279,1.528468426,0.507835756,0.538296079,1.072507337,-0.36495273,-0.839209667,-1.044809194,-1.966356589,2.05620713,-1.103208366,-0.221253624,-0.2768133,0.307406698,0.815737213,0.860473488,-0.583077439,-0.167121714,0.28257995,-0.248691126,1.607345576,0.490974952,0.734877786,0.662881269,1.173473857,0.181021559,-1.296831948,0
-0.23093453,0.696206365,-0.942102205,0.128491249,-1.748379644,-0.376731914,1.33523077,1.025352485,-0.696014093,-1.525935883,-2.183144891,0.617470856,0.278389533,0.385673188,1.690602804,0.152894245,0.228082126,-1.397379592,1.623937069,-0.163957819,-0.816876088,0.207856643,2.000311612,2.13519919,-0.970399576,1.175371608,0.335731455,0.987592184,0.276716309,0.614884888,1.321305249,-1.749169741,0.360373975,-1.169512197,-0.463599299,0.000971284,-1.007832052,-0.581387797,-1.400716461,-0.593279961,0.511851511,0.865452659,-0.769378752,1.327791337,0.577384224,1.433389072,-1.770777876,0.311250876,0.611213148,-1.718524071,2.414247892,-0.636562542,0.54385869,0.926744184,0.101182885,1.385828072,1.995213201,-1.109611654,0.116146071,0.915676856,-1.633038713,1.064273284,1.706535704,1.283886862,0.438444887,1.539459635,0.357451275,-1.319616748,-0.521894539,-0.255624108,-0.063950374,-0.094229756,-0.338250321,0.218843524,1.504236304,0.214112514,0.628716482,-2.193921493,0.125977185,1.086834805,1.246850068,1.145102465,0.303411572,0.413935232,-0.672721232,0.845018343,-0.667393819,0.680894217,0.041512943,0.014941586,1.001241872,0.561206944,0.282597417,-0.497726798,1.602313235,0.332963473,0.747387327,0.080947111,-0.693732303,0.354945419,-0.595765864,0.437777807,-3.26530128,-0.400813952,-0.014348691,-0.954428376,0.363782184,-0.422223755,-0.005909585,-0.551525682,0.971910993,0.545971837,0.297905957,0.061990835,2.530632093,-0.157409778,-0.696886373,-1.173060858,0.905355113,1.631218819,-0.848056026,-0.284896679,-0.3594302,-0.124096827,-1.767772132,0.806726194,1.190244148,-1.904554504,1.757935074,1.617538092,-3.069850685,-2.173318223,-0.132929845,1.316040415,0.289770754,0.021384367,0.573662062,-0.808094209,1.277359713,-0.103616646,-1.633028019,-0.795477683,0.369008636,-0.289679351,-0.393264115,0.202932738,0.358624443,-1.230381157,1.223491684,-0.131121756,0
0.097676099,-0.773009784,-0.41036232,-1.134390535,-1.216066519,-0.769164997,1.688407184,0.658037391,-0.526788871,1.082876795,-0.152298873,1.354340047,2.21173035,1.028161739,0.094550955,0.699309874,0.015071219,-1.835998364,-0.654625414,-0.951591596,-0.676791042,1.793671433,1.122149743,0.440884801,0.81234295,-1.892113486,0.728183713,0.939624316,-2.239747188,0.765236754,-1.424073643,-1.970005356,1.326318217,-1.007049048,-0.715946739,0.989604543,-0.305238272,-0.180165374,-0.202086906,0.347598771,-0.226334416,0.114126074,-0.503558125,0.35181959,0.313843032,1.897885838,-0.38125095,-0.184165518,0.238824326,0.964435644,-1.091585153,0.103576522,-2.507826036,-0.271531917,1.07272703,-0.726142436,0.176837615,-0.528905574,-0.859402198,0.971485998,-1.04525869,0.292965294,0.308351621,-0.851799517,0.155685257,-0.934947837,0.521791875,-1.314945715,-0.339605503,-0.25277166,1.112955338,0.140043072,0.95501349,0.554691048,0.548303001,-0.33193319,1.020905884,-0.356170409,-1.72982548,-0.214787168,0.453476405,-1.606625719,-0.885102359,-1.23058844,0.786717105,1.672862637,-0.209699154,0.531530363,0.505519366,1.553796946,-0.652552904,-0.219878965,-0.340768649,0.07536724,2.504316802,0.030811115,-0.854710653,-1.154497227,1.252645007,-0.859254504,0.663586959,-0.679691329,-1.266692737,0.6051996,-0.630744867,0.425425639,0.499282941,0.546265245,-0.268148684,0.686183557,-0.922546328,-2.454090251,0.706892173,0.165590505,-0.610078244,-1.471152762,-2.036578299,0.051743348,1.648785966,-0.138557416,-0.361335387,-0.024367842,2.179205112,0.751904227,-0.933575252,0.028103904,0.332436911,-1.056338867,0.759136622,-0.817808797,-1.510945767,0.076133554,-0.082155859,-0.001021902,-0.764644618,-0.625112618,1.12844666,0.441085615,-0.956746077,-1.950696894,-0.914416402,0.157299072,-0.631931718,-0.709650205,-0.589160439,-0.072707563,0.784627913,-0.000419204,0.061937022,-0.224860364,1
-1.00162001,-0.281100293,1.818642628,0.375681081,0.62276265,0.594280816,-0.488668543,0.369979688,0.312366099,-0.625890765,-2.516315171,-1.04791802,-0.942083907,0.50100258,-1.478907002,1.87091399,1.629232538,1.052179831,-0.51007614,-2.07855933,0.832183733,-0.747883852,0.787543665,0.601228903,-0.440049034,-1.220158808,0.187187352,-1.569697773,0.281128159,0.470160469,-0.659519432,-1.503135315,1.628267892,-0.534806174,-0.20728128,1.091427186,-0.568306592,-0.761501622,2.010128267,-0.732664214,1.216812867,0.153010048,0.131899127,-0.506530098,-0.199571666,1.78713826,0.855202212,-1.362720925,-0.991414823,0.382947935,0.638762525,0.766702293,-0.076795506,-0.849389987,-0.809991487,-2.300586275,1.633551587,-2.629262982,-0.241443071,-1.771526031,-0.584429623,0.576197083,-2.286558408,0.352602056,0.871488562,-0.417246724,2.739364462,-2.244991262,-1.712922866,-0.303154959,-0.282861969,0.114471178,0.928282796,-1.255936982,-1.358159231,-0.694494327,1.030941177,0.809471433,-0.069775432,-0.50874412,-0.152790341,0.362061482,0.098975317,-1.408295483,-1.478186695,-0.258680352,0.724891707,-1.060821326,0.407482085,-1.788558537,0.071088668,-0.781620616,-2.089897687,-0.546437526,-1.2633218,-0.276509106,0.412638369,0.456796633,-1.977096326,0.575046406,0.412931465,-0.423673016,-1.268307258,-0.408130018,1.611235785,0.596533143,0.972527687,-0.98892604,-0.532517018,-1.296962797,-0.665325359,1.358220113,-0.449174533,-0.689105772,0.238730429,-0.574506015,0.092733658,-0.568727317,0.190878515,-0.380059679,-1.117950722,1.054087921,1.817965286,0.497569964,-1.501778479,-0.228237642,0.244896895,-1.685205196,-0.536168059,-1.404685618,-1.029713168,0.339462214,-0.049483473,-1.095017332,-0.067076836,-0.362394352,0.882852794,-2.073828899,-0.740866801,1.517413293,-1.164037499,-1.081120419,-0.518011735,1.268761534,0.402209552,-1.06242159,-0.084456501,-0.351634573,0.449796808,-0.041898789,0
0.211017467,-0.096713112,-1.014905782,1.19041972,-0.147233148,-2.027353343,2.082897138,0.58440649,-1.511672642,1.395791905,-1.04783316,-1.108028302,-0.891746023,1.939507429,2.045416454,-0.547941611,1.705619038,-2.287004849,0.914056754,1.36417227,1.506441295,0.076897424,0.566077781,-0.717114344,0.025147837,-0.164215826,-0.221718771,1.134656609,0.214949435,1.693172294,0.247975906,2.191312583,1.227210026,-0.086800597,0.174597318,-0.839986624,0.160206777,-0.982519062,1.330369637,-0.343608201,0.355648213,-2.281294186,-0.267129651,-0.371661381,0.920923401,0.522488853,1.018307792,0.442648857,1.230556365,0.419129684,-1.376229484,-0.090313179,-0.038806435,-3.265188679,-1.016536916,2.041735883,-0.27454989,-0.105345542,-2.178345315,-1.347234182,0.484334398,-0.464748436,-1.108896184,1.297381951,-0.701142192,-1.300934367,0.040459915,-0.814959579,-0.816233517,-0.061106324,-0.643567905,-1.666919747,0.558566343,0.86592288,-0.250593388,0.620164749,-0.368905109,-1.909954433,0.896423561,-0.09918595,0.150997504,-0.106327119,-0.181575621,0.142049166,0.161220666,1.263531291,0.438149345,1.176540438,1.507041975,-1.611382944,1.276675369,0.653097605,0.4884089,0.989567135,-0.264798942,0.602585721,-1.057775345,-1.41205244,0.531687348,-0.069467007,-0.002911055,-0.797646927,0.391177016,-0.426339803,-0.046561402,-0.486684177,-0.802060159,-0.207013479,1.185586012,-0.47296396,-0.12662339,-0.265105466,-0.637109012,1.229241157,-1.361661369,-0.085376165,-0.843510366,0.567228126,0.133913355,1.182285791,0.73455499,0.081598369,0.744344245,0.835757573,-0.912500822,0.773132627,0.29726259,0.489469733,-0.407565062,-0.854350881,-1.034214814,-3.408274589,-0.709338525,2.439255004,0.822412669,0.318460774,0.961039675,-0.260030473,-0.391913327,-0.290235269,-0.736000589,-0.653701424,-0.015807055,0.064463321,1.326206965,1.024647722,-1.485547909,-0.294453304,-1.105620119,-2.608322921,1
-0.335784699,1.669021525,0.070275206,0.185702575,0.148892309,-0.016973594,-1.070977547,-0.402316291,-1.436039519,0.724810598,-0.132487787,0.775484767,-1.274428057,1.422079264,1.297710056,-1.574428404,-0.505880195,-0.397328974,-1.437894963,-0.259868043,0.558091863,-0.469428861,-1.712881908,0.772488104,-0.791695863,-0.686270739,1.681292405,0.396654254,-0.809059502,-1.189097916,0.965890561,0.897044961,-0.506731037,-1.259009985,0.38559928,0.593921887,-0.372740091,-1.103163397,0.0247586,0.461749321,-0.487098836,0.26189321,0.360973696,1.145463942,-0.420683247,-1.139256041,-0.067319671,1.687502067,-1.763124078,-2.313059971,-0.108038575,-0.379275303,-0.208365005,-0.245573903,1.005576978,-0.042461754,0.8195894,-2.477503629,-0.529038222,-0.815296186,-2.284651472,0.103396581,-0.100309983,-0.467047609,-0.125976236,0.103390583,1.013098675,0.642529752,0.328554727,2.307238734,-0.70807294,-1.359901358,1.174152098,1.866838113,-0.635192127,1.377801845,-0.533455817,0.584753016,0.640272925,-0.631052893,1.846725014,1.961582624,-1.021206509,0.201054246,0.914502275,-1.882583338,0.026230613,-1.65317784,0.667484253,0.085973194,-0.373769093,-1.566901408,-0.598601814,0.519196981,-0.040970121,1.192530828,1.127758532,1.085294722,-0.537768683,0.294975293,-0.96523424,-1.259934414,1.181853398,-1.186524022,-1.293953719,0.105194656,-0.27067588,-0.184218286,2.305654507,-0.994466351,0.495033211,0.086692558,1.009338928,-0.785788873,-0.224464836,0.114146669,-1.433821186,-1.805550329,-0.020798639,1.337637437,-0.352203731,-0.215084595,1.150705726,-0.14881592,0.776908973,2.666467711,-0.5770643,-0.177054721,0.396218144,1.491623756,-0.115126777,0.72926925,0.347885116,-0.072239966,-0.420421594,-0.609215279,3.065525898,-1.541048225,-1.446289681,0.244740448,0.203265999,0.42635283,-0.874545017,-1.026472495,-0.285496829,0.907614239,-1.017734428,0.151124817,-0.512259539,-1.524480908,2
-0.898414671,0.491919172,2.323069327,0.435394248,1.579717467,1.131287106,0.0377806,-0.443719203,-1.740226581,-0.870943551,0.662753458,-0.302130385,0.375820326,-2.030275151,0.453514849,1.096481557,-1.77575829,0.371563906,1.343534654,1.680086649,-0.503499071,0.779930345,1.42978982,0.401381391,1.285077589,-0.035861653,0.394314144,-0.621609226,-0.164600158,0.43371617,-0.696619325,-0.223586373,0.760873681,2.052557533,-2.049438492,1.976576667,-0.259871764,0.964899869,1.1610927,1.564496774,-0.727961865,-0.225271308,-0.053596099,-0.357433842,1.318760975,-0.076827701,-1.618547665,-0.633013822,-1.578400027,-0.228338787,0.672549675,-0.654476672,-0.403032965,-0.274765292,0.140742494,0.516082779,0.807255428,2.255516983,0.123495931,0.735793054,-1.587556748,-0.379182986,-0.270416893,-1.017314889,-0.535992731,-0.107484718,-0.504663374,2.601834188,0.512275342,2.001022739,1.492651179,-0.639246133,0.037560467,-0.434824621,-0.161822759,-0.976433669,-0.441535329,0.359518882,0.333122057,0.253403665,-0.059674825,0.860742425,-0.257043026,1.39155234,-1.847597557,0.656811024,0.488371112,-0.674566557,-0.355231027,0.464790939,0.915935247,-1.749463168,0.628246068,-0.457651186,1.125289774,-1.839275214,2.445298965,-0.886139933,1.429961187,-0.06918462,-0.818666737,0.265114005,1.029125445,-1.552704801,0.701588849,-0.012178499,0.577044083,0.010975357,-0.571868839,-1.113123251,0.672645112,0.667271992,0.662272248,0.427596319,0.944698872,1.40606928,-1.876417847,-2.341797444,1.71794736,-1.341046515,-1.086243287,-0.287614312,-1.653971579,-0.381586697,-0.948105344,-0.23334087,0.279841305,-0.343538225,-0.394047285,0.257995797,1.044291798,1.602964347,-0.218538254,1.824889152,0.876706835,-1.232008454,-1.261208256,-0.577287851,1.444603983,-0.501367316,-1.892356825,-0.228884209,-1.980571968,-1.054985647,-0.587028406,0.149668911,1.024162327,0.694135943,-1.179324798,-0.371712262,0
1.246085192,-2.073390232,0.060865109,0.666185766,-0.081311205,0.360452613,-0.433908761,0.286325856,-0.249199936,0.267951548,-1.766941369,0.487104373,0.540003113,0.52896247,-0.987442511,-0.710130715,-0.86858861,0.32998064,0.658224916,-0.696562871,1.315612733,1.302386766,0.137958821,0.370885939,-1.679550483,-0.529039814,-1.252359508,-0.909986374,0.514518844,0.756057404,0.797857865,0.241691467,0.523374528,-1.589133468,-1.289532075,-0.209217345,0.597486245,-0.447263805,-1.360783473,-0.69176269,-0.933485112,-1.724488668,2.224392631,1.232871543,-1.97565914,-1.922051403,-0.805989093,-1.489333618,2.382618724,-0.802319884,0.36154034,-0.505796007,-1.167184416,1.047347187,0.654830575,-0.059568367,2.381934731,0.235055099,-0.456468751,1.915273077,0.403875825,1.627919635,-0.039088588,-3.014441105,-1.558753936,1.082710534,-0.589062956,0.253325118,1.133847399,0.179484752,-0.85940079,-0.011086707,0.106931903,-0.408155568,-1.384978137,-0.35548231,-0.09281405,-1.44318162,-0.918091239,-0.716850713,-1.860361849,0.128235671,0.236956802,-0.544325977,-1.368615351,0.406986546,0.546079754,0.098582337,0.041561617,0.593943494,-0.095468667,-0.917758042,-0.070284007,-0.392051944,-0.070315396,0.884266308,-1.202078449,0.177474475,-1.252585449,-0.918180677,1.573837635,0.457306454,0.160941197,-1.658471876,-0.235740268,-2.072790899,0.037252722,-1.246963699,0.557843744,0.161303916,-1.216092704,0.381593176,2.093388264,-0.202725437,0.880302952,-2.102986439,0.467695945,-0.569272691,-0.269014823,0.595114498,-0.243481638,-1.617438054,1.527220359,-1.450200318,-0.839535191,0.128118564,0.137433521,0.427972467,0.133268674,1.14841983,0.490298561,-1.185700262,-2.598089585,0.151087807,1.46614283,-1.252372913,-1.049949218,0.354855555,0.482993258,1.122284684,1.641110263,0.236084795,-0.926700855,-0.896116504,-0.543627507,1.031208551,-0.500083735,0.961577313,-1.524833955,0.287160717,1
-0.003602539,-1.158364689,1.644901766,0.438646735,-0.992494527,1.655002002,1.614778827,-1.060781808,0.325646841,-1.936964886,-0.395063245,-0.387938072,-0.408993969,1.611779763,-1.335882666,-0.223871421,0.754819757,-1.315242307,-0.883473303,1.115223854,1.344966821,-0.433274425,0.857505592,1.556767289,-0.40718076,0.791648722,-0.422805424,-1.353225569,0.003616269,-0.244446164,-0.926619014,-0.339280429,-0.226802357,0.278681899,1.039502777,1.040723353,-0.086528437,-0.546983951,1.339871352,-0.099690273,-0.59710801,0.170161558,-1.825795985,-0.469683901,-0.537409155,-0.789595816,0.380054824,1.077541531,1.692555442,-0.495715043,-0.282783443,-0.679717048,0.538123854,-1.867517705,-0.389190801,0.291484502,-0.623116157,-0.428981911,0.991373191,-0.056780636,1.194681822,1.637341861,0.530673367,-0.290769069,1.581648644,-2.526512441,-1.551648352,0.770352664,2.474264457,0.682536996,0.184763653,-0.466474013,0.556209052,1.158095805,0.748742877,0.062818099,1.033505554,0.305033802,0.510044207,0.970758082,-0.934088537,-0.022392008,0.113853511,-1.200730463,-1.089713411,-0.625861742,1.041630119,-0.195689041,0.129963785,0.308416524,0.631164755,0.501137175,0.067480916,-0.138413261,1.094535861,-0.492883678,1.360133731,-0.57081393,-0.283668037,0.708318231,2.365287951,-1.936186414,0.865807855,0.472632959,-0.453358135,0.359177084,-1.200906869,-0.792887253,0.427989345,-1.008301054,0.151001323,-0.663816859,-0.453374709,1.075819077,-1.165112255,-0.033809363,0.47852899,0.258038797,-0.591663938,0.365290049,-1.029706847,-0.48693449,1.590696829,0.639377193,0.002761489,0.449942471,-0.806199863,0.281304029,-0.451360047,-0.579954174,-0.123899222,-0.601348759,0.141162388,0.416505027,-0.272849406,-2.851717957,-0.868596402,-1.081659061,0.370294306,-0.729636649,-0.500857002,0.839733849,-0.780539939,0.202863859,-0.617803186,-0.471049806,-1.163557255,-0.52128417,0.50770628,-0.965054496,1
0.368673309,-0.393338812,0.571752945,-1.761532652,-1.09079716,0.724838992,-0.156835609,-0.734659575,0.45048838,-1.10734063,-1.139609187,-0.207994596,-0.138447273,-0.742721385,-0.263823077,1.333209807,-0.036180357,-1.150108614,0.024350846,-2.119358451,1.612003059,-1.186612812,0.20640626,0.162167148,-0.780731826,1.299398382,2.057618802,-0.74809287,0.71122747,-0.987623276,1.321375864,1.264823437,1.009403033,-1.656448724,-0.542570753,-0.528519747,-0.595891249,1.328542448,-1.811121825,0.389726609,0.744193942,-0.702388131,0.504887902,0.441674257,-0.271724893,1.086788465,-0.54313059,1.089208752,0.131859807,-0.311638627,-0.223833539,-1.388539919,-0.362097946,-1.122146571,0.264757374,0.900523474,0.456981786,-0.713051859,-0.265348954,0.276672213,0.329478078,1.637135442,0.623343024,0.148037461,0.104212226,-0.347980443,0.000158064,0.717075024,-0.70679574,0.410368481,-0.108856944,1.717783082,0.295272903,0.327715209,-0.856160463,1.464313412,0.506972298,1.364253762,-0.184010015,-0.001640314,-1.37057354,1.844805865,0.369396629,1.855712354,-0.349227013,0.471847086,0.992766003,0.329820699,-0.332774418,-0.474633947,-0.347005184,2.670400963,-0.621496255,-1.986395243,0.037237018,0.024650002,-0.31485111,-0.620767006,-0.27386994,-1.319686411,1.778506456,0.245012079,0.117880593,1.051104136,2.709909212,-0.401781287,0.306697696,0.801937214,0.691063649,0.904777593,0.917618111,-0.411193132,1.195201672,-0.112056957,0.280720537,0.614787327,-0.711160254,0.433726875,0.620450526,-1.893136315,1.401653684,-0.818916338,0.273004273,1.529008669,0.653886069,1.040388891,1.110153732,-0.492143426,-1.036952481,0.415200168,0.712716582,1.103635653,0.780821541,-0.491695663,0.879712322,-2.101604621,1.272250632,-0.889348127,-0.910642443,2.488268745,0.057076593,-0.255433525,-1.153182605,0.442628596,0.79325768,-0.35117809,-2.147847125,1.626618239,-0.28897751,-0.311252375,1
-1.724917833,-0.562287529,0.392415967,-0.508963626,-0.025574312,-1.769075905,-0.694713131,-0.409282438,-0.524088398,0.152354872,-0.822419932,1.121030667,0.000207065,-0.009300321,-0.327894717,0.155190684,0.825098265,-0.867130216,-0.658116489,-0.303726029,-1.345870923,-0.81925786,-0.476220874,0.874389181,0.262561329,0.193589911,0.850897962,-0.137371788,0.39046485,-0.103221753,0.265362349,-0.582758658,-2.438817158,-0.134279162,1.422748136,0.926215402,0.965397485,1.236130722,0.088657591,0.197315707,-0.617651895,-0.316072856,0.61577115,1.203884437,-0.139446276,-0.450189265,0.000527959,0.601206749,-1.443854816,-2.296180953,-0.550536849,-1.220712426,-0.508140198,-0.147780319,-0.453248409,1.452467534,0.326744765,0.30047436,0.622207144,-1.138833118,1.039111787,-0.075764287,0.670480617,-1.071857233,-1.553758766,0.817889658,0.376409526,-0.902051554,-0.869663081,1.125434784,-1.189411893,1.642672953,-0.900620735,0.638391926,-0.328618476,0.603187431,-0.544114002,-0.162792906,0.040919175,-1.002187456,0.740824345,-0.513213566,-0.228599915,-0.994349375,-2.562333659,-0.191027763,2.412615422,0.784604288,-0.01926038,-0.262890829,0.022465893,0.547119115,-1.180812815,1.114321695,0.715381315,0.718185726,0.438475739,0.019616658,0.672861236,0.591814134,-0.354040711,-0.573601773,0.101856295,1.549020151,-1.239107076,-1.467525266,0.164760841,0.050887702,0.173341664,0.243953198,-0.223202255,1.489863439,-1.600903978,-0.828497025,-0.10325476,-1.643188811,-0.175854404,1.661470166,0.020886488,0.230700906,-1.260164765,-0.616361408,-0.37519638,-0.317715097,1.281643795,0.557691061,-1.111457957,0.246504778,0.498221748,1.140149039,1.580540687,-1.015094192,-0.810857511,-1.257577859,-0.234019859,0.466358374,0.987334517,-0.075951024,-0.319847523,0.151757992,-0.835142902,2.089538722,-1.607661027,0.184740579,2.023606219,0.006799845,-0.190039035,-0.357445423,-0.180391682,1.372848475,0
-0.077101709,0.341151975,0.282000543,0.376388562,0.271940591,-0.051918359,1.511283124,-1.312660561,1.021458104,0.822342299,0.698399121,1.116979428,-0.092599395,-1.868974076,-0.07229266,-0.991194218,-0.73185921,-1.242419674,-0.477344858,-0.596623694,-2.37756983,0.700221911,2.220321858,0.606237193,-0.202923957,-0.054746396,-0.420985868,0.090041584,-0.037008094,-0.84104843,1.682888389,-1.487154236,0.718331543,-0.101197627,1.900831815,0.340864599,-0.359905537,-0.247707198,0.039906695,-1.142790695,-0.766869525,-1.784943969,-0.922976898,0.093906482,0.300175049,-1.979329695,-0.137211703,0.563409951,-0.162912193,-0.633788646,-0.412161145,-0.540763355,-0.636730559,0.173823525,2.307688228,-0.743699917,-0.318142633,-0.051697939,-0.687354434,1.098235804,-2.370885373,-0.53105917,0.818313736,-0.294094308,-0.820838959,0.440756754,0.906343235,0.210635445,-0.80122036,0.456203319,-0.4020493,0.745186882,1.483258885,-2.605576756,0.111067473,-1.735733937,2.441788585,-0.468124534,0.746373242,-0.03531686,-0.803084581,-0.922053047,1.585679173,0.95593806,1.943584087,0.055453335,0.287919621,-0.267191566,-0.287082203,-1.041886932,0.084010191,-0.789246595,0.441908922,0.170010219,0.287682044,1.67512994,-0.03771795,0.756727003,2.051509464,1.306617069,1.153169698,-0.306688216,0.229643056,-1.318276292,0.498914401,0.274460178,0.023385125,1.027194788,-1.207774822,1.634862851,0.901764688,-0.07063398,-0.148729588,0.480611215,1.520851232,0.101607719,0.144030902,0.018118478,1.782024113,-0.368883103,-0.029507599,1.463435654,0.147010834,1.13705886,-0.911280057,-0.205292522,1.484434038,-0.676339716,-0.15129904,0.256685231,-0.989154518,-0.413810119,0.112636682,0.046681734,1.280352021,1.541457195,-0.856084872,0.111268519,0.674248308,1.516347466,0.718490297,0.290913402,0.666542532,0.673768834,-0.927714292,0.192798793,1.459160994,-0.207356769,0.129446643,-0.24251645,0
1.547505201,1.795877673,-1.291760784,0.744898071,1.60351943,0.478864378,-0.973805203,1.010296584,0.665492503,-0.230747015,-0.460242041,0.660810302,-0.91069877,0.201834452,1.198657518,1.519856277,-0.525322661,-1.586734586,-0.707239954,0.816392157,-0.740789634,1.082721111,-0.742918303,-0.557349864,-0.17287336,0.94458268,-1.583614729,0.279982539,0.262075967,-0.991416827,0.35606206,-0.179917689,-1.13120668,-0.073936598,-1.042260723,-0.640499294,0.879959711,-0.312074914,0.859470882,-0.156932391,-0.962634219,0.479905243,0.560161246,-1.23043443,1.135729741,1.520859436,0.626675632,0.077374648,2.011695503,0.53905513,0.197223503,1.699898206,1.602668741,-1.439174663,-0.50417041,0.585666296,1.227349667,-1.165527632,0.907863223,-0.404571288,0.71746577,-0.566970024,-2.332899461,-1.771160718,-1.126080546,-0.591554937,-0.007183629,-0.517590164,-0.047372807,-0.496384171,-0.004690583,0.930669257,-0.014973029,0.540851107,0.714362969,-0.15783742,-1.790850516,0.252695725,-0.674096067,0.862409362,1.365658964,-0.257541127,0.16392853,0.667862338,-0.812889488,0.009227282,-1.547507926,1.044316796,1.686096846,0.099942202,-0.751802725,0.261507313,-1.274898983,-0.435938136,-0.418191123,-0.52172545,0.219204279,0.43393728,0.014257821,0.900908657,0.390345983,-0.494058233,-0.108028055,-0.080896168,-0.383246137,0.509648791,-2.131445705,0.032109591,0.309306838,0.599052818,1.108335165,-0.140676976,0.831766215,0.610560267,0.264242993,-1.39138316,1.090472913,0.096333551,-0.252041161,-1.156980278,-2.444156117,1.902281997,0.306855546,-1.106991025,-1.260676125,-0.278664973,0.808033724,0.631171059,0.68196205,-0.887385715,-0.178842929,0.127086357,-0.056719998,0.545859938,1.573698965,0.210371651,-0.584891938,-1.452802353,0.175849824,-0.659684406,0.428607935,0.364641558,1.56351842,0.213825429,0.455592963,-0.655265722,-1.432170492,1.074467785,1.20651746,-0.330763946,2
0.25049285,0.346448209,-1.63529027,-0.918616459,-0.149878034,1.11229245,0.463723058,-1.167500824,-0.140316228,2.017806449,0.111223335,-0.327325575,0.491739641,0.76339308,-0.456168347,0.502574774,-0.328889497,0.719327602,0.169693158,0.481967827,-0.759183546,-0.821286384,0.945497305,-0.079396381,0.285034742,-0.306395427,0.898726774,-0.60780998,-0.13560124,0.785992813,1.172967699,-0.523759291,1.959683982,0.313241694,-1.042928262,0.369052049,-0.382999214,0.434068487,-0.042856248,0.07427369,-0.911593377,0.990061231,-1.156127367,-1.108764895,0.367360349,1.602844247,-0.352593097,0.700972323,1.073340177,0.814684437,-0.311208289,-1.091046717,-2.207547566,-0.262840499,1.178087369,-1.124165985,0.700209848,-0.95015253,0.106072576,0.707791614,-0.659495437,0.170484681,-0.415091337,0.705148659,0.235317168,0.056507674,1.55834996,0.662306142,-0.690351866,-0.085863901,-0.075898785,0.080319573,2.524509277,0.370851893,-2.03590257,-0.542798972,-1.932372087,-0.329798257,-1.98731023,-0.871590471,-1.52072153,0.384160178,0.000539363,0.302962307,-0.104551389,-1.39429775,0.513521369,1.92222456,0.409212579,-0.425924599,-1.428067176,-0.908066971,0.453039657,1.073118027,0.260866175,0.79988729,0.707678244,0.506534391,-0.658473595,0.173923512,-0.848377804,0.017428953,0.330863531,1.678783807,-1.309731974,0.481507631,1.481236592,0.758847766,0.832945443,0.587694902,1.29833449,-1.087478168,-1.385926666,-0.00633414,-2.161162104,1.230645804,1.220715195,-0.433350555,-0.370770597,-0.072347475,0.05202065,0.127173919,0.558232107,-0.172626353,0.943193303,0.445947777,-0.606963446,1.335112668,-1.358256986,-0.092165811,0.966917401,-0.723073105,0.309555647,0.543339597,-0.860523868,-0.07247772,-0.15650383,-0.551737852,2.301674852,-0.763106353,1.004930294,-0.392801017,-1.086636189,0.102814243,0.649093384,0.920509575,1.562265111,2.94524629,0.250514204,-0.663092174,0
-0.095295532,0.279021526,0.119579812,0.047779026,-0.590316029,0.072878836,0.02541397,-0.121159795,-0.652200524,0.519251352,-0.011840199,-0.750252858,-0.124983086,-0.582755949,0.003156172,1.428262535,0.147870821,0.201475303,1.424324012,0.271071842,0.433732392,0.144330342,-0.384735419,0.448087959,1.702165259,-1.320844262,-0.457205532,-0.852998038,-0.741267,1.22343691,-0.158234296,0.722966818,-0.667031445,-0.64484649,-1.017688001,1.445042738,0.775109719,-1.050509836,1.142268105,-0.259500031,0.453217963,0.047011639,-1.436621824,-0.82774328,1.353944111,0.939299791,-1.021659167,0.207984223,-0.214647288,1.141954115,-0.204876728,-0.768164978,0.737088564,1.189104543,0.393541287,0.572102314,-1.195175603,-1.27791773,-1.349997646,1.050793497,-0.387232715,0.826300195,-0.600255034,-0.014543381,-0.805684915,-0.327569844,-1.709580384,-0.317646791,-0.405944777,-1.694908012,0.424789095,0.574282914,-0.662040104,-1.205236491,1.730401214,0.256162649,-2.380018301,-0.428327075,-0.651594721,-0.725445936,1.092186152,0.252954357,0.635308154,-0.137906126,0.853351519,-0.373303396,0.23284622,0.487302735,-0.622928019,-2.096601199,-1.693203561,2.311905,0.651123857,0.698188095,1.421477897,-1.124908562,-0.724304342,-1.104792396,2.356586413,-0.997837045,1.254247538,-0.658905819,0.085299424,1.270314631,0.285992835,-0.131650006,2.268380631,-1.833909993,-0.944079054,-0.309610113,1.044277433,-0.50362869,0.967716353,-1.722426187,1.148283725,0.893566125,-1.074747888,-0.034494542,-0.269408515,0.45016401,1.161174835,-0.683035738,0.36947199,0.245631013,0.124976977,1.455340379,0.160542951,-1.214995417,0.737839486,1.600958815,0.139998222,1.352052882,-0.419332405,0.414272029,-1.562721269,-0.609820937,0.168662812,0.669728425,0.436632929,1.28032118,-1.528981034,1.469746432,-0.713692784,-1.228612018,1.036998077,-1.112450143,1.413590781,-2.182100426,-0.755693498,0.877075156,0
-0.601706612,1.852278185,-1.05014074,0.757495149,1.370536144,0.6952029,0.283751024,-0.987873341,-0.846850966,1.249618905,0.779349004,-0.039019519,-0.417909546,-2.025807873,-1.070852419,1.911419087,-1.280455571,0.189479821,1.007443973,-1.254922668,0.184710475,0.937915538,0.012499322,2.868403056,-1.668599259,1.05872853,-0.172801737,0.771920155,0.441307152,-0.733156197,0.228996392,-1.857901451,0.603247501,0.298158466,0.638660169,1.058118325,0.36761984,0.14808942,-0.881068337,-0.712220764,1.18673462,1.436335406,-0.238110436,0.046002747,-0.904614375,1.172756845,0.665416824,1.941217436,-0.878323077,-0.378007899,0.231445923,0.646489538,-0.215667638,-0.87296109,0.881407529,0.721135363,-0.916274101,1.355442801,1.170198709,0.134296497,0.079597862,0.554057771,-0.86170307,0.030031479,-2.152383545,0.876455646,-1.561493222,1.503419828,-0.330120094,-0.211666982,-0.627733906,-0.288038874,1.418531345,-2.487808657,1.276965386,0.338023481,-1.207021648,-1.075312393,1.676393027,-0.94550688,-1.153350511,1.137314542,0.338552876,-0.937925577,0.216624975,-1.025752684,1.100821398,1.061370965,0.532006199,0.361661061,1.761188125,-0.000313673,-1.181874125,0.449473913,2.08604705,-1.014759493,-0.361462767,0.416446038,-0.053904849,-0.98230358,1.121857856,2.320040722,0.196131459,-0.90406829,-1.548960525,0.257975981,1.103877343,0.475167746,-0.002403841,-0.589271652,-1.092163633,0.834751326,0.913771621,-1.545729787,1.589838978,0.574071221,1.399594645,-1.342127748,-1.365824155,-0.14896931,0.502784427,1.796360823,0.706078914,-0.242681277,-1.026369208,1.230000573,-0.964705426,1.628468555,-0.28438465,1.590582073,0.67893129,-0.136995489,-0.519396372,-0.340907877,0.428316692,0.077156496,-0.593811408,-0.16563141,0.07857703,-2.128734094,0.458168115,-0.979721225,-1.153332403,-1.687344347,-1.793892498,-1.355447503,-0.709020958,1.953259138,-0.525879676,0.177750106,2
-1.122722022,0.382409746,0.056778698,0.177505304,-0.357442846,1.129970386,0.146068157,0.048422695,0.295431082,-0.415002655,-0.350197924,0.48131523,0.776310835,0.880800015,-0.1952412,0.123279068,-0.606493899,0.786608522,-0.944826075,0.222138203,0.878980748,0.125709271,0.300002675,-0.272779785,-1.853913649,-0.673603848,0.044355781,-0.689057568,0.485210632,-1.46402332,-1.937492557,0.695039939,-0.311641261,0.34637962,-0.521034053,0.564740685,1.357418147,1.428363765,-0.647961308,-0.421920821,0.170140908,1.870916658,-1.152826731,-1.145769385,0.868945899,-0.665767038,0.659156951,-0.585013402,0.35228218,-0.509979054,-1.004686003,0.146306365,-1.212533308,0.4563028,-0.234276585,-1.361019196,0.299935532,0.278874768,-2.352184903,-0.050906493,0.00989628,0.092674817,-1.8187652,0.353704994,0.513026186,-0.937990171,-1.399141525,-0.979395299,0.128780368,-1.237815083,-1.353612346,2.099470831,-0.005310221,-0.311190727,-0.670469308,-0.423102129,1.801861094,0.816258451,2.386730765,0.39193985,-0.956246891,0.27116865,0.548621334,0.613912774,-0.442160832,1.803875924,-1.269570042,0.339451023,-0.292394996,-0.77695023,0.247105599,1.256577737,0.403979073,0.273092396,-2.019621835,0.921203579,-0.406055319,0.534175794,0.920187779,0.192879599,-2.001165002,1.416523486,1.805211101,0.813106632,-0.72646735,1.229828161,-0.282061214,-0.066972364,1.197522056,0.64749528,-2.352944537,0.207854116,1.185343849,-1.363588166,0.977480428,-1.669757598,-0.214793457,0.541431426,-0.253115134,1.177634921,-1.414688472,0.81523365,0.052904706,-0.852555856,0.438756667,-0.070333877,1.479558428,0.583407752,0.412650631,-0.672954131,0.146567497,-0.575162616,-0.062295618,1.245350808,-0.285752828,-1.446157718,0.494528913,0.7868471,1.58896513,0.864373322,-0.271673731,0.260794889,0.389312973,0.434185172,-2.47408353,-0.573481573,0.477046142,1.099374513,-0.63426835,-0.414950352,0
0.690143992,-0.401220472,0.821408323,0.004862255,1.21025202,-0.215069264,-0.980278935,-0.010362242,0.105972278,-0.082030067,1.280655561,0.805301981,-1.430940989,1.534367014,-2.741417061,2.151024373,-0.287305514,-0.189567737,-0.060016239,0.385205433,-0.000263201,-0.133395189,1.308918309,0.56559608,-0.958803854,0.740673914,0.524107003,-0.545273726,0.792138426,-0.157572601,-0.221673472,-0.248913117,-2.428118057,-0.526699333,0.713173242,-0.022411243,-1.28518643,0.964631255,-0.29860016,-1.221575491,2.206012462,-1.053172594,0.879491511,-0.769314101,0.135826835,-0.902180963,-1.239304181,0.522202545,0.405290545,1.144649444,-0.03438193,2.220351794,0.268346667,0.566774681,-1.358429245,-0.614084315,0.519679701,-0.084227762,0.187683135,-0.816493756,0.121946973,0.118545892,-1.18043502,0.642549845,-1.700064947,0.184238081,1.765592694,0.680550538,0.674299246,-0.897426675,1.769062053,1.376718095,-0.843590023,-0.474763242,1.254656045,1.796147378,-1.264686035,-1.00371077,-0.143786756,-2.171094029,0.01904516,1.185743514,-1.438637016,0.127106965,-0.581770705,1.639945949,-0.569791862,1.518993088,-0.597455071,0.771175805,0.251945618,-0.138272667,-0.790528569,0.323095421,-0.440535262,-0.689766225,1.472722741,0.547530227,0.643638952,-0.391598519,-0.185978347,-0.248576667,0.337238913,0.641803452,-0.03025137,-0.792644994,0.760570457,0.033403868,-1.440836379,-2.13529475,0.297897175,-0.829473799,0.431062129,-0.775618309,0.133185772,-0.378401528,1.75192081,0.950315658,1.3472969,0.024047769,0.822360939,0.091650078,1.469591367,-0.072562065,-1.39748934,-1.998621525,1.66831112,0.478504474,0.54425685,1.489647842,-1.651734944,-0.358601215,-0.23606983,0.742275233,-0.692640225,-1.201373744,-1.210348651,1.149418076,-0.742532094,-0.552017484,0.634498151,-0.698945408,-1.704948423,-1.581701174,-0.056807397,0.49732843,-0.202245244,0.430442704,-1.612837526,-1.545303541,1
-1.525525171,-0.69190807,-1.078626598,-0.017826352,-1.616096772,0.022142533,0.786794713,0.966676781,-0.004580587,-0.358398017,0.087172558,-0.572004943,-0.573401902,-0.408176031,0.227875634,1.436174735,1.298962462,-0.318659398,-0.815326465,-0.73271616,-1.479032373,0.727968831,-1.393526145,-2.257801701,0.728942064,0.685477655,-1.080915292,0.302595539,-1.318566184,-0.097374629,0.358896607,0.693591696,0.396187352,-1.894205272,0.302211509,2.180880121,0.392751077,-1.385144081,-0.71013901,-0.51160797,-2.33161489,0.100623929,-0.350406859,-0.303566286,-0.124519878,-0.722087065,0.855022618,0.183955956,-0.533781671,0.444977326,0.355490957,-0.954989864,-0.172949241,-0.174419713,-0.585232058,-1.356728189,-0.616261955,1.266340329,-0.649015905,0.898985094,-0.035304759,0.167670537,-1.224190738,1.163948072,2.06015952,-0.698188971,1.303517246,-1.269243287,-0.053807407,-1.172308724,0.377400115,-0.20408856,-0.050830426,1.311943784,1.243525624,-0.172200119,1.107295285,1.150359099,1.109459429,0.147743969,0.330590323,-0.283648431,2.334018604,0.399004497,-0.08214726,0.503156192,0.271625332,2.062435442,-0.021917074,0.765678188,-0.11948223,-1.68749688,0.001463378,0.853467363,0.13595365,-1.156241881,1.585268214,-1.189694164,-0.772980233,-1.125054455,-1.036294033,0.044998438,0.610959144,-0.586940206,0.564343537,0.769079891,-0.328940423,-1.513804657,1.513957719,-0.670631532,-2.210077356,-0.389039993,0.583725451,0.733608887,-1.136981307,-1.848708,0.305898913,0.516918519,1.11792164,1.003221479,0.146673683,-0.918587814,-0.482624563,-0.24295759,-0.915356584,1.080975973,1.027859173,-1.39596466,-0.321678685,2.062179567,1.162882667,0.188213156,1.095876145,1.649394393,0.094610499,-1.35692097,0.859671425,0.911472918,-1.00574173,0.260511405,-0.790660705,-1.644740516,0.220699489,1.452136,0.321236691,0.176884749,-1.332631227,0.628274947,-0.55353258,-0.777986249,0
-1.328186049,0.196861236,-0.856498237,0.097670377,-1.264498407,-1.793106453,-0.38281719,-0.123728946,-0.397679694,-1.184030558,-0.399899062,0.269294753,-0.04489303,0.182501031,-0.6701152,1.171717915,-1.176173337,0.487560297,1.181891093,0.480908093,-0.202524227,-0.528297047,1.036087651,-1.422974925,-0.97012426,-0.397557765,1.237653758,0.379767636,-0.968045759,-0.310307705,-0.614323144,-0.709788992,0.978889559,-1.371743129,1.608780856,0.82822969,1.090861671,-0.462939512,-0.149940719,-1.433151815,-0.524662407,0.493654848,1.296063062,-1.107156817,-0.365505937,-0.15129922,-1.395789202,0.591349242,-0.723990332,-0.195390351,-0.451949372,-0.789338506,-0.007044985,-0.215609579,-0.371857882,-0.728461622,0.319524671,1.653617268,0.139887233,0.996118215,-1.390221925,0.157761439,-1.097368319,-1.476924928,-0.739371407,1.191899334,0.950015829,0.243004722,-1.53270056,-0.196280651,0.301700009,0.17553623,-1.843793583,-0.890317848,-0.064077764,0.53629091,-2.196127821,-0.162123975,0.14304877,0.849611989,0.692857584,0.582571319,-0.799940507,-1.908002137,-0.393052757,1.001631825,1.393454528,0.710549102,0.429340823,0.379639648,-0.556118747,-0.130060294,1.669069526,-0.942558006,1.614778791,-0.322028154,1.325432109,-1.406815009,0.585904201,-0.736770136,-1.415267192,0.218534042,1.009471789,-0.844941439,-1.49901596,-0.091844764,-0.087435329,0.548319628,0.949594571,-0.059415181,1.855503315,0.224234745,-0.346426506,-1.611567359,-0.26265952,-0.336386945,0.960304796,0.462483624,-1.179369122,0.172254386,0.671531172,1.528031359,0.887503967,0.760846654,0.060085995,0.388312005,1.249504901,-1.332777397,-0.349439327,-0.772568749,0.379153119,1.230222176,-0.596974287,-2.390304367,-0.412220745,0.913473732,0.537629903,0.428186248,-0.279993302,-1.279030736,0.515294322,-0.83428181,2.184096733,0.570507208,-0.580648303,-0.611385247,-0.092944207,-0.239501922,1.116833776,0.18641617,0
-1.08105654,1.053152853,0.968317366,-1.23457955,-0.721998873,-4.157733877,-1.179236394,-0.591063047,-0.510774181,-1.294881465,-1.12985294,1.261569807,-0.77992663,-1.809265803,-1.042844376,-1.029556095,-0.070348271,0.359616353,-1.353581275,0.300302266,1.399739146,1.016025552,0.579222815,0.407722477,-0.316876821,1.418875266,0.429239672,-0.804378715,-0.150766795,-0.675699964,-0.138867507,1.215467256,-0.17628297,-0.794595747,1.040679908,1.276528183,-0.785355152,1.47994272,0.962505206,-0.551915348,1.218893844,-1.231895808,-0.481707889,-1.094942997,-0.976634067,0.851089885,-0.014646764,-1.111076532,-0.589604603,-0.664637032,0.250852213,2.273118505,0.205738244,0.271931951,1.541158149,-0.542852647,1.332879153,-0.424501944,-0.360202126,-0.329696286,-0.1070155,-0.174934185,0.358255572,-0.42428542,0.100454576,-1.611652627,0.782416372,1.132025797,0.22156914,0.747855372,-0.837432198,1.517582542,0.190194788,-1.60513055,1.215388158,0.717733905,1.871631941,1.663872554,1.341815821,0.473979774,0.713027734,-1.078640134,-0.277002703,2.984233945,-1.727668449,0.310241452,-0.039445479,0.853345421,0.198616437,1.214570833,0.015146082,0.774265194,0.365683554,-0.29161335,-0.434033789,1.277860998,0.624946722,0.99620224,1.254794909,-0.517786852,-0.270826611,-0.340803898,1.031128946,0.090873893,0.183260391,-1.054745466,0.824036229,0.857146968,0.561010178,0.162812582,1.043245946,-0.049008883,1.419590984,0.714880435,-1.26222334,-0.1335506,0.324933139,-0.696635564,1.07956029,-1.976079351,0.803792718,0.69035005,-1.987494524,0.103504573,-0.434973464,1.41752981,-0.837492702,0.799173986,0.998320592,-0.392593353,1.297741141,-0.41552313,1.332540225,2.60436043,0.930240019,0.612169852,-0.473113986,1.85705347,0.888235722,-0.460434142,1.499115096,0.109884851,0.676846435,-0.410403164,-0.938586847,-0.886595823,-0.381384863,0.51317873,-0.298090453,-0.791294552,0
0.06023021,2.463242112,0.02012113,0.891700581,-0.672393584,0.336499789,-1.566959371,0.407090383,1.953059696,-0.994856352,-0.759802132,-0.710015443,0.129998226,-1.063036273,0.421247379,0.846839945,0.534347213,-1.768415426,0.995167665,0.937367414,0.830161372,0.372842249,0.220189314,1.032389398,1.923513488,-0.953040463,1.078125396,-0.086217098,-0.129673052,-1.53653069,-0.28478941,-0.997264958,-0.46385443,-1.098186384,-0.448908387,-0.406110357,0.096754918,-1.614749862,-1.445518148,0.361914271,-0.797438117,1.07452979,0.225269722,0.60676215,1.41069232,-0.309710812,-0.574486705,0.871702586,0.509513564,-0.18733031,1.391457967,-0.21224431,0.032773638,0.021222651,-0.934593895,0.077585389,1.396760177,0.444968315,0.031063426,-0.161767281,0.330867028,0.749766628,0.609238831,-0.331864862,0.324781594,0.479939741,-1.007194988,0.168230541,-2.161303886,0.48253371,0.660343055,0.747546126,-0.395046852,0.309046835,1.423953846,1.413769648,-0.029172699,0.139319631,1.110911145,-1.500802015,-0.323075743,1.335570456,0.975200542,0.369263778,-1.505832405,-0.049910233,-0.589915396,0.331038903,-0.809346685,-1.025723395,-2.064865278,1.221804685,-0.399770511,0.157145784,-0.002238116,-1.067433933,-1.259064911,-1.005315126,-0.723168439,0.366606247,-0.795717664,1.746490632,1.027151036,0.80835955,-0.119658902,1.514280736,-0.218005631,-0.031261414,0.16997454,0.701823041,0.636908079,-0.475125278,-0.532993719,0.639902957,0.715236584,-0.393351125,-1.58718807,-0.207316096,0.623525799,1.805416846,-1.197957962,-0.426571253,-0.389403562,1.355805339,-0.0349415,-0.907326559,0.558695283,-0.40463852,-1.224387273,-0.892773307,1.734041954,0.384209222,0.107760055,-0.249893736,0.292148842,0.280235946,0.292168828,0.11484509,0.868798338,0.023104346,-0.977938836,-0.612422891,-1.979018693,2.026817116,0.862754592,-0.830070495,-0.281844849,-0.636876474,1.542547211,-1.419877164,2
9999,-0.138264301,1.399355437,0.924633683,0.05963037,-0.646936778,0.698223314,0.393485385,0.89519322,0.635171802,1.049552715,-0.535235212,1.317394066,0.197599605,2.075260873,-0.689187818,1.735963803,0.197910783,-0.651418004,-0.483885834,-0.320347308,0.424165946,0.522835488,-0.573700004,-0.024354592,2.142270359,1.72754317,0.43632367,0.038003478,0.120031327,0.613517973,-1.022792565,-0.257376537,-1.668584074,0.399223123,0.64719594,-0.483186462,1.573986763,-1.225765663,-1.46437488,0.224451819,1.047098303,1.683927691,-0.458884263,1.078680833,-0.03850847,-0.1726273,0.883659937,0.652322878,-1.576392157,1.47654035,1.380091354,-0.625562702,0.395803533,0.494030186,0.260673766,-0.550305154,-0.671623368,-0.025554071,1.172729019,0.543600155,-0.370614332,0.771698711,-2.848542621,1.1487657,-1.739713779,-0.362440941,-1.119669895,-1.294681476,1.160826787,-0.467701201,0.346503882,-0.046920579,0.477040827,0.076821891,-1.282992224,0.996266819,-0.493756583,-1.556581899,-0.428115161,1.500759791,0.850221742,-0.348652134,-0.349257704,-0.321635051,2.076747984,0.381935452,0.430041647,1.030283454,0.238789159,-0.259042146,-0.196349849,-0.071601259,-0.037222237,0.727629544,0.051945886,0.732640077,-0.08071658,0.07863519,-1.998200685,0.916327675,0.346488476,0.99801011,-2.896255378,2.088374705,-0.139589628,1.108182817,-1.039905927,0.612773905,-1.053415563,-0.623768961,1.914031354,-0.190682401,0.217432873,0.870067731,0.495681888,0.150418905,0.364961002,2.403415585,-0.057618797,0.201099047,1.050654396,1.105525933,1.187030306,0.638730222,-1.143004913,1.633431532,-1.146345393,0.302635465,-0.75427585,-0.064138347,0.32876241,0.321357215,0.421920754,1.613711269,0.453534302,-0.244156635,0.964087168,1.189470489,-1.227607815,0.59740007,0.701172742,-0.297563503,1.375706813,-0.150055587,0.125576453,-0.173071824,0.015579048,-1.096275087,-1.440050883,1
-1.222127809,0.71299843,-0.147206698,-1.615958609,0.60505528,1.831285246,-0.38143702,-0.907256904,0.067368852,-0.122791563,2.61004187,1.005862121,0.129390098,-2.895329734,-0.143298491,1.85222663,0.08004751,0.82184946,0.39195933,-0.486662059,1.691315724,0.18890592,-0.706870278,0.021525044,1.427546666,-1.479451624,0.270266257,0.073634762,-1.540108723,0.766767791,0.256451715,0.878528043,1.13807824,-0.055560041,-0.555603722,-1.424529446,-0.644338463,0.010947875,-0.963576816,0.583451932,-0.903425823,-1.762819338,-0.577935333,0.184228016,-1.259445237,-0.888262144,-0.630172767,-0.498878149,0.297882213,0.637898881,-0.474431054,-1.038938432,0.136735712,0.5177246,1.613773888,1.146171241,-1.258847788,-0.14099181,0.456161662,-0.850192425,-0.350703915,0.673959263,0.249971403,0.001728423,-0.653549216,-1.445603323,-0.312435074,-0.091226676,-1.468427595,0.047970911,0.392044142,-0.691991753,0.403444867,0.275705891,-0.304531749,-0.415970884,-0.332196365,-0.85620026,0.344643003,-0.845272007,-0.781080854,0.497265528,-0.24207088,0.061696788,-1.711614859,-0.523303489,1.680770131,-1.78080822,1.749628659,0.261213779,-0.532987033,-0.204420937,1.230513451,-2.277494771,1.415428828,0.26564398,1.01224305,-1.748322833,-0.227466085,-2.328351569,1.19758323,-0.982708786,-0.997404233,-1.934429434,0.444369446,0.071890426,-0.747870289,0.263103233,-0.779932253,-1.7592881,-0.363798011,1.644718412,0.971666365,0.455371448,0.24402469,-0.363330891,0.735976718,0.565323789,-0.083113586,0.199080445,-1.605860437,-0.480297247,-1.193106582,-1.212179092,0.470273447,-1.264609349,0.76808905,1.032000449,-0.061704338,-0.605516136,1.031023139,0.552369285,1.195179632,-1.081508913,-0.260348617,-0.218564886,0.20942466,0.62488677,0.13783133,1.335402684,-0.374745114,-1.049010334,-0.665668512,-0.790077184,-0.455925048,-0.269189289,-0.226776618,0.231927497,-0.461095435,1.048801012,0
,,,,-1.229088434,-0.970228969,1.666252494,-0.190975841,-0.089599203,1.101190704,0.602637336,-0.262079217,1.146469005,-0.684009861,0.283662645,-1.255258537,0.260211261,1.017742444,0.871301573,0.902145679,2.887772543,-0.267566196,-0.903746331,0.456044399,-0.880331791,-1.13291018,-0.252402108,1.980278664,0.689033602,0.380493971,-1.672780343,-0.622921911,1.432559953,-0.269968333,2.194939072,0.448048393,-0.150465013,-0.3139767,-0.065050628,-1.451820586,0.973061767,0.441698176,-0.256192772,-0.111510952,0.809790156,2.029766443,1.531572474,0.185756751,-0.822610087,-1.533310435,0.122694218,-0.783237099,0.15519813,0.290648365,0.71692668,-1.171530651,-0.887134442,-0.314188714,0.260500752,0.201583429,2.57807252,-2.259261155,1.110234392,1.058719605,-0.915298697,-0.472321215,1.761574404,-0.622166664,-0.605549937,0.119933809,0.512345226,0.997559983,1.040681509,0.781850927,-1.908018171,-0.041344473,0.664869232,0.684751672,-0.709967885,-1.022678505,-1.091557528,0.465527504,1.007256096,0.141874112,-1.069926308,0.179604432,-0.951884574,-0.736986102,-0.368615778,-0.798521512,-1.130217732,1.549372146,-1.887852963,-0.591579475,-0.215781887,1.227962487,0.294667082,-0.281544168,-0.741191414,1.147272055,-0.806624775,0.211149659,-0.16939339,0.480053352,1.571107706,0.705494872,-0.128916966,1.675706581,1.579814848,1.139521436,0.282035754,-0.771109633,-2.366040171,0.21143702,0.773993568,-1.337118442,0.415484702,-0.445433943,0.510250287,-0.616549414,-0.726054079,-0.061086098,-1.176385534,0.961564788,0.020241883,-1.144580319,-0.615579799,0.590223671,-0.301433392,0.709917676,-0.995122725,-0.279716436,-0.072202988,2.226906324,-0.727952651,0.62653423,0.471464047,1.747799634,1.359575139,-0.462558501,-1.049305388,-1.415750025,0.235973481,1.013807474,1.143814413,-0.261093062,0.044374547,1.426050441,-0.763195716,-2.475329017,2
1.255756126,-0.894607302,-1.13468451,1.601826821,1.862515537,-0.420790064,0.93662821,-0.145007394,2.180909799,-1.492909449,-0.178287226,-1.447256999,-1.586686092,-0.115892463,-0.450429675,-1.011310944,0.837192538,1.29874885,0.512868583,-1.876761984,0.339496497,0.329726628,-0.842245968,0.345855832,-0.506966255,-0.820337119,-1.182718491,0.834341765,1.293429762,-0.141322459,0.98471863,1.526475461,0.131306823,-0.077409839,0.469629519,-0.837750738,0.546885116,0.151095514,-1.306696181,-1.294991418,-0.985302357,0.512646787,-0.337346063,-0.025032824,1.366319146,0.442815474,-0.642511209,-0.987096496,0.305105753,-0.971069083,1.253027841,0.245773425,0.129173159,-0.954962598,0.619370843,1.128445198,-0.136271011,0.928226293,-0.404835748,-0.06228,2.086033118,-0.371480186,0.539684984,-0.389095255,0.280439871,0.696127886,-0.900829063,-0.705186618,0.567666818,0.161628106,1.172474884,0.269919186,1.860169371,0.696818423,1.878651002,1.689521334,-0.642002752,1.48039431,0.940269721,0.870309697,1.185010114,-0.309179951,0.328461894,-0.420547009,2.309845,-0.752849373,-1.278438781,-0.817535453,-0.054999698,-0.061803764,0.890153447,0.030994623,-0.494794221,0.48293713,1.164833981,0.207130798,0.86865428,0.08338141,-0.259824586,0.69834841,0.22863128,1.004419781,1.542217929,-0.113325988,0.646902213,1.068015047,0.41030071,0.51013503,0.143392449,0.2554233,0.521867716,-0.607785921,-1.698388633,-0.087713249,-0.169154865,1.62010715,0.29617569,0.562023815,-0.411559711,-0.595872613,-0.8346403,-1.260211084,0.726429455,0.306630762,1.477261106,0.549717254,0.242875826,-1.981372523,1.908309817,0.039164174,-2.083812614,0.225785185,-0.810900534,-0.846598696,0.266503175,-0.587472685,1.026688763,-0.115463052,0.399901705,0.566588706,0.25183477,0.214323114,0.141633028,1.493503288,0.843894552,-0.690818771,-1.111502811,-0.794012763,0.42781456,-1.104387136,1
0.324083969,-0.38508228,-0.992866001,-1.445205264,0.666269672,0.577978524,0.577363525,-0.128659446,1.406934746,-0.484118495,0.955269237,-0.038742895,-0.608350765,0.592530307,0.409636119,0.356972759,0.081278422,-0.037893082,2.388371993,1.184256645,0.722826895,0.111799158,1.007157201,0.517994776,0.026204753,-0.303564325,-0.080917338,-3.170425736,0.210600839,-0.48847608,1.592669998,0.019344071,-1.18896342,-0.049880154,-1.046121085,0.473407416,0.290947364,0.957839631,-0.790881792,0.034008096,-1.365021795,0.701494782,0.51887118,0.495805021,0.001619031,0.414772891,1.604339108,-0.285094257,0.138645184,-1.086126299,-0.868260962,0.097813293,1.103933547,-0.256280824,-0.235916529,-0.406885245,-0.534756671,0.294971456,-1.497257645,1.280939577,-0.665422298,0.721903485,-1.269998597,0.668840131,0.671944608,0.384202072,-0.994428522,0.24954819,-1.183056185,-0.252763255,1.029413101,0.796701927,0.015182943,-0.974806576,0.645587712,0.019381238,-2.320315598,0.782629826,-0.024232834,1.202451248,-1.095270519,-3.176703813,0.279083858,0.291563677,-1.690671628,-0.978499546,2.755217744,-0.305610614,0.730958976,-0.650659827,-2.090302899,-0.170258247,-0.26560456,-0.399878239,-0.114640836,0.264268272,-0.150116951,-1.264006168,0.486184792,-1.949371755,-2.050357457,0.739180495,0.507020272,-0.057395365,-1.395448505,-0.707910941,-0.262746748,-1.595893969,-0.739028658,0.652330338,1.427305364,-0.419434753,0.756488354,-1.914060071,0.659451241,-0.803948415,0.307345617,-0.247752418,1.32041401,-0.874435648,0.627606298,-0.279507463,-0.158305478,-0.183853893,-0.845673104,-0.014098966,-0.062648222,0.241240248,0.084505146,0.79799455,0.923508616,-1.050623322,0.868772501,-1.186336427,0.587855888,0.619738785,-1.911316892,0.092979247,-0.468496113,-0.758765258,1.350852331,-0.653679141,-0.806376929,0.07569494,0.685589746,-0.141648586,1.166370546,0.530975662,-2.17821132,-0.529466964,1
-0.662623759,0.570598669,-1.984409018,1.532639468,0.401096751,-0.121712979,1.760127464,-0.346548938,-0.144415165,-0.345102721,1.076291285,0.813822932,0.278618862,-1.051767548,-0.370233594,-1.052084267,1.160367822,-1.574727358,1.594371188,1.287652877,-0.918528891,-0.416484264,-0.712430404,0.430233798,1.412448227,1.185619316,-0.432930473,1.254807068,1.171822034,-0.188833909,-0.009458478,1.541714085,1.05836188,1.224783985,2.585384112,0.547267016,0.325664721,1.357937461,1.987820911,-0.611393931,-0.201858521,-1.018570621,0.342749974,0.889258604,-0.948877285,1.13379552,-0.453326913,-0.534790754,1.129938253,-0.625140558,-1.403498477,0.74365711,-0.131702297,1.198058833,0.832990671,-1.748298361,1.315534423,1.899749953,1.033603509,1.073860424,-0.247672081,-0.476695354,0.212444695,0.919905358,0.894733608,-0.437782648,-0.539159098,-1.490153446,0.646919925,-0.389781274,-0.301044797,1.72787518,0.598388907,0.322898686,0.83019729,1.420614007,-1.61748076,-0.565628437,-0.232134799,-0.978341932,-0.265221573,-1.551134901,0.92217926,-0.517504591,0.200956398,0.05130862,0.557419401,-2.460889575,0.450263721,-0.27509172,0.406863927,-1.179453208,0.41367407,1.29851186,0.18976626,-0.717240827,-0.673531393,0.576241301,0.569644312,0.356541983,-0.03752503,0.202959975,-0.064909083,-0.380881039,0.75747691,0.310116841,1.290541662,1.11686538,0.277480532,0.595380633,-0.957187265,-0.077589478,0.34266283,-1.582736055,0.42942206,-0.959226975,-0.849583891,-0.529485557,-0.030506666,-1.328028557,0.856643475,0.177418239,1.924979031,0.300080456,0.570805178,-0.853864268,-1.181810291,0.619156122,-1.093289966,0.641849486,1.706524472,0.945768686,0.570446616,0.26949711,-0.383959959,-0.114561139,-0.565428674,-1.315404218,0.035427343,1.107889062,-1.288798514,1.398496433,1.217184233,0.396998824,0.405045348,-0.1862464,0.042016603,-0.463585474,0.031638078,0.139826161,0
-0.808493603,-0.501757044,-0.59139473,1.555198534,-1.114532315,-1.739205152,1.106710424,-2.274621031,-0.204129769,3.117681129,-0.012043553,-1.120767651,-0.057397464,-0.050800789,0.16064994,0.662262982,-1.039111168,1.687548055,0.245114284,0.726794046,-0.6281494,1.286382137,-0.257052409,0.277552513,-0.933106077,-0.996931626,0.688205306,-0.44360683,-0.853823088,-0.643183342,0.698953072,-0.629037861,-0.117654932,0.01502775,-1.917348886,-1.471126405,0.336277889,-0.737029361,1.056724911,0.966807104,0.719168666,1.819771787,-0.083089328,0.648881926,-0.584400977,2.452369913,1.983633652,0.011880435,0.38658623,1.359297599,-0.147139505,-0.656624071,0.873989751,0.078439246,0.18299445,-0.834271343,-1.717672148,0.23614241,0.904962041,-0.225806749,1.43642952,-0.703916325,-1.054704455,-0.067230307,-0.082592575,0.769968731,-0.774962824,1.368094237,1.966916963,-0.039144027,1.24971042,-1.056497071,1.075221541,1.047276409,0.86343728,-0.015563089,-2.954248941,-0.641727144,-0.625916018,-0.978254938,0.122243005,-0.418963446,-0.82461201,-1.058800148,-0.715512985,1.121499212,-0.661025055,-0.514938706,-0.456697615,0.338993514,0.456249489,-3.044656539,1.021635214,1.436368034,-1.050186537,-0.972298245,-0.450253388,-0.756004019,0.223926874,-1.946525286,-1.117927608,1.5391972,-0.928219967,1.243428278,0.355338196,-1.809267715,0.635329195,-0.117667302,-0.455467056,0.244957093,0.474633486,0.707591822,1.178252848,0.408135913,-1.375634089,-0.473645458,2.943048335,0.72449106,2.369287301,1.395434082,0.241802072,0.30140707,-0.03658004,-1.737804616,0.018047252,1.210674553,-0.599639995,0.411952999,0.851591046,-0.909680439,-0.451302864,-1.01791149,-0.822165607,-1.287605284,-0.900448461,1.419455681,-0.915477029,0.126459219,-0.502868754,1.178865937,1.311162297,0.864069982,0.306134553,-0.231059537,-1.191874704,1.943528881,-0.759673018,0.663646347,1.059565573,-0.555280497,0
-0.908024076,-1.412303701,-1.517873747,-0.357029201,0.890383164,0.575205016,0.500665721,0.049773687,0.007063159,-0.660321139,0.69882842,0.420972944,0.492018848,-0.526034843,-2.15334292,1.097152712,-0.478837456,-0.862775764,0.693478912,-0.39201264,1.059936384,0.61700595,0.683569323,-1.365955711,1.211943985,0.261250531,-0.369277139,0.143388467,-1.776235233,0.408652811,-1.029371508,-1.352670286,-1.522359186,1.112688375,-0.629263394,1.53372771,-0.535801463,-1.707357958,-1.11652444,1.23581162,-0.155898178,-0.548287296,0.160018226,0.501782736,1.117398816,1.44849923,-0.359768646,-1.326047686,-0.413465161,0.260280507,-0.963758926,-0.957150915,0.343787882,-0.048652352,0.032796995,-0.758495335,-0.230400714,-0.924233144,0.890198411,1.035249335,-1.846187862,-0.92951086,-1.496529255,-0.650023934,-0.08343797,-1.44964522,-0.921859813,-1.003957372,0.207267329,0.069344337,-0.721737553,0.176820872,-0.546680085,-0.27165511,1.67345209,1.340461052,-1.299581237,0.829732418,0.811396554,-1.148263289,0.818777644,1.537931918,-1.122544806,-0.917502821,1.017661467,0.271495311,0.551476275,0.340589216,0.390695921,-1.326472128,1.047317707,1.169589992,-0.229390744,-0.04347695,-1.531107503,0.514254756,0.572057442,-0.062191017,1.12435336,-0.334077231,0.564605926,-1.019664339,-0.023552151,-0.174354258,0.225307922,-0.369526929,-0.131472596,0.826047171,-0.436764237,-1.606577101,1.749583904,1.381454079,-1.292262695,0.689707805,-0.502974771,0.263487215,0.294224129,-0.2344078,-0.783765666,-0.690541052,-0.916191915,-0.831822208,-0.06717829,-0.715759989,0.682052066,1.487246155,-0.580053241,0.239404501,0.49968511,0.472002271,0.075955268,0.742682418,0.482248953,-1.237662422,0.869156064,0.887290837,-0.763286104,0.037937835,0.683328993,-0.20931382,1.072978048,2.363872495,-0.785986033,-1.381044603,0.303818596,0.721562505,-0.230866374,1.453260663,-1.3386058,0.692918623,1
0.529804178,1.441568621,0.580102747,0.315195585,0.161396914,1.636850511,0.269729527,-0.417837776,-0.295190411,-0.76430475,-1.018636289,-1.38934242,1.134232447,-0.718307057,0.315915475,-0.299866234,-0.029223995,1.153801118,0.176656428,-0.92267475,-0.564112539,0.859946028,0.483178537,0.922413321,-0.238501433,-1.396043815,0.506647989,0.252818905,0.279008887,-1.381743641,-0.640216466,-0.938368251,0.399366643,0.433794074,-0.043487891,0.967584719,1.490711657,0.353056373,0.67107103,-0.54155004,-0.725428482,1.009743886,-0.874742257,0.697063354,1.719471167,0.653481878,-0.080932458,-1.340324262,0.163302791,1.009096134,-0.178959943,1.021493928,0.365024029,0.291340549,-0.316788262,-1.456043831,-0.425110838,-0.433054324,0.575440826,-0.015224626,1.083168021,0.281353023,-0.504349823,-0.814875776,-0.60337469,0.160768936,-0.372793208,-1.076439287,1.006715856,0.152311358,0.274719495,-0.822623765,-1.041597739,-0.16223599,-2.028215419,0.77981331,-0.704023374,-0.267704744,0.426919298,-0.224635078,-1.168374456,1.50570036,-1.532582009,-2.236545107,0.874600336,-1.459431191,1.252782875,0.376888204,0.283003726,-0.569028301,-0.825400451,-0.376254172,-0.877217882,1.207668005,-0.742748762,0.506347261,1.005207728,-0.88118454,0.376591418,-0.893879815,-0.173525724,-0.458634936,-0.695440504,0.157786372,-1.214116835,0.929225912,-1.081537702,-1.267088556,-0.252296536,-0.372502354,0.355557206,0.084832426,-1.627360484,0.986566825,-0.277339457,0.241459299,2.20215522,1.28644228,0.210529263,-1.373069834,-1.35633497,1.162044338,-0.401815747,-0.168414858,-1.145468468,0.445851228,1.14141282,1.523550126,-0.448149819,0.644878466,-0.095086819,0.880278568,-0.003967201,-0.824126096,1.320157593,0.098539154,-0.351459753,0.177780134,-0.736640305,0.415252127,-0.196299743,-0.794794907,2.376899333,-1.007292328,0.353283671,0.056796539,-1.025597276,-0.33733069,-1.342551558,2.06648922,2
1.179297184,0.067518481,-0.102312586,0.622823015,-0.699982906,-2.025539331,-0.566999168,-2.137448706,-0.236862867,1.468647015,-0.905285022,-2.106043858,1.500256991,-0.475354763,-0.015738382,0.788279969,0.523172765,0.75051242,0.90042899,-1.746114633,-1.41434774,1.171169663,-0.781739143,-0.672645845,-1.262842522,-0.404947889,-0.349316064,-0.937460688,-1.053082745,0.318663092,-0.807669267,-0.606312257,-2.186278347,1.938200243,0.941824029,-0.494806053,-0.899080936,0.010888797,-0.01653359,-1.27596657,-2.550536229,-0.526075908,-1.563374531,0.171379947,0.178081567,-0.973212698,-0.534584268,1.763041692,0.775128526,-0.452252771,2.291959327,-1.196937412,-0.812694725,-0.110514171,-1.531007065,1.790309165,0.183152039,-0.789948857,0.447786951,0.146055848,-0.304651084,-1.208515167,-1.436211926,2.186800997,-1.352734885,1.697965519,-0.844759148,0.790032568,0.46543309,0.6654187,0.732014272,-1.611565622,-0.676345992,-1.368047959,0.189301061,-1.323344332,-1.981047177,-0.237477337,-2.209079052,0.258738195,-1.257629523,-0.840579748,-2.280415973,1.650102214,-1.462914887,-0.364001235,-1.791738592,-0.835667808,1.751821781,0.297476735,-0.723630996,-0.03417348,-0.560559057,-0.09242058,0.743868719,-0.33109799,0.219991474,0.236495498,-0.326145647,-0.73592599,-0.525183357,0.699185252,0.782416705,-1.137794331,-0.260989334,-0.752921869,0.79995243,-0.47120304,2.200923818,0.21789739,1.181996454,-1.014610827,0.011722149,0.616173098,-1.033300242,0.020342712,1.051859032,-0.327450008,-0.851752505,1.802959455,-1.171745302,0.155890628,-0.708276338,-0.936834239,0.741657083,-0.205535912,0.405886465,-2.255145721,0.503119782,-0.720595912,-1.878851951,1.884739555,0.601013526,0.227277413,1.24941885,0.247569281,-0.79861401,-0.17496761,-0.678366213,-0.500352893,-1.257703666,-0.970020576,0.894585533,0.332075439,-0.503013053,-1.028031864,-0.405396979,-1.683849803,0.126630599,0.945471482,2
0.829405581,-2.211135309,-0.544627192,0.757700841,0.200603185,-0.383820551,0.00663173,1.29795684,-0.171819836,1.309107521,-0.119966499,-1.412427134,-0.146740378,-1.490305685,-0.317712095,-0.356118401,1.816855658,1.609367641,0.085397783,1.211356431,-0.39774249,-1.427243952,0.527826553,0.361382728,-0.937529558,-0.89330261,0.939566764,-1.683530003,0.558181076,-0.314475797,0.559563607,0.988305727,-0.874323815,-1.140172482,1.466286421,-0.057186394,0.327747836,0.910770703,-0.961288026,0.901961874,0.640153206,1.470022865,1.452582979,0.063436533,0.753056177,0.044551205,0.145244156,-1.128859177,-0.224495166,-1.794765201,-0.137480463,1.320042761,0.777929252,0.112248138,-0.202044857,-0.540319955,-0.918510115,0.818668918,-1.535033917,-1.558009074,0.904357813,0.207853102,0.044825299,0.207060584,2.010085713,0.056038822,0.293290539,2.058058035,-0.063591193,1.726317943,-2.107012102,-1.161880163,-0.667971918,0.583991787,1.773990423,-0.590819212,0.978252418,2.237225074,1.564760674,-0.403873399,0.868562841,0.33940668,-0.6594511,0.427293115,-0.473809902,0.124353649,-1.378397711,-1.762930987,-0.286536893,0.318141562,-1.127863682,0.526295254,0.042749513,0.650251688,0.945638555,1.343576643,0.603272061,-0.295264341,0.188862754,2.329180931,0.985464712,0.071536065,-0.150533806,-0.598239367,-1.187198553,1.70811337,0.478499048,-1.26885415,-0.125338591,1.270488468,-0.446940158,-0.814486667,0.35676879,0.658150383,-0.4456829,-0.599538585,0.460587117,-1.124845326,-0.538201963,-0.120359248,0.739032053,-0.427673085,0.563286905,1.166035006,-0.506438044,3.222928442,1.419578908,0.272453301,-0.181786522,-0.555319886,1.661270012,0.210499706,-1.438819298,-1.712121732,0.112441659,0.13444537,-0.916970768,-1.514436821,-1.963088896,-0.759330071,-0.362748055,0.691771235,-0.130333959,1.063987229,0.605071496,0.513230061,0.979248644,-1.386694564,-0.536243851,2.401414527,1
2.122156197,1.032465261,0.78452726,-0.567195151,0.643235419,0.389865158,0.478300392,0.033601707,0.383644385,-0.119454401,-0.635306534,-0.963499061,-2.385008798,-0.181109562,1.519378183,0.730080093,0.227709118,-0.734004994,0.997339226,-0.119309312,1.574934314,-0.981087263,-0.749969528,-0.847269944,-1.48211837,-0.937044685,0.10321626,-0.712201025,-3.856375329,1.074273297,-1.684093729,0.589228285,0.03121459,2.117372816,0.996957482,-0.504604595,-0.702063562,1.502727681,-1.475871097,0.190879936,-0.131120463,-0.343226069,0.353513984,0.189559861,0.457400743,0.138975652,0.417681405,0.093365193,-0.659426887,0.00400126,-0.71438656,-0.780376605,-0.336150003,-0.119423161,0.035225306,0.916378827,-0.498464083,0.196851926,0.118027714,-0.608628287,0.073740786,1.002721415,0.186506217,0.226583929,-0.705328331,1.968858851,-0.64835637,-1.667783461,0.86018412,-0.11481704,-0.303041821,-0.54555378,1.871714624,0.354590279,0.549751222,0.162615624,0.270049613,1.398624611,-0.250854661,-1.456937546,0.868054654,0.496701612,0.107979813,0.470753242,-0.37074422,0.020692583,-0.131700254,-0.591488257,1.189172783,-1.412258627,2.360882172,0.877362209,-1.777975535,-0.224166329,-0.168545916,0.391886629,-0.989378271,0.032025343,-0.121119398,-0.737618363,-0.876752231,0.918804647,-1.69658254,0.477878936,0.797510307,-0.218558338,0.05237284,1.163495,-0.704851511,-0.601652429,-0.495483681,1.165325599,1.292293747,-1.395890234,1.006240747,0.818908306,1.55359481,0.385108032,-0.04426012,1.145216687,0.698903792,2.244898414,0.958707845,0.153547976,-1.17410438,-0.580917177,-1.435954978,-0.215062036,0.926067593,-0.003671088,1.021725269,0.337573733,-0.40309229,0.087625155,0.472096691,0.139223398,0.150684229,-0.769050108,-0.432976265,2.258460796,1.22846649,-1.473840897,-2.366968958,0.076192421,0.893472894,-0.519941837,1.021658728,0.059654565,-0.16306128,0.756115176,2
-0.420186817,-0.281784609,-0.519470306,-0.859148006,0.133104775,0.219255659,-0.326155907,1.695001199,0.571089366,1.758258888,0.130864741,-0.732823736,-0.994579989,-0.123029323,0.753261418,-0.297137628,0.85689815,1.403320229,-0.806683399,-1.099497778,0.948168281,0.268977554,0.325464123,0.697362945,-1.525939223,0.441248831,0.18047119,0.461896199,-0.954780922,0.080658515,-0.48363639,1.043715888,-0.086765468,-0.600049281,-0.990839612,0.87284887,0.981196738,1.923405015,-0.322062212,-1.012948652,-0.125946131,-0.697751506,-0.62911052,0.474422101,1.092047596,0.413190145,0.113224102,0.820523174,-0.22747533,1.449921987,2.99909866,-0.62962244,1.209239499,1.210802644,0.527150097,1.28640221,0.354808369,0.64884513,0.081955748,0.140375298,0.63610648,0.42131676,-1.046979346,0.509105693,-0.245546406,-0.555999742,0.969934732,-0.933870776,-0.271111799,-1.066057201,-0.40214247,2.392847334,-0.764833285,-0.151325067,1.392026693,0.438510761,-0.138565606,-0.692903651,0.673564134,-0.323899881,2.174685746,-0.282593402,1.68999566,0.877590772,0.869001644,-0.158223468,-0.459426111,-0.259922242,1.045451835,0.524155602,-1.865964572,-1.288517598,-0.135176264,0.536252175,-0.229195161,-0.502734995,-0.984188695,0.913013365,0.099516248,1.680457265,-1.29970733,0.691222215,0.54767634,0.847143696,0.826666815,-0.507041111,-0.180645716,0.166411027,-1.002824015,1.031642819,-2.474504833,-1.162262406,-1.678098148,1.099760487,0.215609355,-0.532929938,0.096312014,0.264246818,-1.239615879,0.145952761,1.388789994,1.564952739,0.853308701,0.258296451,0.924548672,0.705711097,-1.123954817,-0.91365773,0.634655374,-0.668507618,-1.02523169,1.289369441,0.062727765,-0.064940114,-1.202939694,-0.448690581,-0.343427906,-0.905119237,-1.215465427,1.747908554,1.40940187,-0.104973476,-1.327606133,-1.7253867,-0.451568738,-2.253510071,-0.452792931,-2.021413648,-0.094263777,0.196412878,0
-1.106334974,-1.196206624,1.186145474,1.54032398,-0.553177245,-0.253951706,-0.753862114,0.382653551,1.124932545,-1.742771974,0.409438531,-0.276671772,0.113394392,0.458994002,-0.188202439,-0.103586853,-0.213875168,0.970316202,0.41875996,0.220583538,-1.270951721,-0.378579743,0.89866916,0.037696573,0.65953147,1.7665118,1.038606069,0.093158338,-0.51098917,-2.553549596,-0.168384922,-0.326012496,0.390366194,-0.153905227,-0.320385059,-1.779398931,-0.939967829,0.476651041,1.715907631,-0.097525384,0.327811074,0.952478157,-0.810893936,0.366814043,-0.740490106,0.864824438,0.151403048,0.298451814,-0.782598597,0.70703236,2.084712921,-1.007911695,-0.339759008,0.231607474,0.786406212,-0.559546285,-2.83303029,1.359189494,0.76050612,-1.74294753,-0.607568792,1.56818243,1.447796418,0.938640023,-0.176112434,0.082987419,-0.130925805,1.128239783,-0.875842406,-0.805799655,1.010274587,-0.044361456,1.378467355,-0.671512207,-0.05477836,-0.922412985,0.007362681,-1.478546937,-0.487633421,-1.436253865,0.693923233,0.71658934,-1.73026273,1.333885746,2.497415126,0.046006387,-0.64111426,2.824330591,-1.318968498,0.020106467,0.179622273,1.34514762,0.359738975,-0.498633896,-0.95118437,-0.34182182,-1.006927361,0.04782532,-0.56419618,-1.494037793,1.255145788,-0.497672523,-1.268136805,-0.168259134,0.068371566,-1.746466726,0.331647667,-1.047157569,1.711028809,0.523960512,-0.39989999,-0.74516777,-0.104967708,0.612790742,-0.025494129,-0.217158807,0.058370291,-0.603858931,-0.343205927,-2.085792439,0.973726231,0.29879778,-0.773455844,1.898734981,0.08701648,-1.036143572,0.856737421,0.398048217,0.394579985,-0.425755605,0.450495724,-0.26175829,0.555941452,-1.904944454,-0.433873463,1.722155098,-0.767067455,-0.603838297,-0.447961338,-1.214806136,-2.208280776,-0.230586399,0.135859424,-0.052505069,-0.144878562,0.043040871,1.022841472,-0.190446186,-0.574082577,-0.281125485,1
0.064280019,-1.077744778,0.010067009,1.698458702,0.58645313,0.751090543,0.041385762,-0.152377497,-1.54490937,-2.259386258,0.196272338,1.312549194,0.344133705,0.623599527,1.583717546,0.328766851,-0.1226551,-0.818524806,2.022212563,0.526547779,-0.943601716,-1.171167668,1.253063727,-1.037441696,1.853834158,-2.756462797,1.422595198,0.486894811,0.118594423,-0.175458435,1.890729849,0.707058858,-0.903203609,-1.718909956,0.177297213,-0.001071134,-1.519868037,-0.055393525,-0.573934633,0.009290068,0.725923612,1.492609947,0.908889036,-0.72144075,0.368915129,0.063107121,-1.332128955,0.398232785,1.856672338,0.032426604,-1.59418268,0.030268671,-1.213712199,0.863605507,0.524864992,-0.170910053,-0.331164266,-0.212234302,0.008274494,-0.772235021,-1.387753081,1.138698947,-0.385400976,0.167043104,0.285281951,0.32202048,-1.173817997,-1.675840165,-0.588692525,0.395711532,-0.727949867,-0.354921354,2.127297414,-1.845423885,-0.755033996,1.896604069,-0.044598672,-0.705985165,1.168768917,0.055230436,-0.348308395,0.192368927,-0.658108809,-1.017491063,-0.113596928,-1.01099696,0.010693312,0.354406567,0.853060456,1.127924986,-0.405736502,0.499414608,0.492523446,0.327818716,-0.479459411,-1.028067812,0.502001889,-1.706862562,-0.267839433,-2.553631016,-1.336402423,-0.877133938,1.096724208,0.688108024,-0.553934684,0.729369795,0.887622963,-0.160664848,-1.384378144,-0.20791231,-0.097892405,-1.232454391,0.367046793,0.279811854,0.4450427,0.278923097,0.729843035,-0.179328028,0.201785107,-0.397740284,-0.584499216,1.338249631,-2.043768702,0.876759989,-0.620540875,-0.750038178,0.261577484,-1.489609612,-0.816023072,-0.849139647,-0.221398258,-0.804137688,1.601118686,1.797016516,-2.021993523,0.544322705,0.858663439,0.542985202,-0.658113493,-0.244095562,-0.748274655,-0.420264031,-1.209965029,-0.114788822,-1.502801711,-0.200134554,-1.248581689,0.206816362,-0.679419561,0.290580348,1
0.307801769,-1.710168393,0.123243576,0.043777683,0.233875337,0.885829079,1.028860993,0.007852476,-0.995298569,-0.725679611,-0.59667465,-0.12016083,-0.514567336,-0.244761026,0.073804004,-0.643076209,0.321994393,1.827645759,-0.16672541,-0.681664482,0.306680412,-0.795086471,-0.147308988,-0.678445487,-1.06984772,-0.878580536,-0.660810788,-1.041718225,1.278813807,0.431373775,0.941812311,-1.3583296,-0.29394094,0.419181487,1.652709389,-0.752711884,-1.286303914,0.19062543,-0.673749742,1.705812601,0.542013882,-0.285680975,-0.28277799,-0.126617779,-1.824680335,0.041972084,-0.486983885,0.632756327,-0.897627778,0.682530201,0.542979187,0.159725642,1.253700308,-1.884738125,0.443881389,-0.044746765,-0.074071069,-0.981808915,-1.419656544,0.892320144,0.788114359,1.798618631,1.962904072,-1.548136665,-0.154602594,0.250729672,0.962036262,1.426838646,-1.029090941,-0.540995676,1.370839133,-1.673091008,-1.076513525,0.437779306,2.054329069,-1.677045479,0.059570679,0.554400178,1.469827191,0.446727977,-1.841654681,-1.285915943,1.372026726,0.440262707,-1.12582729,0.493496728,0.307159054,-2.494465985,-2.099451044,0.310777198,2.035426984,0.263756406,-2.449427475,-1.612420665,0.625761276,0.734777691,-0.194217364,-0.48388965,0.793878517,1.104873146,0.693961709,-0.953911239,0.899243901,-0.353013527,-0.601571496,-0.640671013,0.021074943,0.570314066,-2.020636439,-0.730751977,-0.460881562,1.0363718,-0.866706486,-0.330982187,0.809636093,0.039600777,1.533121243,-0.150159727,1.882974781,2.062681918,0.458044276,0.418275113,0.559025863,0.816594259,0.123713095,1.168738771,0.500388678,1.386105955,-1.452769891,0.216262598,1.015446797,-1.141525531,0.430568135,0.60862673,1.727892303,-0.339556388,0.211140595,-0.555818042,-0.140818598,1.619455302,-0.029208008,-0.709232943,-0.18272882,-0.518922838,-0.441373375,-0.538887282,-0.499954492,-1.18678065,0.069226456,-0.978608218,1
0.338496407,-0.415287914,0.114634615,1.522262324,0.524270766,1.01011273,0.651228552,0.07625824,-0.069465535,-1.210903902,-0.7658147,-0.90180498,-0.351346374,0.099548022,-0.107934101,0.215863806,0.664235206,-0.415585675,0.737996637,1.138166884,0.415148566,-0.544527737,0.946677888,0.48264811,0.618824291,1.535171494,0.709442683,1.574271053,-0.1484972,-0.431428714,1.148929069,-0.985746072,1.88840939,1.301907381,0.087615022,1.201273635,0.662333328,-1.290031786,-0.816291159,0.285747263,0.159543581,1.308128593,0.302057507,-1.268718049,-0.545327646,0.743063739,-1.822615594,-1.411358894,-0.372654846,0.926715277,-0.216748092,0.460932635,0.004814951,-0.140852088,-0.653786564,0.839825631,-1.254267884,-0.233657084,1.146129338,-0.764245897,-1.55633735,-2.116827557,0.666274606,0.733615612,-0.344230221,-1.271028356,-0.146097039,1.178094468,-1.269296916,1.05817442,-1.695229007,-1.13698366,0.10927701,0.947652534,1.471642703,0.991756519,1.552264914,0.182060488,-0.621587934,1.184086369,1.36350402,0.93082306,0.612560684,1.391971657,0.341971155,-0.020531216,0.725521466,0.477579671,0.885291122,-0.131936331,0.909250314,0.857616465,0.213349276,-0.750301311,1.240624319,-1.209657461,-0.957705773,0.168022848,-2.507899501,1.542959334,0.014692239,1.539483243,1.8040336,-0.154831341,1.348751054,-1.060111427,0.433297122,-0.47338965,0.696485902,0.882573507,-0.159907901,0.544821339,0.944706303,0.187820135,2.539040319,-0.137138624,1.655856278,1.145391267,-1.859895445,1.492973408,1.073944993,0.114145919,0.368873489,0.492790928,1.375308643,-0.413076534,1.586002421,-1.084058737,-1.760133468,0.593485822,1.259026191,-0.179583381,-2.264218639,-1.49094031,0.436283838,-0.010054952,1.284280451,0.072924396,-0.740588292,0.309081124,1.015612059,1.351234431,-0.111009358,0.067424196,0.779271932,-0.748608334,0.736773409,-0.232040681,-0.075575704,0.002676405,1
0.547097381,-0.202192652,-1.022812644,-0.875781275,-0.402483683,0.445097258,0.551847581,0.579044898,-1.588084115,-0.0066645,-0.196781833,-1.532182416,0.015983767,-0.250427217,0.511525672,0.081247076,-0.54932053,0.92576245,-2.221233501,-0.064265128,-1.763250932,-0.912193271,0.524813703,-1.27419748,-1.423717819,2.381944983,-1.359289051,1.650520903,-0.172202165,-0.524829121,0.566786391,1.336594076,-1.146067942,-0.51024979,0.846869735,0.287994312,1.101917831,0.515111954,1.808224009,0.178588599,0.221811148,0.321721372,-0.142488852,0.848087159,0.237041224,0.788180009,0.944499854,0.428454682,0.501716324,-1.010329788,-0.550353588,0.843383453,1.423631182,-1.940430226,-0.567863147,0.023620602,-0.879274462,-0.822519644,0.474919874,1.581375969,-2.031823556,-0.170476149,0.463280342,0.780213972,0.319127343,1.76140255,0.028906593,1.31199279,-0.64636767,0.057982947,-1.212715076,0.900864441,-0.120442863,0.357821063,-0.313368631,0.586428502,0.397433974,-0.99465143,-0.936767433,-0.02776873,0.659573957,1.862895553,0.302990857,1.007531402,-1.612850935,2.012955849,0.605686211,-0.049604511,-0.164696047,-1.107199798,-0.821286796,1.910435632,-0.989004438,-1.008267758,-0.702220486,-1.198180753,0.015306575,1.088910513,-0.610492326,-1.37332428,0.291861313,-0.055774338,1.00272455,-0.454508299,-0.26015678,-0.149530365,0.089004111,-0.392561677,-0.554644108,-1.850377685,-0.565387209,0.715223268,0.850245519,-0.471113024,1.299485998,-0.028704072,-1.337846372,-1.652384056,1.218257923,-0.373003725,-1.214064523,-2.259276171,-0.395716111,0.404750859,-0.697691144,-1.05324516,-0.549375769,1.243192019,-1.392981618,-0.64170103,1.21075774,0.494176289,0.179127814,-0.648446135,0.030504815,-0.537829068,-0.859386131,-1.080057475,0.784095596,-0.060406132,0.314513744,0.151673186,0.440918828,-0.25471879,-0.481657451,-0.815280329,-1.413969133,-1.122033171,-0.365417721,-1.603039484,1
-0.192360965,0.301547342,0.114476059,-0.108527843,0.826838631,-0.104009228,-1.758208877,-0.251117835,-0.972162218,0.079579547,1.434177037,-1.739425244,-0.800222735,-0.552692954,-0.381631095,0.740125664,-0.173544418,0.415802726,-0.625773044,0.229924345,0.777797631,-0.73229955,0.78135812,0.052372769,1.04546024,-0.2014199,0.381244655,-0.040606232,-0.096212262,0.258930428,0.536807469,-1.249564912,1.433633609,-1.859663041,-0.68481211,-0.094269071,0.412355969,1.576172528,-1.858291488,-0.507694128,-2.126833488,0.031621974,0.271683585,1.590795742,0.120634761,1.044025129,0.583837082,-0.435248197,-1.408960747,0.275002298,-1.492102017,1.295207073,-0.162062102,1.195177412,-0.480214434,0.268850786,0.209348857,-0.045044118,-0.432659513,0.392456018,-0.926163263,-1.209435329,1.242826893,0.727167989,0.065891609,1.665142383,-0.267765519,1.32270322,0.175574085,-1.02475075,1.848040192,0.990710847,-0.121021031,0.72717126,-0.403703434,0.829149035,-2.391078565,-1.019801334,0.979259744,-0.249655538,0.207542295,-1.346785662,1.847866996,1.190529644,-0.200685218,-0.404695857,1.029604361,1.98247045,0.953760256,2.171802667,-0.922351329,-0.81938683,-1.188941118,0.44176065,0.17560355,-0.151951123,0.809258628,1.232328605,-1.525662409,-0.596972028,0.820143594,-0.467738684,-0.798206076,1.018537428,-1.28950007,-0.301579808,0.328644026,-0.573819914,0.783155656,-0.568876975,1.408619493,-0.125746297,0.671270137,0.746023953,-0.627540003,-2.053486549,0.360755755,0.072288347,0.555826028,-0.226527472,-0.430427699,2.008473011,-1.472354062,0.733950478,-0.574601858,-0.335778618,-0.317102833,-0.803434274,0.57122421,1.390643596,0.470013661,0.103381996,-0.986440499,0.516825266,2.156349632,-0.380694624,-0.375983579,-0.561089131,-0.489414234,-2.745299554,0.405035386,-0.845552176,-1.610263119,0.75318995,-1.082017785,-0.338669054,1.466442391,-1.409215798,-1.532598235,0.26930619,0
-0.248964148,0.971570951,-0.93061732,-0.961882967,1.229485682,0.66131806,-0.130058853,0.8319089,0.300600001,-1.186192416,-2.397584707,-0.567345152,1.084924836,-0.428470088,0.460097198,0.184485448,-1.693500295,-0.406395694,0.35887933,-0.787146256,-0.362538157,0.391747092,0.072629999,1.046909741,0.383670913,-0.955849998,-0.477546714,0.020296284,1.338415077,-0.47352563,-1.732568802,0.440566903,-0.755598248,-1.28530132,0.018803013,0.972867642,-0.57388054,0.496573887,0.681913663,0.791796494,-0.73227231,-1.121082058,-0.984753105,0.790974672,0.667393155,-0.957150601,2.132644026,-1.076363967,0.999464085,1.519665439,0.109757606,-0.769723844,-0.747878027,-0.2620902,1.080870778,-1.199875813,-1.838766032,0.362054991,0.581612751,1.967969447,-1.382318975,-0.134806612,1.161837432,0.120862168,-0.195439189,0.789905497,-0.599388964,0.851410842,-1.253563192,-1.519431703,-0.273588019,-2.563289787,0.084699637,-1.732561343,0.282420521,0.185459438,-0.067962386,0.436408668,0.204197469,-0.293000603,1.83100698,0.393310694,0.771908087,1.073079744,0.668149379,2.062832919,0.166006885,-0.006961346,-0.649572088,-0.256273937,-0.731224569,0.677211913,-0.912316247,0.07379217,0.559546934,0.150323887,-0.895914876,0.698944914,-0.085339709,-2.872712216,-0.983351691,1.401132236,1.484321842,0.52611121,0.784068977,-0.778293981,-0.260144419,1.2353666,0.425915243,0.064948384,-0.186808543,1.174472001,1.122032154,0.649671751,0.066275066,-0.356756486,0.69301372,-1.101909845,-0.894569848,-1.451091361,1.235229778,-0.720666624,0.404007787,-0.125557521,2.89753899,0.441905454,-1.862140759,1.175435757,-0.387150964,-0.200927802,-0.672512263,0.195612519,0.182513138,-0.645477178,-0.50814452,0.101286133,-2.342731487,-1.441497471,1.669992096,0.327820944,-0.524908987,-1.696082832,-0.056316165,0.985192092,2.639206105,1.892056425,-0.88693802,-0.495799531,-1.47149923,-0.841655067,0
0.34361829,-1.763040155,0.872824351,-0.966156723,-0.079388424,-0.300465949,-1.005601376,0.360164184,-0.537645758,0.65540383,-1.070191563,1.719040613,-0.896332659,0.219302337,0.79185931,-0.57064043,0.852468643,-1.229183598,1.452117699,0.014149265,-0.596411408,-0.299181772,0.808919269,-0.584455292,-0.749357689,-0.221536598,-1.176962113,1.820543908,-0.566394591,0.831616786,0.209470084,-0.98453405,-0.005954709,0.784002779,-0.188261335,1.193112946,1.021515393,0.918914855,-0.459656772,-1.079842448,-0.613587605,0.196240941,0.545786714,-2.171571405,-0.008113202,0.158089225,-0.277544256,1.291273839,0.421780074,1.310191908,-0.21596052,0.937477493,1.635066395,1.311693449,-1.092141593,-0.253676078,-0.345164705,0.489254535,0.686353555,-0.838892674,0.067838514,-2.019927332,1.441945006,-0.512374241,0.05586394,-0.309649714,1.146027575,-2.837506441,-0.016610342,-0.105818757,-0.453636388,1.726226546,-0.887329459,0.771796177,0.356252789,1.261519253,-0.667189085,-0.732968899,1.096069907,0.425321308,-1.544937347,-0.539305014,0.386382654,0.837764222,-0.679230653,-2.91425599,0.523223186,-1.22032069,-2.017338798,-2.832325925,0.81398086,0.12861745,-0.225656381,1.389024363,0.637324683,1.616300043,-1.392735472,-0.034550624,-1.616713375,-0.229382332,-0.248615854,0.626613637,0.045563881,0.623407138,0.703440133,2.154928677,-0.315296655,-0.941022701,0.246083615,-0.802280027,1.481960768,-0.283218039,-0.565576368,-0.471315721,0.718417423,-0.157746983,-0.64166682,1.665351918,-0.856169841,0.035566074,0.652306152,-1.63133511,0.480260501,-1.055107675,0.822782781,-0.962651012,0.692769032,1.105833066,0.861436526,0.251316648,-0.231300943,-0.576419576,1.471034691,-0.69949522,-1.037066074,0.665368935,-0.796136803,-0.950063497,-1.443604262,-0.482909839,-0.082715024,0.243091728,0.951306244,0.526897924,-0.19087222,-0.198195676,0.510157469,1.272570163,0.126314199,-0.469130854,1
0.822544912,-1.22084365,-0.795557068,0.424393938,1.27951867,-2.216818839,0.502744807,-2.49327082,-0.965664804,1.629166365,-0.581782033,-1.173879964,-0.197937729,2.067906338,-1.831682247,-1.051309912,1.497431683,1.857702344,-0.103431224,-1.239052703,2.095843502,1.594442392,0.678946988,-0.812402349,-0.049029341,-0.160360081,0.330851305,1.451001438,0.879417041,-1.077376077,1.37649645,0.31313214,0.687065796,1.466540859,-1.11158025,-0.035825579,-0.531454551,-1.567859425,0.346709978,2.511556552,-1.840077745,-0.032280611,0.640542935,0.123078202,-0.113128053,-1.299216363,0.232786743,-0.756763977,-2.189921705,1.194592221,0.95838582,0.051660977,0.229074688,1.074318013,0.224339657,0.904017555,-0.297482201,1.311983739,0.320785726,0.194051944,-1.270061089,0.286955854,-0.831954917,-0.638282727,-0.815375628,-1.066234932,2.124771403,1.331339062,1.920367502,-1.22289502,0.07125375,-1.293507625,-0.695694877,-0.918126983,1.239584006,-0.396229678,1.068379334,0.60412089,2.303638752,-1.479444223,1.25923324,1.14644087,-0.973378838,1.007133336,0.336144963,-0.22747626,-0.823935487,-0.719109451,2.049812096,0.000682819,0.782130002,-0.790899382,-0.779852946,1.081984809,-1.349576212,-0.415213768,0.034027411,0.111372602,-0.179093285,0.395819781,0.692855756,0.734637545,-0.985803809,-0.284155098,1.194762862,0.894647188,-1.372859451,0.3514799,-1.978225249,0.046934902,1.897767017,-0.947892717,-0.834323045,0.764029782,-1.542801515,-0.63275503,0.596441138,-0.634285848,-0.235969987,0.74418571,0.421546084,0.266818396,-0.339122279,0.370061115,-0.12373268,0.45780561,-0.496932025,-0.182568974,-0.989957793,-0.03500761,-0.811000864,-1.11404645,0.258661148,0.212739776,0.782873735,-0.43112557,0.408052847,0.550797572,0.444773808,-0.825653683,0.149363482,0.364140296,0.007178467,-2.086477658,0.160489624,2.212531039,-0.360039269,-0.728077098,0.37334856,0.31237821,1
-0.007972641,1.479944139,-0.789853961,-0.160451655,-1.254970469,-0.036853907,0.060754656,-0.3578036,0.209222134,-1.614278581,-0.953184339,-1.142698886,0.879856738,2.306164003,-0.88081958,-0.235242237,-0.693429243,0.221225241,-0.608408649,0.282779877,0.665026617,-1.223824938,0.271514316,-1.794056023,-0.256533964,-0.323680425,-0.229137051,-0.312060456,-0.494927121,-0.265782178,0.238137692,0.266257207,0.115199345,-0.573597424,1.080336648,1.525355084,-1.288414315,0.164269156,-0.468141933,0.925598053,-0.012594201,0.053177948,0.494967823,-0.297538959,1.677481077,0.509739728,0.931607495,-0.220555596,-0.122855662,0.81162486,0.711182268,-1.248668532,0.127632596,0.473837946,-0.130300625,0.378927566,-0.087994248,-2.246750944,-1.31089144,0.974984434,-0.24438025,0.189690995,-0.003656803,-0.825298299,-0.467078472,0.328949477,0.430996136,2.18840947,-0.477742179,1.670639158,-0.860414883,0.488600194,0.17787262,-0.125865551,-0.005658452,-0.622614992,0.903904555,-0.842615041,0.31752592,0.755858334,1.384203093,0.971769469,0.572429446,-0.637731963,-0.785775152,-1.138578885,-1.234265569,-0.001404038,-0.727416702,1.199225634,-0.578961592,0.094255837,-0.264643768,-1.403857437,1.089440832,0.695482085,0.810522089,0.59494666,-0.759485035,-0.740048965,0.451987641,1.542919566,0.385978898,0.978466677,-0.525872332,1.09785091,-0.419468392,0.240159271,-0.366161095,0.889156174,0.902761989,-1.47678108,1.325297834,2.376409193,-0.355332683,-0.126801572,1.239429794,0.066767455,-0.00397431,1.896968734,-1.354297161,-0.78896313,0.417822994,-1.619544594,-0.373009183,-0.38216563,0.96177382,0.692853035,-1.683227249,-0.693123342,-0.690056284,-0.216575877,-1.09754719,0.451647942,-0.694187069,0.588621936,-0.002854244,-0.973075139,1.388277303,1.417726634,0.290345315,-0.239206213,-1.056292813,1.07111337,0.822639535,-0.813995945,-0.686812734,0.456920464,-1.175443747,-0.625686424,2
-1.062303714,0.473592431,0.794758522,2.006408638,1.237464592,1.578342677,0.87865485,1.348693199,1.994123741,0.216554738,-1.572230544,-0.3074609,0.389945599,0.074887584,-1.246561966,-1.631067625,-0.741162669,0.807739556,1.580339771,0.916567614,1.057427287,-0.080815573,-1.742082458,-0.455220581,-0.258764412,-0.497052487,0.054694865,0.44141976,0.853015188,-0.278119864,-1.903759406,-0.482877719,0.043710397,1.222807922,-0.567807842,0.512543628,0.2900879,0.043900533,0.930533319,-0.660841197,-0.57518645,-0.011900823,-0.640146505,0.508012291,-0.713192304,0.226304208,-0.100172769,0.214925965,-0.459741395,-0.339088295,0.096009268,0.202074506,-0.004201915,1.705362357,-0.990736919,-0.064203795,-1.573629022,0.372081479,-1.115246536,-0.278310256,-0.372064325,0.280891127,-0.552790918,-0.595305698,1.435856464,0.28456679,-0.561050852,-0.250833672,1.645354952,-0.235164878,-0.689276623,-0.68499615,-0.549126481,-0.594497722,-1.279647848,-1.124200097,-0.829320374,0.591571018,-0.381237287,-0.207161689,1.270088025,1.29500715,-0.282124943,-0.630863511,-0.864430314,0.69277577,-0.204707234,-0.38649489,-0.813664575,-0.769666409,0.320058191,-1.315438266,0.994868694,-0.533844644,-0.149635944,-1.336977958,-0.012365938,-0.328320943,-0.050080599,1.471708898,0.177698046,-0.794659184,-0.711319911,0.595131186,1.298693291,0.281918021,0.688712745,0.609737723,1.419064413,-1.949590173,0.667218939,0.983736044,-1.338723706,-0.885668184,-0.850782749,-0.728790196,-0.481717051,0.242602813,0.865674651,1.081316958,-0.837823061,-0.844702999,1.31582184,0.646743935,0.082864842,0.473336676,-0.029803782,0.524584683,-0.336066697,0.268804934,-1.51054605,-0.687784295,-0.677011177,-0.374390033,-0.926513255,-0.533543626,-1.514414062,0.548700476,-0.082513519,-1.705207608,-0.834829911,0.336601428,-0.543021946,-0.69694146,-0.074592677,0.343597535,-1.436352457,0.550128481,-0.800293282,-0.017927968,0
-0.553649305,-1.197877893,0.771279097,0.128475398,-0.455012465,-1.105402525,0.329269325,-0.872524793,1.207953476,1.244450609,1.642034021,0.280897437,-0.404309805,-0.296902581,-0.370087583,0.248005538,0.436607256,1.231564366,0.020123416,-1.403227331,-0.407420926,1.55585178,-1.55657857,0.73914996,-0.390573114,-0.88346431,0.395611049,1.560953026,0.340444177,-0.26254421,-1.29604924,-0.098849161,-1.33214982,-0.309924221,-0.063057648,-2.360541491,1.388322205,-1.238521473,-0.185959201,0.533833246,1.308549718,-0.792153006,-2.509185261,1.078663716,-1.249494886,0.359443244,0.4215897,-3.252029433,-1.614836772,-0.460811207,-2.584127919,-1.338051276,0.12287856,-0.088483652,0.302654431,0.449220979,-1.681829567,-1.284848263,0.76136619,1.524330241,-0.967408049,0.258905594,0.807082893,0.237555617,-0.248766305,-0.640649994,1.985269205,0.096209042,0.388942031,0.324320081,-0.812418407,0.050821023,-0.322242688,-0.340147591,0.316959141,-0.915642973,-1.204788421,0.50272506,-0.531610593,-0.34501572,-1.928796553,0.963082782,0.524016212,0.708068785,0.38732562,-1.515956954,0.228998965,-0.609133502,-0.962857105,0.500048241,1.658508917,1.493339419,0.622145019,-0.030228159,-0.215542321,-0.904503586,-0.269733184,0.90852396,1.823139132,-0.816481307,-1.995013485,-0.530873996,0.903954113,2.072277291,1.310041207,1.285285212,-0.849560354,-0.821389374,-1.323809637,-0.665479736,0.914097783,1.624487187,0.345517271,-0.25512096,-1.066724818,-0.112515156,0.203126328,-1.463072073,0.921472929,-0.423913996,0.861415841,-0.010919962,0.297216693,-0.70194921,-0.344615286,0.642042123,-0.131498235,-1.104974016,0.111574055,0.385675017,1.372888526,1.152553269,-0.064635546,-0.547335165,-0.228301399,-0.523733507,0.506161226,1.041665123,1.239834359,-0.412206452,-0.512026399,-0.420394425,-1.93203695,-1.202812359,-0.034553006,0.37927174,0.491173058,-0.780494422,-0.491110148,-0.269503807,1
,,,,-1.086945324,1.321371106,-1.025329551,-1.251470562,-0.166524013,-1.279297498,1.561940536,-0.23070327,-3.221167498,0.199948518,0.553505987,-0.421432248,-1.355893026,-0.103307017,-0.481705467,-0.97557192,-1.06382507,0.156235749,0.9030218,0.461543838,-1.727997859,0.615478005,0.772474012,1.393696751,-0.949887756,-0.056602639,0.56752425,-0.527553698,0.55190985,-0.024026326,-0.846454817,-0.761242239,1.249289356,-0.996418662,-1.168000284,0.344378865,-0.030572784,-1.311621377,-0.519420174,-0.816781478,-0.641667546,2.524970397,-0.302579905,-0.881250944,2.021787491,0.888254798,0.724825561,-0.833094294,1.191483358,0.816274588,0.147089582,-1.716303123,-0.019920002,1.729930714,0.22038282,-0.376466527,-0.228457343,-0.159252307,-0.799614214,-0.041244829,1.44273453,1.329454879,-0.75433591,1.275897385,0.761141313,0.633338538,0.431911882,-0.930376379,-0.405578185,0.832918403,-1.206870344,-1.040775105,0.306197425,-0.789532661,0.823894354,-0.754217956,0.244380145,0.328071565,-0.482094678,-0.23964663,-0.68001148,-0.018604706,-0.96168724,-0.223507751,0.748491008,-1.136751079,-0.487069412,0.51826241,-2.077644782,1.855584036,1.045257914,-1.53833558,-2.1041958,0.029617587,-1.120244196,0.96149329,0.394002162,0.123379016,-0.570256385,1.60000764,0.753452101,0.603165809,1.200055965,-1.018860863,1.284737869,-0.264608296,0.334729697,-0.15646301,-1.877865606,0.957348261,-1.824483323,-0.9665206,-0.45282463,-1.953615546,-1.100622623,0.244820091,-0.346651192,-0.264152874,-0.915006451,0.046181324,-0.325248025,-1.640965401,-0.20091867,-1.241911827,0.897697112,-0.391506735,2.521524431,0.966902537,-0.130269175,0.579478833,-2.089799189,0.962379407,-0.820290497,0.089733037,-0.727622513,-0.621318375,-0.18113209,0.076832775,-0.026915881,-0.001984624,-1.625682707,2.332049604,0.231980329,0.437567346,-0.339991111,-0.874154695,0
-0.846793718,-1.514847225,3.14042291,-0.149585315,1.0387279,-1.238161144,0.996388426,1.857590877,-0.060280749,-1.010881497,-0.138796401,-2.226761525,-0.037886701,0.820967139,-0.035757644,-0.284139555,0.527568116,0.604024847,-1.659905563,0.088822962,2.435985124,-1.335016246,-0.085418833,1.941746122,1.104175157,-0.513396681,0.20613538,-0.00211168,-0.748071804,-0.074252107,-0.279966133,0.112748938,-0.748383181,-1.2766182,-0.041280773,1.715118218,0.082202926,-0.331593779,0.754085805,-0.158319613,1.868032925,-0.003912509,0.700497063,-0.754604382,0.503089253,0.275093477,-0.056506125,-0.501757761,-0.638030166,0.282352664,0.62893911,-0.127162796,0.287267929,-0.037914678,0.098526025,-0.200444983,0.017972579,2.698040457,0.311634299,0.645296958,0.438023605,-0.262816823,1.293989213,-0.29116377,1.055054549,-0.334206998,-0.959972519,0.365396208,-1.104668356,0.535640225,-1.194158656,-0.31900803,-1.431729697,2.824167009,-1.65395956,0.00981374,1.143304274,1.036385909,0.851342122,-0.317228388,1.351088946,0.913391091,0.212299618,0.240580758,-0.303922648,-0.909652026,1.237150975,1.312207994,-0.884109141,-0.153785165,-0.143423216,-0.032655904,0.064294879,0.946861462,-0.747217308,-0.846346992,1.236619742,-0.462644742,-1.263035354,-0.485129942,-0.330052735,1.554962728,0.924826212,1.147520617,0.819973642,0.946243672,-0.688082127,-0.198602155,-0.989915313,-0.210488031,0.684104991,0.134583285,1.311480819,-1.141415792,0.500238351,-1.248302802,0.094176469,0.740333423,-0.214502567,0.551126604,-0.959732335,-1.663689978,0.557029622,1.744010234,-0.99604494,1.22219418,0.043423409,-1.335691522,-1.131505301,0.015784773,-0.404462288,-1.312912977,-1.694039281,-0.846719328,0.193809008,-0.006400753,-0.501237958,0.201887194,1.04002672,0.39412651,-0.121308671,0.928072007,-0.959850302,-0.22491954,-0.201087936,-1.236953258,-0.419874162,-2.074959681,1.912178048,-0.937413788,1
1.195046629,-1.523186905,-0.968863957,-0.624129166,-0.612354438,-0.5783858,-0.788849674,-0.715982156,0.143251728,1.349736824,-0.991962433,-1.302807604,0.326319297,0.532952923,1.540945853,1.408820819,-1.58517614,-1.997631521,0.565454027,0.538566745,1.481844029,0.392581679,-0.56283368,1.039431007,-1.044537092,2.006873207,0.272382117,-0.737329998,-0.886511297,0.195156356,-0.079798047,-0.136793103,-1.310223771,-0.161782802,0.826747903,-0.754840453,0.256226569,1.118892555,0.630105235,-1.210007168,0.321343854,1.464912435,0.497253763,1.180219285,0.980139706,-1.138289231,1.780227495,1.253774677,-0.283049212,1.295844842,-0.127783262,-0.089321476,-0.893846707,-1.034785282,0.149278718,-0.253280049,-1.487180755,0.350155497,0.510522162,0.299026432,0.290274213,0.407807447,0.166527387,0.349179681,0.505650334,-0.58539506,-1.266059039,0.319252096,0.151443558,0.453029878,1.138245633,-0.034525567,-0.133091127,0.468328453,-1.02049299,0.041851837,-0.102266788,0.876511113,-0.458532924,0.090906397,-0.155599941,-2.487423235,-0.528015792,-0.008452893,-0.891460357,-0.122269602,1.33887204,0.9632536,-1.866015525,0.759590772,0.561749969,-0.093263433,-2.344768485,0.782684476,-0.429237801,0.210842041,-0.967848443,-0.742257328,0.936224793,1.622682116,-0.427013571,1.512857025,-0.428890253,-0.440903685,-1.417817881,0.497321988,-0.195402258,-0.139023448,-0.379609069,-0.991727944,0.625653953,-0.061347632,0.80800712,-0.944152473,0.239067397,2.137060875,-0.711234127,-0.484576183,-0.496353017,-1.042560174,1.657648957,-2.303597847,-1.222663749,0.468048978,-0.73026394,-0.030483434,-0.0287899,0.49706099,0.081879138,-0.388707666,0.129428222,-0.178482645,1.694492874,-0.575632148,0.555371503,0.913584509,-1.321467217,-1.11283137,1.930751941,-0.677049105,0.012153548,-0.173819506,-0.038235719,-0.372287626,0.121060472,-0.812794817,-0.223794202,-1.971206233,-0.116350619,0.334859015,1
-1.870791921,-0.351513484,-2.303370732,0.591210818,-0.743298152,0.646886556,-1.343746622,1.441233886,1.030692299,-1.41375229,-0.181310621,0.162396059,0.719318283,-0.011948122,0.786372187,-0.070765995,0.611772285,-1.367865134,-0.025991547,1.15012263,1.411087312,0.173039635,-0.099135129,1.368034303,-0.100928376,1.144527155,-0.106643323,0.039998573,-1.104718373,-1.249282557,0.978129458,1.722819075,0.10571252,-0.166191507,1.022641578,0.337364999,-2.398322586,0.993672344,-1.336904263,-0.011720334,-0.441486415,-0.640658576,0.046937551,0.893627537,0.031321113,1.40989476,1.534000878,1.524870971,-0.055847413,-0.478217869,-0.033697524,1.125322172,1.065363442,-2.595207678,0.305849274,-2.36801245,-0.019068259,-0.529003681,-0.836919829,0.849255639,-0.647286093,-0.009504648,-0.932367852,0.073721891,0.959730413,-0.877876687,0.639936514,0.056486244,0.047319738,-0.35040785,0.773407213,0.670917809,-0.133434836,0.20267829,0.742976161,0.541519217,-0.306636674,1.165707841,0.864137819,2.111239019,-1.569569421,0.701985639,1.15208955,1.005167112,-0.252713057,-1.363156598,1.539654611,-0.48174411,-0.295444886,2.066548794,-1.2731142,0.81888796,-0.753787655,-0.775732823,0.167652729,0.676374799,0.950200705,1.081473171,-0.706587599,-1.143526941,-0.342643897,0.347478658,-0.205638142,-3.631538814,-1.827179824,-0.240473105,0.855200853,-0.904646708,0.733071145,-1.496103662,0.255568521,0.262852043,0.468738948,-1.008281475,-1.547633058,0.726051925,-1.526158712,-0.770909694,1.391682625,0.169888948,0.368753992,0.624735739,0.589119658,-0.021283165,-0.90142171,2.684057815,-0.292634713,0.331046511,0.440139166,-0.532950458,-0.425688964,1.488232717,-0.73897751,0.412429846,0.895853902,-0.214142589,-0.093883931,0.956905147,-0.137349472,-2.07720827,1.503883345,-0.97547548,0.215476759,-1.317778313,-0.510879353,-0.436485896,0.174171094,-0.877132269,1.982834635,0.024532146,0
-0.460638771,1.057122226,-0.125174428,0.846882104,-0.115224233,-0.384942888,0.540908519,0.876169167,-0.668345195,-0.061075671,-1.058440634,-2.498061017,0.200459631,0.608905356,0.262066809,-1.949561718,-0.35084943,-2.21834776,1.369701108,-1.086054582,1.255403609,0.945869644,-0.900590353,-1.132784951,0.350370216,-0.844324037,0.102484642,-0.482827591,-1.781158414,-2.230468019,0.226684248,-0.561557746,-0.553089817,0.695863839,1.173442277,-0.272544721,-0.340598707,0.500143033,-1.35693557,0.223153055,0.551885972,0.680230208,-1.936752703,-0.76135527,-0.878263253,0.099886954,0.48074458,1.496710407,-0.49496548,-0.497572498,1.149672019,0.296576939,1.267651511,0.288728003,-1.157116619,-1.333128355,-1.551512249,0.662051835,1.188596823,1.849362141,0.843105332,1.162838578,-0.580016333,-1.156415817,0.850079332,0.417680752,0.107444374,0.387371481,0.323185482,1.28381686,1.294985585,0.544220352,0.845802873,0.514062552,-0.461169732,0.756564675,-1.394495069,1.053891552,-1.19452294,0.285803287,-0.845153958,0.553388983,-0.033925226,-1.594755958,0.420699631,-0.577920777,0.881146721,0.001325689,0.395420985,-0.957568955,-0.589332231,-0.458638636,0.85670248,1.677377088,-0.805171752,1.076848145,-2.169677418,-1.194189401,-0.958778456,-1.352508689,-1.58358839,0.412998912,-0.214067698,0.379405398,0.690472686,0.265616993,0.657763176,-0.069532286,-1.186993388,1.057814181,-0.589112133,-0.935596299,-0.177917876,-0.912810919,-0.417430382,0.344053922,0.348341739,-0.897830066,-0.487705373,1.074333005,0.496400118,2.075065039,1.180128174,1.144293069,-1.38786855,0.763860352,-0.053106802,-0.550981804,0.168015341,0.945211535,0.500831591,-0.878473801,0.742458914,-0.637587542,0.216683119,-0.303350067,-0.218866252,0.766242975,-1.04019372,1.945195074,-1.821086069,-0.597667683,0.37021189,0.584314166,-0.100475721,-0.057390703,0.410550085,-0.231069477,1.393181258,0.839349114,0
1.687141635,0.881639757,0.288171296,0.029425051,-1.203356389,-1.05546402,-0.748313978,-0.196146431,-0.041311063,-0.159971026,-0.114244961,1.881245598,0.849250087,1.188216757,0.464263992,0.072402672,0.40995824,0.225820173,0.807978209,-0.975140467,0.724747095,0.167058669,-1.807087038,0.085721687,-1.306217801,-0.534997673,-0.15919066,-1.507101869,-0.053741183,0.068468077,0.755073732,-0.45376535,0.274475004,-0.095412749,-0.418270736,-1.670577295,-0.111600307,0.744512497,-0.933716791,-0.217783861,-0.070487326,1.102440632,0.030107824,0.288087375,-0.008656047,-0.492305825,-1.134473918,-0.285072097,0.393359304,0.123076368,1.47951693,0.945852037,1.240557901,-2.03227661,1.579334252,0.266811595,0.408925462,0.896027346,0.021317308,-1.070380548,1.447407633,-0.76822206,-0.985717379,-0.234300915,-0.386003935,0.003806834,-0.09820828,1.347129768,0.459322599,-0.857796979,-0.720504258,-0.388188648,-0.384201005,-0.514744137,-1.101742018,0.290402137,-0.455604503,-0.951801459,0.485475195,0.847821999,-0.245637098,1.781486365,2.215520699,0.496890153,-0.468810719,0.268953554,-1.224443065,-0.871863608,-1.682689138,-0.628464983,-1.23252025,0.624056732,-0.749158526,0.276621292,0.747906441,1.171342412,-0.353424541,0.310637499,0.342501501,1.272091382,0.783558079,1.303344989,-1.664651458,-0.66427101,1.031816834,0.580701837,-0.125045546,-0.474049883,0.788684545,-1.979577071,0.792191185,0.090688266,-0.488839518,0.502440902,-0.386049082,0.029018735,-0.046245801,0.744529924,0.159181821,-1.909119651,-1.392093803,-1.084166203,0.456544667,0.556852422,1.670357185,-1.014430411,1.30925297,-1.937878665,0.017757957,0.2452034,0.241590257,-0.309595518,0.117895592,-1.235219571,0.865161487,0.249790433,0.362233413,-0.279016462,-0.327979625,0.524730894,1.58997385,-1.393631091,-1.444070175,0.266205312,-0.332200086,0.124105772,-0.023789315,0.622009368,-0.28616343,-1.20821179,2
0.166452208,0.492451264,-0.238485551,-0.134891573,0.854448306,-0.738462834,0.864803224,1.418784471,-0.393679542,-0.429886143,0.157542479,-0.58648726,-0.087903676,-1.469658559,0.85570615,1.663021724,-0.673212848,-1.646225491,0.920883109,-0.418494303,-0.667838066,-0.12199056,-1.220846681,0.482003723,-1.26460752,-1.184372294,-1.197803102,0.1639981,-1.813689592,2.088272443,-0.375527914,-2.116202991,-1.06073728,0.598784872,1.348344644,0.163188439,0.085638795,-1.530175761,1.488857495,0.5559294,0.321081757,0.016913754,0.531029406,-0.800053077,0.939340386,0.803389869,-0.098144687,-0.272091036,-2.158436456,-1.732207183,0.545766441,0.904731202,1.070050248,-1.347174984,2.293451466,1.000291062,-0.573451928,0.163323388,-1.697379552,-0.616902754,0.538262715,0.062689789,1.74314353,-1.479446417,-0.117132604,-1.136615794,1.53505437,0.265356764,0.008443478,-0.133137905,-0.877083775,1.198446958,0.170605586,0.24475192,0.582321507,-0.861782007,1.995287228,1.569512494,-0.03595868,-0.30108699,0.639641686,1.120188607,1.750275316,0.644814196,0.136567462,0.137135049,-1.880687218,-0.430296436,0.361221713,-2.257730766,0.179936655,-0.812025898,1.577018921,-0.284681327,-0.263628729,-0.137413801,-0.004650337,0.792830609,-0.344301712,0.023431775,0.798792755,0.008530131,0.655430836,-0.445565732,0.351006438,1.308991609,0.602453471,-1.871018428,0.555364934,-1.153988438,-0.924978326,0.491879689,-0.969564072,-1.109805537,-0.003495207,-0.613420501,-1.629758444,0.555385249,0.985420036,0.904704732,-0.898315243,0.410901066,-0.494078307,-1.267496965,-0.747327864,-2.819337016,-1.057299064,-1.466707174,0.202907598,0.291496329,-1.689724397,0.827979651,-0.607761411,-1.069399275,-1.790323292,-0.800867493,-0.139220868,0.995797282,-0.10529356,-0.314870407,0.580494045,0.140093408,-1.50506449,-0.43672434,-0.575007278,-0.149939746,-0.4753036,-0.806472244,1.46487704,-0.045212323,0
-0.923233246,-1.351684606,-1.40786789,0.380618549,-0.927507569,0.345928792,0.101762012,0.880059536,-1.018479827,1.060844213,-0.905851911,-2.742419761,0.190255401,-0.875181352,1.499817931,0.300988935,-0.085187369,0.201569115,-0.497371018,1.684279396,-0.548121137,0.463304113,-0.818963217,0.001658828,-1.237019209,0.228604334,0.064817512,0.548845847,0.468131016,0.029113405,2.039491255,-0.018288199,0.039168852,-0.085226385,0.202601999,-0.286072815,-0.368266077,0.752061635,-0.048398561,1.054004266,-1.893885434,1.522818128,0.895249239,-0.05143801,-0.077534665,0.640682504,-1.026358851,0.038402981,0.155161137,-2.044002112,0.347968711,-1.352247268,1.082966196,1.338059603,1.510552564,-0.322434965,-0.336426431,-1.976281666,0.680196933,-1.508656444,-1.449135481,-0.303737764,-1.105728875,-0.961744817,0.047095268,0.881470431,0.539497968,0.189443562,1.146910954,0.127620822,-0.526665482,-0.77007006,0.552347994,-1.101043242,0.348811772,-0.428365783,-0.837980185,-0.855249312,0.965344091,-0.857562792,-0.279218548,-0.468663773,1.059152662,1.538304528,0.908847661,-0.37564625,0.3422595,-0.909693731,0.210422999,-1.75708958,0.235285289,-0.055182026,0.440752143,-0.01231987,0.835056509,-0.763494313,0.756472615,0.472316276,1.089492277,1.156694888,-0.951909071,0.517032678,-1.165684091,1.159667637,-0.853124487,-0.380023394,0.217554092,0.738478781,0.371302693,0.765635521,0.012480571,0.244098471,-1.766816092,1.026090176,-0.291171028,-0.430437218,1.93680815,-2.708831164,0.095289334,-2.23986772,0.339501855,-0.699121189,-2.934290078,1.089129856,-1.289772009,0.948738423,-0.974666111,-0.46428026,-2.283593063,0.424640862,-0.573934115,-0.36655946,-0.095026359,-1.648013901,0.691102196,-0.563500185,2.295196836,-0.479597148,-0.389572579,-1.356583689,-1.613609767,0.87768689,1.061144005,-0.565399801,0.121324081,1.241865874,0.289465575,0.484816191,0.087266573,-0.652514835,1
-0.463417693,-0.465729754,-0.104449219,-0.168821723,0.070052163,1.161878303,-0.927353134,0.238368983,0.97519763,0.50109417,0.189581617,1.001046093,-2.703232293,0.67787532,-0.654075683,-1.830632897,0.5112026,1.373658545,-0.137448515,0.952874547,1.612278258,1.314914454,1.639964529,0.742127491,0.075433639,-1.601965812,-0.246062488,-0.843246595,2.170942717,-0.175885812,0.123204807,0.551485376,0.043602446,1.69505104,-0.622649362,0.194607455,-0.742470586,-1.320022511,-0.611769091,-0.037036797,-0.429302225,-0.69242098,-1.406317464,-0.083105573,-1.504720374,0.760055964,0.082439753,-1.457551499,-0.309209077,-0.752156406,0.31917451,1.340450446,-1.87517247,0.115026079,-0.160132796,0.671340076,0.213196628,-0.751969332,-0.319053936,-0.796025857,1.076007139,0.021311649,1.901190686,-0.060660814,-0.708406767,-1.513714393,-1.803139676,-1.584135943,0.267126651,0.508725023,-1.581190702,0.895038314,-0.483061052,0.146793012,1.612220628,0.896839316,-0.268530648,-0.891192225,-2.151815401,-0.719153319,-0.211130239,-0.987179527,-0.131256967,0.076851883,-0.224855982,-0.650002581,0.168654672,0.44194065,-1.090399077,1.41093238,-0.098588132,0.018849623,0.708214423,0.233216131,0.953136634,0.287124165,-0.612437375,0.361503525,-1.143726207,0.108559706,-0.033229991,-0.208116857,-0.128537511,-1.881849045,-0.548724908,0.092844901,0.159856392,-1.027675141,1.265707841,-0.866174848,0.969457201,0.427194362,-0.64622731,1.775310893,-1.193636832,0.919154174,1.000582318,-0.670620209,1.3924653,-0.250046515,0.288693629,0.260321839,-0.134308741,0.810808273,0.793488721,-1.748531973,1.304340243,-1.662491988,1.032546204,1.126705137,-1.09096643,-0.410814288,-1.105704668,-0.21492103,-0.308034284,0.779660532,1.310308746,1.395683811,-0.562168027,-0.209221874,-1.683438192,-0.805870066,0.964851633,1.615582824,-1.234348872,-0.592464259,-0.026405757,0.280161159,-0.80960352,0.424061044,1
0.04557184,-0.651600348,1.646283384,-1.100096963,0.478499732,0.538963073,-0.860737988,1.354210925,-0.287707056,-0.383752981,2.111613218,0.522766742,0.92529055,1.354892932,-0.650473999,1.249821097,-0.501894115,-0.544623389,-0.271999972,-0.622064835,0.822156433,0.267210655,-0.491224415,0.674505033,-0.275182437,-0.32807037,0.048683885,0.463460356,0.389847649,-0.363249182,0.847111207,-0.222394151,-0.654984489,-1.468021649,0.983178481,0.012390076,0.210872359,1.045802916,-0.477406232,-1.374399248,0.069780702,0.307961552,-0.262849066,1.473737578,-2.486166568,1.120056638,0.79115365,0.456770778,-3.335901549,1.283888783,-1.026434111,-0.507691978,-0.170592665,0.407418035,0.639428042,0.892840554,0.81585351,0.252927204,0.415922659,-1.090753716,-0.751026807,0.895460224,0.837209487,0.723799416,-0.514416762,0.910492132,-1.161244452,1.07735981,-0.260870801,1.684170406,-1.521442092,1.763404046,-0.361464329,-0.379479256,0.194838819,-0.697078913,-0.072329001,-0.737626265,-0.701063531,0.48688595,-0.901565495,-0.768194235,-1.37279125,-0.50393068,1.31160203,-0.84593364,-0.731633265,0.193921946,-0.370796434,2.228154433,-0.162527965,0.335218346,0.943768785,0.924577866,0.233287582,-0.161127487,2.024028536,-0.099760275,-0.441690104,-0.645848988,-1.726803203,0.821615752,-2.348068397,-0.005722841,-0.204860634,2.239965192,-1.831651229,-0.901103287,-0.136096459,-0.197529337,-0.549544591,-0.080987909,-1.259562729,0.357192879,-2.321485342,-0.025769356,-0.600356694,1.016287943,1.755311071,-0.331052169,1.390725929,-0.316116281,-0.966126523,1.745903632,0.520776445,0.004438523,0.687177475,0.274215035,-0.069219408,-1.326434827,-0.270536737,0.623255423,-0.122771426,0.902325761,0.383655024,-0.878136318,-1.319171958,-0.1571785,-0.524228448,0.33632181,-0.718137659,-0.615392326,1.053069718,0.148202969,-0.702727065,0.017641809,1.378911243,0.293786688,0.592950809,-0.752234537,1
0.097077549,0.968644991,1.372271317,0.142044479,-0.672905332,0.662841093,0.893188347,0.641894123,-1.02969624,-0.484017124,-0.004072837,-0.041259653,0.749745475,-2.014901233,0.334327055,-0.289981354,-0.838500616,-0.742486778,-0.214537665,-3.601085104,-0.701289571,-0.875814825,0.532783209,-0.805526683,-0.2151138,1.542276628,0.99435152,0.9022714,-0.49987243,0.543032279,-0.2338978,-0.196093211,0.409685344,-0.596993588,1.493003104,-0.16013014,0.618360566,1.455600479,1.031653775,-1.408919103,0.444895895,0.850719394,0.891863022,-1.113294834,-0.657035237,0.994558236,-0.761760371,-0.299696057,1.57587581,-0.04779925,-0.726774138,-0.877617357,0.33271933,-1.333148008,-0.247335964,0.333230535,1.299149821,0.66754808,-0.714065118,1.178419318,-0.299515038,-1.235703022,-0.172041359,1.438169201,0.16524005,0.012521864,1.637211645,-1.431354847,-1.285599114,-1.615846471,0.372648186,0.166493127,1.542736367,0.243475077,-0.404157159,0.001794873,0.117707418,-1.671761273,2.710331644,0.519871018,0.210008308,0.615163984,0.709410981,-0.140553486,-0.631241136,0.599450686,0.385710841,-0.809890099,1.419035611,0.293352036,0.729819362,1.391920888,0.021888821,0.316952007,0.810027239,-0.724861084,0.054051663,0.125548587,-0.956058552,2.317636789,-1.407293443,-1.298103904,1.314226576,0.713266251,-1.025964817,0.607289015,1.467850445,-0.030263058,2.5988229,-1.724061811,0.693823454,1.166528336,0.891343902,-0.204355727,-0.290441482,0.444145171,0.815754487,0.602473436,1.040057891,-1.018869957,-0.227770979,-0.940015932,-0.386112776,1.015220892,0.107983921,2.606859163,0.193406367,0.059691881,0.106182919,-0.637808693,-0.057836612,1.127788027,0.113970668,-0.79345973,-0.92508462,-0.450201892,0.073863434,1.193586535,-1.340488641,-0.319826278,0.144310019,-1.833705768,-0.833598283,-0.67988854,-0.795970374,0.191889545,-0.16055961,-0.555286103,0.427962627,1.723074718,2
1.031844539,-1.485560373,1.664728473,0.757341491,-0.775611882,-1.253422285,-0.498487511,-0.253163355,0.68186289,-2.301973887,-0.964625635,1.799955631,0.01622975,0.06234202,-0.564429603,0.78867802,-1.803740253,-0.424972147,-2.081181034,-0.019811368,-0.446055935,-1.629874952,1.010542173,0.690080164,1.029770823,-1.506664881,-1.003670173,1.202079659,0.810508778,1.40354363,-0.239946401,-0.10934434,0.616126109,-1.351125041,0.195807839,2.535049732,-0.357838289,-1.603434933,0.411098295,-0.901159941,-0.106983625,1.087568702,0.55811036,-0.488520096,0.838492227,-1.667930178,0.197107081,-0.383997454,-2.359694906,-1.210712451,-0.014614289,0.746707939,0.021771404,-0.296068433,0.809783978,0.274243532,0.997274614,0.5744301,-0.712025459,0.67090804,0.960946628,1.400174968,-0.52713817,-0.363126128,0.880391383,0.841554475,-0.510319393,-0.672428367,-0.433027718,0.079257453,-0.887811368,0.419731477,-1.726803422,-0.83168836,0.184018886,-0.919363394,-0.418370659,-0.127299897,2.121038885,-1.306103062,0.235681958,-1.024834337,-1.06233742,-0.875038653,-0.156530177,1.433801505,1.174836062,-0.458179559,-0.266477399,0.59133468,0.057657149,-0.636648254,0.661416317,1.620970085,1.05842696,1.356580382,-0.139377406,-1.082634885,-2.000274144,-2.071970976,-0.203348933,0.506826224,0.843082081,0.243094325,-0.72161133,0.654499643,-1.198153272,-1.103746491,0.612937717,-1.233179778,-0.765271912,-0.977686319,0.169135847,0.588205512,0.613955813,-0.58031359,-0.167844131,0.735069522,-0.530375224,-0.912913884,-0.641573525,-0.607863725,0.030697383,-0.02687404,-0.167415564,-0.800097103,-0.932260135,0.649194541,0.343149729,-0.434816334,-0.056883636,1.212136101,-0.071922538,-0.006252441,1.527396577,1.070344399,-0.640828429,1.070393088,-0.169935514,-1.050600731,1.304167418,-0.709506155,-0.509960219,-0.381327787,2.036987011,-0.951963336,-0.602635375,-0.342297547,0.527211439,-0.069495798,1
-0.013497225,-1.057710929,0.400481387,0.131065186,-0.077443461,-1.195293764,1.450927548,1.807196644,-1.682658694,-1.024028591,-0.279810342,-0.964537795,0.505965553,-0.728272202,2.165056068,1.190548594,0.212574031,1.026986263,1.105900424,-0.563947488,-0.816217245,0.078143063,0.861636124,0.139060399,-1.576996482,-0.802824444,-0.073972864,-0.075665604,1.972542177,-1.385987942,0.505589242,1.489113108,2.271449745,-0.404397423,0.491429453,0.569760357,0.195481732,-0.098845201,0.43597539,-2.532246085,0.68206949,0.126177904,-0.222474897,2.046862196,-0.674934019,-0.403075989,1.991553302,-0.832061305,-0.550115283,-0.147025423,0.840734482,0.207802507,-1.292625347,-0.532168563,-0.607354433,-0.077221045,0.425843659,0.418205756,-1.776011754,1.063940988,0.252568846,1.384532048,0.444198327,1.101322958,0.466545311,1.346225756,0.522250636,-0.097915246,2.27243472,0.889037122,0.573744421,-1.276304417,-1.288307617,0.292715482,0.145521198,-0.614122565,0.1409827,1.588626928,0.695402475,-1.14100851,-0.111508827,-0.804966481,-0.387699916,-0.413615666,-0.477645583,-1.255135372,-0.127654682,-0.560607637,-2.92944869,2.052972025,1.088769654,-0.376300725,0.01881905,-1.171654347,1.695722878,1.897288695,0.156693728,1.023530644,0.175286779,-1.336725439,-0.411823369,0.131927967,-0.454547719,-0.218653277,-0.091399558,-0.080878498,0.05225849,-1.060605066,-0.717016149,-1.284584266,0.97781555,-2.105646942,1.153590343,1.386349397,-0.302180587,-2.603137088,-0.361310562,-0.064184161,-1.01059822,-0.515218394,1.530195199,0.664927162,-0.924564114,-1.59759917,-0.327017318,-0.213456779,0.496199187,-0.535316713,0.511499575,1.93515404,0.815501022,-0.048088507,-0.183150471,-0.356673134,1.180640912,-0.627313446,0.045222709,0.051197902,-0.501784193,-1.372465548,0.322974504,-0.061003972,0.500240469,-0.533600306,1.220821299,-0.876773781,1.712040284,-1.74763651,0.434770065,0.475430683,1
-0.040157951,-1.430775102,0.150731375,-1.184016805,-0.38929491,-0.772380347,0.123959548,-0.46675354,0.902662275,-0.847954681,2.183432632,-1.47236484,0.305716596,-1.610540667,1.047893849,0.046882863,0.205753799,-0.897256531,1.085951364,0.642842732,-0.545415215,-0.016556631,-0.890322776,-0.969148097,-0.61530703,-0.273953126,0.001747613,-0.044324133,-0.865191141,0.759041372,1.089509142,0.913601055,0.706206998,-2.502544537,-0.998462757,-1.488395492,-1.772643655,1.143910584,1.695140832,0.007570295,0.471329925,-0.359287304,1.169688325,0.280026626,-0.521419536,0.56229672,-0.181637922,0.195584454,0.693330109,3.760155249,1.786214546,0.150016933,-0.939730519,-2.253535162,1.284244781,1.119821269,-0.627961829,-0.087589281,0.208000906,0.594068951,1.654506977,-1.30305638,0.673652863,0.218824352,-0.510136061,0.806460732,-0.111296033,-0.080404721,0.313790231,-0.457975203,0.654395698,-0.397351129,1.69014304,0.228333734,-0.670039813,0.30877648,0.989500637,-1.57518893,1.267057761,0.340287027,-0.030367788,-0.686303142,0.347052429,-0.88365187,-1.989215116,-0.71302071,-0.272547068,0.613143195,-0.218804032,-1.145093475,-0.661105228,0.020639904,0.645597138,0.813184694,-1.361970156,0.051156429,0.77372056,-0.873065736,1.800219725,-0.494488327,1.019960544,0.691168661,-0.687752996,0.016175668,1.364137872,-0.536878127,0.177276409,-1.505663186,0.359586927,-0.404526105,0.523862035,-0.844375337,0.319720988,-0.350247849,-2.637916056,0.087864521,1.261076129,-1.096438743,-0.644560258,1.325347067,0.556482621,-0.328919965,0.295763081,-0.625670429,2.471470549,0.886867331,1.708807369,0.091913436,-1.27383528,0.503338661,1.255112265,1.297133728,-1.687661879,0.21142365,-1.597911617,-0.585903373,0.585421089,1.33138603,0.222483923,-1.147745769,0.599370768,-0.850871438,-0.29232123,0.090440585,-0.669854862,0.636450858,0.752458256,1.02818594,1.425332434,-0.143174236,1
-1.840874231,-1.279576967,-0.277166333,0.450135634,1.290919126,-0.69214202,0.392916733,1.739228939,0.750002825,-0.769464969,0.101397789,0.184773341,0.637460622,0.039062432,0.483630409,1.019686143,-1.051820853,-1.32060471,0.608826498,-0.153276406,0.863110967,1.087674171,-1.850399677,-0.837035202,-0.125143083,-1.023710198,-0.472964719,-1.278678566,-0.438594459,-0.966031657,0.344623954,0.902420166,0.408745391,2.597745282,0.938863801,0.901349784,-0.08210259,-0.306857563,1.273107565,-0.253029956,0.034921239,-0.172183767,0.539957985,0.891527976,1.064327552,-0.303752271,0.182159857,0.331365911,1.464202614,-1.786151014,0.011445453,-0.643068659,-0.532528541,-0.850489733,0.539121284,-2.450736928,-0.13845555,-1.821543308,-0.692506576,-0.213743267,-0.405641742,0.681148062,1.249665104,1.95815949,-0.007514814,1.161084644,1.463946882,-0.476264766,1.233093363,-2.175685956,0.297705698,1.605461435,0.0993164,-0.190389482,-0.19542577,1.468464229,-1.591679224,-0.391003107,0.842317041,0.317891096,1.186869938,0.682261809,-0.471876759,0.581464669,-1.31958482,-2.017190169,-0.611509204,0.079895046,-0.811628592,0.174380399,0.058527412,-1.860110221,-0.539679184,0.941037822,0.486514416,-0.696454145,0.618902333,1.75517423,-0.424457154,0.741435432,0.583603322,-0.477384356,-1.132797801,1.650666529,1.088624643,-0.278042387,1.21354166,0.554858478,1.206212792,-1.79250792,-0.408291543,1.573438582,2.65197971,-0.389773928,-0.4071837,0.683061986,0.344260446,0.533281586,-2.162284456,-0.238740925,0.805349114,-2.354376842,-1.617404932,-1.773902649,0.650724452,-0.929613666,-1.200960402,0.054981473,-1.240571932,0.451596967,2.413926931,-0.368698673,-1.943026819,-0.452895648,0.4899617,0.390020973,0.838438146,-0.593794531,-0.280034071,-2.45194572,0.614051315,-1.310169504,0.200059129,-0.871239729,-0.086867239,0.958427366,-0.43718425,-0.739658264,0.002580044,-0.64248527,0
1.579212816,0.767434729,0.399687952,-0.651356894,-0.528616682,0.586364019,1.238283071,0.021271577,0.308833013,1.702214945,0.240753179,2.601683114,0.565509646,-1.760762759,0.753341621,0.381158385,1.289752754,0.673181351,-0.138455984,-1.224298236,-0.209023257,-0.850520454,-0.58052345,0.588578404,1.669904504,0.39467153,-1.195883062,0.444602668,1.196631487,-0.609782904,-0.134017167,0.014688195,-0.784898313,0.648280434,-0.120948149,0.419532444,-0.887492178,-0.4374583,0.722381358,-0.372833152,1.726963851,-0.399636186,0.224684726,0.932590832,-1.418365733,-1.760808812,-1.525656315,1.262584103,-0.551858146,2.558199286,-0.564247599,0.184551303,1.542109953,2.006092888,2.061503577,1.208366231,1.024062526,0.592526949,0.778361076,-0.551185716,-0.818198883,-0.003374457,-0.170184623,-0.453228049,0.696387447,0.955305209,0.088406886,1.477530081,-1.141689114,-0.193659459,-0.716822321,-1.866536617,-0.082680686,-0.121747508,1.513449743,0.630811685,-1.024186824,1.854092566,1.221033696,0.582097703,-0.226484099,-0.959439237,-0.372206776,1.08874862,1.884586306,1.543243528,-0.488849422,-1.119617433,0.140886247,-1.768439366,0.323167714,-0.147602586,-0.466036502,-1.594703067,0.513600107,-0.53270084,-1.169916836,-2.872262213,-0.027514905,1.772251597,1.661259215,-0.457096257,-0.60221206,0.468774256,-0.998385439,0.3017919,0.766080278,1.226933224,-0.100154076,-0.20367375,-0.877982587,-0.826880354,-0.226478892,0.367365507,0.913584626,-0.803178951,1.492688569,-0.271123601,-0.021367294,-0.747211679,-2.42424026,0.884045396,0.736843897,-0.281327557,0.066990717,0.515939218,-1.562545857,-0.529052677,0.79426468,-1.254289423,0.293557932,-1.356581805,0.466429982,-0.035641482,-1.615131816,1.164739354,-0.734591577,-0.810252437,0.200569197,1.148637349,-1.015821819,0.06167985,0.4288165,0.693105607,0.176441555,-0.367027839,-0.827590221,0.086143883,-1.072139012,-2.921350483,2
0.371145873,-0.603985187,1.167164547,0.881810933,-1.579340431,1.208175403,0.358201359,-0.89370231,-0.671876057,0.582032289,-2.511638644,-0.125473164,-0.655062559,-0.756940912,-0.457193126,-1.479400371,1.052480044,-2.127894845,0.169287542,-0.847557879,1.98357868,0.022686438,-2.12333281,0.546821077,-1.092576711,0.984889061,0.617722666,1.472595497,0.18703175,0.819148793,0.042754156,-0.58965379,1.065754932,-1.230483971,-0.036307221,-0.568565572,0.842094067,-0.946680645,-0.408832593,0.043913502,1.487723052,-0.532516307,-0.400892075,-1.348201693,-0.982994764,0.412981252,0.032068509,0.048103148,1.741214932,-1.672277913,2.317821643,1.178274681,-0.325793001,0.391232787,-0.682845084,0.319233209,2.149843399,-0.646288208,-0.232005608,-0.756766221,-0.596113612,-0.402694031,-1.094885589,-0.263612067,0.054232396,-0.403149905,-2.299095349,-0.154317707,-0.047271622,1.897541695,0.02681872,0.935586073,-0.425699708,1.298174339,-0.944543147,0.504989201,0.840365381,0.693606126,2.16414981,-0.584364658,1.41378331,1.155645123,0.049466408,1.83926104,-0.146558154,0.022316557,-0.005483638,-1.273185691,0.761514034,0.605398142,-0.10467932,1.762534547,-0.437220057,-1.729797415,1.902205971,1.011109307,0.626041662,-0.339445367,0.342091601,-1.260378294,-0.225142984,-0.903697543,0.261881264,0.923468459,-1.047625186,0.724912681,0.19974826,0.683852382,-0.242224765,0.704015403,-0.695806565,-1.682252097,-1.453932005,-0.502766321,-1.612523488,1.550372565,-0.082831163,0.919272581,0.787068356,0.006417142,3.536531655,2.927645236,1.391892479,-0.905188606,1.432966863,-1.748532441,1.396746418,-2.556121781,-0.318956536,1.209124235,0.385199978,-1.478575003,0.170298683,0.385623913,0.204785447,-0.407280056,0.855081449,1.144911587,-0.154190068,1.519654834,-0.156260728,-0.489814355,1.356910027,1.320423023,-0.620108801,-0.765250896,1.7643849,-0.102661961,0.003285734,-0.252247437,1
-0.637387127,1.189016531,0.353741586,-1.837164236,-1.976584021,0.894114214,1.28567537,-0.62949328,0.193291943,0.620794774,1.66006577,-0.079940591,0.737774015,1.993186021,-0.280448876,0.064794229,-1.105577038,-1.055281506,0.875446834,1.193881078,1.163626604,-1.033134477,-0.205694051,0.478475895,-2.276308693,0.456979663,1.880468494,1.136692118,-2.410313078,0.397344343,0.215963527,0.271661094,0.107133318,-0.326456666,-2.32534717,0.310921535,0.627382992,-0.555360666,1.25857415,-1.640186277,-1.72532141,0.084987278,-0.681707219,0.97204122,-0.427566728,1.358037642,-0.722026507,0.143707962,-1.984499657,-0.053254684,0.072694265,1.209579119,-1.511083884,-0.28298521,1.452832952,1.585386995,-0.83436708,-0.685689835,-1.699669393,-2.123003178,-0.388882865,-0.645278442,2.061519485,0.347709232,-0.208638839,0.655999541,1.028456916,1.21367533,0.259580393,-0.023629475,0.158189237,-0.058471885,-0.529227665,1.043190503,-0.192857101,-1.014342846,0.020573313,0.716663955,-1.455939014,-0.268872187,-0.802110961,2.182692251,0.091760033,1.55219476,0.24411982,0.333449179,-0.061415868,-0.223012423,-0.073871769,-0.657385514,-0.011059546,-1.623691716,0.173445518,-1.204832021,0.094431028,0.320958184,1.417069178,0.316770422,-0.266352953,-0.628866705,0.716321914,-0.099121446,-0.752404791,0.153385737,-1.856943102,0.079997615,-0.780430639,-0.326347743,1.994193849,-0.485288921,0.789836148,1.049213931,0.853760953,0.371163947,-1.107626812,-0.650547876,-1.165765957,-0.351955915,-0.340319812,-0.913758865,0.54735331,-0.493426373,-0.362760992,-1.568856205,0.069277562,-0.094222369,-0.599476397,0.381121169,0.118866866,0.587574385,0.632657106,0.715057502,1.668695619,0.128598146,-0.946067084,-0.429950503,-0.403246602,-0.919814015,-2.513346511,0.231223834,0.03366665,1.913906218,1.850410933,0.679824563,0.56268078,-0.829634971,0.188632805,-0.116534374,0.145774669,-0.768932292,0
0.791031947,-0.909387455,0.045960936,-0.242583036,-1.199204325,0.447696266,0.54445987,-1.094494361,-0.140275586,-0.335515832,0.255977146,-1.119250242,1.251947455,0.915823782,-0.363175559,-0.216418712,-0.13642215,-0.778308553,-0.443429418,-0.270270368,1.612868371,0.946618308,0.934654707,0.369925613,-1.117327009,-0.041491105,0.97048846,-1.258264629,0.636553207,2.322609225,1.061816646,1.414029136,0.21833875,0.967931949,-0.717853214,0.795863812,0.654388134,0.289911174,1.31600742,-0.538784838,-0.187057516,0.095462041,-1.029610971,0.226931944,-1.718930413,1.046954534,0.046637367,-0.520892904,-0.834373612,-0.23457903,0.688259711,0.547738979,-0.705537947,-0.846039673,0.656898706,-0.722347405,0.059909774,0.123754643,0.312062132,0.85827043,-1.262962937,-1.911159325,-0.567447281,1.801528408,2.0221741,1.831177136,-0.192981368,-1.782115082,-2.343039102,-0.614038162,-0.19807363,1.300625401,0.86780546,0.227405079,-0.889844771,-0.960779558,0.254127687,0.697050979,0.391881262,-1.03459796,0.650667629,0.425910967,-1.070666406,-0.78432097,0.688495975,-0.234507535,1.589147302,0.501129276,-0.486631188,-0.0102056,0.063383393,-0.728390313,-0.912588198,0.701389894,0.845273297,0.60378147,1.515318094,-0.541773236,1.674270766,-0.900921119,-1.012685563,-1.759958882,-0.445795314,-0.503722337,0.52593728,0.243890942,-1.192973371,-0.392726238,-0.371462021,-1.775982247,-0.980946727,-0.770813631,1.43362502,0.191450716,0.662168754,-1.498635497,1.194214483,1.301102063,-1.998344967,-0.705316724,0.495765573,0.644388454,-0.67849473,-0.305499463,-0.597381061,0.110418047,1.197178531,-0.771042157,1.000820498,-0.781672072,-0.847627212,0.818594618,0.921936378,0.851409937,-1.315797408,-0.465950978,0.822988592,0.041541841,-1.073692846,0.458317939,-0.714807259,1.794524848,1.544841462,0.604097426,1.361006705,0.06479135,0.765437494,1.477720295,0.245498682,-0.255187172,1
2.314658567,-1.867265193,0.245528172,0.558558153,0.590688045,-1.4089843,0.824086581,0.303153828,-0.635261385,-0.749666951,-0.334053082,-1.298741687,1.722267391,1.486151325,0.451700201,-0.223398416,-0.197107988,0.758065706,1.7578269,-0.57039674,-1.117586043,1.547640774,-1.787138588,-1.008530808,-0.246857893,-1.560433468,1.112149063,0.856905271,-0.574793227,1.279614119,1.449292428,-0.113170648,-0.450668178,2.259602028,0.721161822,0.256324653,1.363545947,0.301930635,-0.505620586,0.08015976,1.038654287,-1.992185566,-0.288030739,1.383057399,-0.511868401,1.54610856,1.414743819,-0.065529115,-0.568539305,-0.287358874,2.664614492,1.874424447,0.125390972,-0.608153552,0.117041036,0.243826927,-1.243358738,0.080041269,1.322404325,-1.799356681,0.826583965,1.37479797,-0.560557345,1.694175758,-0.690337062,0.441082662,-0.306772685,-0.306996357,-0.61729907,0.698575481,0.848805458,-0.0644222,-1.359968214,0.403170167,0.422014359,-0.216715011,1.867231287,-1.563929265,-2.21728371,-0.7308349,0.710424534,-1.055844637,-0.980970919,0.951021336,0.462547923,0.37706091,0.781428919,-0.425192953,-0.378984074,0.809779273,-1.344886781,-2.142719846,-0.433284174,0.930873289,0.255559699,0.857291504,-2.01629431,0.315496808,0.653864505,-1.350797423,0.862057591,-0.111518897,3.071336702,-2.177236069,1.369114368,-0.394158097,-1.617151714,-0.526955144,0.277479241,1.03746667,1.721964288,1.421893089,-0.965382021,1.130164692,0.391284957,-0.654603021,-0.211910593,-0.709842659,0.037092342,-0.729657882,-1.027994073,0.479119128,0.628730548,-0.187597,1.367651304,-0.260430586,-0.302774545,0.660488982,-0.132425585,0.084797729,-2.520438471,0.016707385,-1.827195937,-1.220950571,-1.335322539,-1.042583154,-0.54885386,-0.486492616,0.664275204,0.222387814,-1.901074429,0.083294638,0.318255247,-0.328566516,-0.060885977,0.190310125,0.764599598,-1.574879987,-0.244317039,1.508336098,1
0.198084761,-0.144360412,-0.524964853,-0.829925619,-1.003027417,0.206583227,0.546026147,0.153172346,0.949453487,0.581404599,-2.006962065,-0.916519917,1.188419221,-1.26938357,-2.735028008,1.831450031,0.296612531,-0.6830568,-0.848399107,0.629406158,0.477997881,0.32720234,-0.188749531,-1.280583072,-0.035964808,1.06514503,-0.541950992,0.601068783,-0.404631259,0.801244141,-0.979946297,0.013687621,0.456473763,-0.675450517,0.362613385,-0.029551731,-0.044155652,-0.677753786,0.997342562,-0.945129319,0.279764741,-0.849208017,-0.066171048,0.642862762,-0.288851308,-3.076196124,-1.344695979,-2.157997917,0.067910109,-0.005012319,-0.350624091,-0.626456388,0.221131869,-1.447319121,0.956056146,0.075120022,-0.944795309,-0.418419474,-0.131333672,-1.380787283,0.670877993,0.965470829,0.117413774,0.940548313,2.650008576,-1.878393335,0.051906307,-1.343117667,1.560717087,0.24630912,-0.698095279,-0.260357434,1.336299766,0.452284684,0.578920075,1.488079396,0.954371547,1.124007567,-0.126335805,-2.253884527,0.103563461,-0.66445822,0.788584919,-1.770318479,0.828235288,0.188540853,0.353797869,0.618761305,-0.028464321,-0.33298885,1.134977215,0.593159566,0.688840536,-0.082524622,0.109530562,-0.013240229,-1.744157814,-1.381125047,-0.123183378,-1.877424453,-0.110138824,-0.894259623,-0.075976727,0.170003598,-1.858218467,0.3250767,-0.44954358,-2.322805653,-0.460880392,0.379671987,-0.405680878,-0.46665149,0.153865654,-0.479242827,-0.267152135,-1.326460956,-0.518284291,1.884079318,0.17841536,0.269124286,-0.642672855,-0.394687149,-0.228484946,0.874197875,1.198848071,-0.45435038,-0.023418631,-0.235033265,0.762363731,0.468586717,-0.089953498,1.009646109,0.518113583,-0.771124757,0.008212177,-0.176520022,-0.987874195,-0.225309681,1.139087534,1.094912319,0.913249686,0.779143806,0.20798328,-0.601362679,0.563757359,-1.646326952,-0.671881984,1.104756382,-0.492096223,0.639976094,1
-2.4716445,-0.796895255,-0.267957625,-0.182813286,1.945202998,-0.823976854,1.294409023,0.592526479,-1.978985223,-0.371090724,0.436605991,0.035571828,0.038260064,-0.607164742,-0.712872493,-0.308406724,1.961309388,-0.907675571,-0.48220568,0.028846469,-1.46315366,0.431948223,-1.288004625,-1.087242212,-1.135254185,-1.640581039,1.268327953,0.521588764,0.922387232,0.831263034,-0.168110194,-0.029520861,1.013712574,1.638429109,-1.258090641,2.519963551,-1.315651198,-0.461955049,0.074068292,0.165904714,1.963832087,1.011907066,0.412834891,1.035493309,0.34575227,-0.675415105,0.485638468,0.067553259,-0.842855798,1.26279024,-0.054455543,-1.120500671,-0.96265513,0.534996035,1.04943229,0.481652284,0.486231418,-0.810323435,0.09288455,-0.33011031,-0.19496618,-0.111792257,-0.659935743,0.751666563,-1.009115937,-1.298627952,-0.785202711,0.883395106,0.339158563,-1.783241904,0.597273687,-0.04850808,-0.41738267,-0.241980023,-1.333628941,0.1732408,-1.267551506,-0.350006031,-0.348710379,0.769909425,0.039744249,0.705991041,-1.195742597,-0.107800149,0.530316445,1.24229914,-1.139185488,-0.840951336,0.50528698,1.611593297,0.285879816,-1.109960718,-1.09044417,0.13484522,0.357576628,-0.221273597,-1.079070693,1.101415234,-0.348719814,0.526965168,-1.773167938,1.201154406,-0.684810155,1.344684375,0.612737524,-1.428739963,0.245526746,1.656532746,-0.59791735,1.658325543,0.385733544,1.340357754,0.159485764,-0.123975924,1.837162833,0.721401909,-0.235322033,0.423886918,-0.56484545,0.107883907,1.195621819,-0.16185364,-0.874521114,-0.966882668,0.07361809,-0.807553112,-1.432741054,-1.198588228,1.175099704,-0.142372403,0.057763827,-0.966609204,-0.581494047,-0.613754643,-0.276769137,-1.658398834,1.089674966,-0.016425144,0.202086085,0.914338384,0.837742547,-0.575080926,0.604467425,0.594178838,0.315980932,1.061120678,0.799532161,0.727369613,1.365281123,0.028659457,0
0.331263431,0.975545127,-1.496158813,-0.918212167,1.322744467,-0.169122686,0.079573535,0.758824416,0.696322862,0.278799812,-0.208668371,-0.312668446,0.857898825,0.553569531,-0.257300001,1.082112313,-0.129034115,-0.851662174,-0.758970699,-0.978740836,-0.272410017,1.233724278,-0.805095181,0.188475761,-0.656689346,-0.260309041,-1.510041212,-0.220538229,-0.19370538,0.540287944,0.223280913,-1.198392125,1.084198244,0.21030304,0.198393517,-0.009182353,-0.517757447,0.21780234,0.475588436,-1.746895691,-0.538760837,-0.25494697,0.256170606,1.193311006,-0.771740815,-0.497961847,-0.512534111,-0.80152759,-0.347186495,0.77080222,-1.053835495,0.427814395,-1.70190223,-0.561337996,-0.3294893,1.674859673,-0.274802305,-2.201243473,-1.998888907,0.034029586,0.613770856,0.375455858,0.167570106,1.162259598,-0.539591221,0.894910556,-1.632014885,-0.904947833,-1.807041395,-0.274845301,-0.046261217,0.114101492,0.061883353,-0.927553331,-0.190240844,-1.497446669,1.363228975,-0.303626073,-0.488886119,1.588940328,-1.242246534,-1.125587114,-1.096220325,-0.067871382,0.43163163,0.739675468,2.571995317,-2.249432454,0.608735589,-0.557130573,-0.586415149,-0.619772128,-0.908769671,1.684524835,0.842297327,0.023195979,1.351015752,-1.512528965,-1.330705131,-2.177967732,-0.69941454,0.161698527,0.102858578,0.149341911,-1.411056831,0.803154743,0.239627518,0.733054281,-1.892762178,0.311490859,-1.18776524,-0.397323253,0.534364899,0.091093606,-0.85153998,0.006273156,-1.531535315,1.150267396,-0.205284019,1.118549944,-0.526531687,-0.523575988,-0.764186787,0.876173932,-0.709431157,0.644595432,-0.382452398,-1.9759633,-0.570314068,-1.179108214,0.033902724,-1.190407736,0.925975101,-0.09107586,-0.177595995,0.655892138,0.963906934,-0.020098752,-0.7712003,-1.773969616,-0.686049757,-0.617212247,0.107057453,-0.345146881,0.687932972,-0.612983271,-0.057041167,1.183987443,0.341825214,-0.060037542,2
,,,,0.259095203,1.573690172,-0.573178676,-0.791544213,1.784553727,0.62743525,2.38043916,0.160802743,0.226637193,1.444829511,-0.148628163,0.247196018,-2.421298737,1.737703823,0.390874148,-0.1073761,0.907345008,-1.181461087,-0.551378558,0.553335573,0.044026161,0.446631532,0.249303784,0.630543216,-1.320802362,1.278144802,-0.483886254,0.057732463,-0.600775776,-0.287405221,0.229093936,0.735168714,0.901231086,0.432511286,-0.595795111,0.369446448,0.240289347,0.059065115,0.534223306,-1.27575757,-2.02691993,1.189999221,-0.13137379,0.415928509,-0.867565667,1.262224212,0.350079217,-0.179517597,0.285791716,-1.741700606,0.373128997,1.486827198,0.315279282,0.18614301,-0.317031236,1.082761615,1.231009311,-0.431944035,0.358646858,0.232214436,0.401771172,-0.772725306,1.142776425,0.565218448,1.202405357,-1.115343871,-1.056586574,2.059394989,1.14712929,-0.815087653,0.868152611,-0.465814222,-1.698709526,-2.100250564,-0.021988836,1.560801157,1.521388096,1.260144955,0.830011107,0.31736466,1.151964089,-2.010886353,0.989787919,-1.121005159,-0.912723052,0.69585216,0.928730687,-0.609708426,0.646192961,0.562931935,-0.310647269,0.15385086,2.080884048,-0.281568028,-0.24709199,0.150007143,-0.182953396,0.790502398,1.469243959,-0.246668739,-0.856785144,1.974907943,0.119809476,-1.704527742,1.862274128,1.126187666,1.601342523,1.434247524,2.644988062,-1.036936702,-0.795648075,-0.49226368,-0.520846206,0.122951182,-0.489898704,-1.189550602,-0.874437523,-0.293753085,1.144300451,-0.575310193,0.809967819,-1.321278924,-3.19889768,-0.133175097,-0.610008731,-0.881737197,-0.998850271,-0.707515147,-0.987349932,-0.896736048,-1.358847352,-2.129400631,-2.209407488,2.461089132,-0.063246791,1.524542446,-0.177591129,-0.144276558,0.306670624,0.640070648,-1.246669453,-0.379774847,0.304781761,-1.933525739,1.297338321,1.062757418,2
2.298898124,-0.36283856,-0.706666274,-1.573199012,0.35795386,-1.803985812,2.149164574,-0.354162108,-0.077768569,-0.310034238,0.140773572,0.340185466,-0.839878245,-2.554113303,-1.10077731,-0.485250173,0.280222717,0.183556043,0.75322538,-1.642920321,-0.892757167,-0.440954769,1.524113876,2.720512727,-1.348449144,1.091623244,0.086892495,0.556182788,-1.324395973,1.355052269,-2.221095376,-1.314701091,-0.269784167,-0.593238109,0.025826892,-0.684703298,-0.356640346,-0.184402797,-0.22334226,0.148582345,0.896084163,-0.753571288,1.347695645,0.049178863,1.261042464,-0.3425078,-0.866239155,0.080231037,2.563901969,-1.365159365,0.677324463,0.177453084,0.404002842,-1.205754902,0.457133996,0.295439278,-1.483561755,0.13124706,-0.242964639,-0.353846056,-0.04563243,1.087673203,0.458143487,-1.043393818,0.497107674,-0.044309177,-0.616245951,-1.239688,0.806994189,-0.570490187,0.908072541,-1.07653078,1.994772216,2.633729827,0.542288231,1.296428323,-0.453399152,-0.55229723,1.194063008,0.151402969,-1.372029175,0.077287387,-1.221872524,-0.185156413,1.048825603,1.459414038,0.276275282,1.338032191,-0.459941209,1.70069281,-0.72294785,-0.809199336,-0.460893525,-0.747442669,0.517420005,1.252259483,0.015508358,0.311299959,-1.382435324,0.096262815,1.770738889,1.41269233,-1.094775965,-0.438144403,3.406534084,0.418100431,1.515306955,1.593773692,-1.115736681,0.72387862,0.187287568,1.741668663,1.962153988,-0.831772595,3.441519596,0.169030851,0.632296139,-2.652246366,1.008309212,-2.154147212,-0.143926905,-0.552888106,0.466123976,0.179325948,0.58693986,1.245932497,-1.003966488,-0.204405842,-0.845435766,-0.920707217,1.93268967,-1.268923087,-0.822093067,2.194261545,-0.12683587,-0.064448466,0.400522223,-1.204935303,-0.922069603,-0.616617835,1.042221694,0.671566562,-0.630246377,-0.13351011,0.779438593,-2.384855483,0.302248265,0.757952819,-0.91843372,0.650125637,2
-0.676922,0.611676289,-0.561842099,0.479360953,-2.624817056,2.549009709,0.531026095,0.148876804,1.181567716,2.343654053,0.870746645,0.948813096,0.130690024,-0.141525753,-0.475795444,-0.826111992,-0.6870141,-1.350555964,-0.075871451,-1.684667577,0.190916524,-0.036330608,0.146935298,-0.52213157,3.07686037,1.3601159,-1.2445425,0.232868087,-0.608006143,-1.014479727,-1.340072071,0.432216691,-0.681380235,0.967826024,0.993782215,1.373914385,-0.852386766,0.475365611,0.632454217,-0.474178175,-0.771771957,1.609520666,0.227495876,0.635967751,-0.822076012,-1.219284467,-0.569449774,-0.124021387,-1.064220007,-0.009844809,-1.688505188,-1.120047422,0.670911248,0.60379052,-0.391876765,-1.017764309,-1.027403552,-0.373268246,0.644518492,0.928245691,-0.496531735,-1.153492426,0.267843638,-0.823534971,-0.518252639,1.32527609,0.827115429,0.157974312,-1.271919001,0.211396567,1.062657291,-0.375633666,1.35111409,1.29274529,1.663732832,0.305243127,0.5873917,1.414187288,0.447393937,-0.501234108,-0.448542837,0.238554954,-1.290561422,-0.143258915,1.096547118,-2.191253851,1.534482102,1.122374219,-0.459764616,0.543390828,0.003147727,1.229990368,0.982683143,-1.400070723,0.587262413,-0.205627854,0.082832571,-0.728171901,1.748137069,1.04006182,-0.739771164,-1.334610607,-0.385672631,0.434502646,0.240205844,1.253132825,0.789919722,0.969569026,0.326855401,-1.38929873,-0.195698531,1.06008974,-0.051522929,0.503090369,-0.318748315,-1.029811849,-0.123344064,0.309047443,-0.655687719,-0.235711245,-0.939463242,1.119244918,-0.294455758,1.452755545,1.528747851,-0.081045965,-1.008448733,-2.085897878,-1.472037073,-1.373834825,1.378469627,0.115824587,0.389604524,-2.220421009,-1.197966429,0.887079776,0.286774112,-0.147205279,0.564842359,1.635797806,-0.221042464,0.069369803,0.192596919,2.392109635,-2.099356264,0.683223015,-0.114802249,0.566771726,-0.657372554,-0.048965031,0
-1.724917833,-0.562287529,0.392415967,-0.508963626,-0.025574312,-1.769075905,-0.694713131,-0.409282438,-0.524088398,0.152354872,-0.822419932,1.121030667,0.000207065,-0.009300321,-0.327894717,0.155190684,0.825098265,-0.867130216,-0.658116489,-0.303726029,-1.345870923,-0.81925786,-0.476220874,0.874389181,0.262561329,0.193589911,0.850897962,-0.137371788,0.39046485,-0.103221753,0.265362349,-0.582758658,-2.438817158,-0.134279162,1.422748136,0.926215402,0.965397485,1.236130722,0.088657591,0.197315707,-0.617651895,-0.316072856,0.61577115,1.203884437,-0.139446276,-0.450189265,0.000527959,0.601206749,-1.443854816,-2.296180953,-0.550536849,-1.220712426,-0.508140198,-0.147780319,-0.453248409,1.452467534,0.326744765,0.30047436,0.622207144,-1.138833118,1.039111787,-0.075764287,0.670480617,-1.071857233,-1.553758766,0.817889658,0.376409526,-0.902051554,-0.869663081,1.125434784,-1.189411893,1.642672953,-0.900620735,0.638391926,-0.328618476,0.603187431,-0.544114002,-0.162792906,0.040919175,-1.002187456,0.740824345,-0.513213566,-0.228599915,-0.994349375,-2.562333659,-0.191027763,2.412615422,0.784604288,-0.01926038,-0.262890829,0.022465893,0.547119115,-1.180812815,1.114321695,0.715381315,0.718185726,0.438475739,0.019616658,0.672861236,0.591814134,-0.354040711,-0.573601773,0.101856295,1.549020151,-1.239107076,-1.467525266,0.164760841,0.050887702,0.173341664,0.243953198,-0.223202255,1.489863439,-1.600903978,-0.828497025,-0.10325476,-1.643188811,-0.175854404,1.661470166,0.020886488,0.230700906,-1.260164765,-0.616361408,-0.37519638,-0.317715097,1.281643795,0.557691061,-1.111457957,0.246504778,0.498221748,1.140149039,1.580540687,-1.015094192,-0.810857511,-1.257577859,-0.234019859,0.466358374,0.987334517,-0.075951024,-0.319847523,0.151757992,-0.835142902,2.089538722,-1.607661027,0.184740579,2.023606219,0.006799845,-0.190039035,-0.357445423,-0.180391682,1.372848475,0
-0.108760148,0.401711722,0.114849458,1.659897101,2.764448998,0.463096366,0.535554139,0.725708367,0.023792846,1.163853902,1.008045293,0.354376447,-0.318019906,-1.520696387,0.732413548,0.212858315,-0.737767731,-1.129920265,0.661432849,-1.601236322,0.299641187,0.843550409,0.549892886,-0.390739774,-1.249374484,0.58701924,1.200523092,-0.572733355,0.5069082,1.581515119,0.338847096,-0.396880145,1.04085354,-0.737560974,-1.298192015,0.812321191,-0.406162263,-0.316521014,-0.626940636,-0.472817396,1.403033428,1.662498766,1.794978636,1.090120621,0.46627126,-1.432285592,-0.187524703,2.156754489,-0.435621579,1.514144475,0.055035819,-2.678142386,0.640485564,1.266254696,-0.048995969,1.233051004,-1.667827514,-1.385564264,0.204864308,0.477114728,1.356578869,0.638924467,-1.193629089,0.213045622,0.600727445,-1.874233999,-0.04363347,-0.335582544,-0.654693074,0.498777052,-1.149681527,0.416879512,0.559491129,1.08376331,-1.123419263,-1.505234218,0.278903607,-0.286271234,2.902650262,0.458498476,0.058161712,-0.172827956,-1.218061845,0.563881553,-0.079145026,-0.078313683,0.094443325,0.22121253,-1.739255646,0.837023006,-0.846444375,-0.138032197,1.285904921,1.779448592,-1.700494439,0.030244828,0.272913185,-1.507530026,0.802591364,0.116262677,0.194159596,-0.917552918,0.412886643,0.838223956,0.127297884,-0.513935901,-0.436069318,0.220395707,0.048797378,0.904822119,-0.480258288,-1.218380603,0.359386077,-0.477529853,0.783681949,0.00753863,0.654813204,-1.014317047,0.143386263,-0.699263207,-1.220373653,-0.861107878,-0.544477092,1.244694527,-0.570940399,-1.27154025,0.131477422,0.029180661,-0.492053012,-0.161223466,0.976227086,0.670705765,0.584230207,-1.183678785,2.886548062,1.05125221,0.517028563,-1.164311774,0.947730113,-0.50112851,-0.194270805,-1.680779276,-1.241483086,0.438546499,1.006234675,0.68490442,0.650818997,-0.064766457,-0.406707015,0.288895144,0
1.846636996,-1.070084766,-1.385677493,-1.354333536,-0.405050457,-1.583107463,2.190214725,0.933488159,0.719798864,-0.885121833,-0.848260894,-1.416163986,1.838395569,1.34339049,0.6723212,-0.121053945,-0.388217087,0.505914719,1.597735471,0.642826282,-1.112899999,-0.766371855,0.467978331,-0.863673589,-0.470945842,1.51045278,-0.314128962,-1.575603984,2.88574907,1.087667581,-0.063654851,-0.007264117,-2.126552414,-0.392959887,-0.744143939,0.09774309,1.627681432,0.44011321,2.030304922,-1.396174512,-1.5422022,1.242047923,0.104036443,0.467307741,-0.026907884,0.195169527,0.687917744,0.252787133,-0.571325602,2.330199087,0.09433666,-0.199468367,-0.345485195,0.340883357,-0.242569816,-2.029133717,-0.254140433,-1.083209552,0.267497523,-0.030068589,-0.663800345,0.941049321,-0.070580886,-0.376903624,-0.362106019,-0.38446708,0.506856642,-0.779419174,0.070295289,-0.504043212,-0.643050087,0.472607364,-0.935056142,0.520798369,0.309666682,1.327321642,-1.758960179,1.019042013,-0.302527945,-1.787649729,-0.659016612,0.511898121,-0.085921802,1.347798146,-0.338338177,-0.033445972,-0.184910982,-1.02150743,-0.028712858,-0.219187402,0.087605615,0.059323313,0.00169848,0.096467039,1.099530571,-0.977714466,-0.723876135,1.416831721,1.270664655,0.258994825,2.024144328,0.488778973,1.873901636,1.4597439,1.627537067,-1.148523955,0.668223814,-0.08325364,-1.338234286,1.336111739,1.194332209,-0.145270994,-0.61772954,0.058024435,-1.814498537,-1.347206257,-0.29953836,0.61556858,-0.185370435,-0.555818376,-0.827848165,2.438548793,-1.073904164,-1.827873,-0.575684208,0.517853657,0.108159039,-0.75095644,0.192313583,1.109031126,0.204058178,0.153867493,0.157196842,-0.74581488,0.449426973,1.041871369,1.352230383,0.429683409,0.014694195,1.876731282,0.12033498,-0.484119799,-0.689095616,-0.803736251,-0.503289478,1.926502045,-0.756699351,1.526762822,-0.205365926,1.041959893,1
-0.772825215,-0.236818607,-0.845230105,0.150867629,0.185877884,0.636180489,0.257581749,-1.30073507,1.447004618,1.271918303,-1.25819729,0.332705294,-0.595424385,0.138863989,1.05331028,2.130104266,0.751277705,0.294934735,-0.339821168,0.182134871,1.359771893,-0.044708757,-0.886112651,-1.619689866,0.513047867,0.247288126,-0.645908173,1.026014126,-0.421776864,-0.134644092,-0.016664133,-0.350952742,0.235865066,1.151515146,-1.142481898,0.488520138,0.17215867,0.15376383,0.87184457,0.049297425,0.480229262,0.71586463,-0.5043652,0.299183461,-0.250787607,-0.13268178,-0.322061396,0.471080404,0.081644709,0.394544034,-0.017517363,-1.604121012,0.031368416,0.063537955,0.242595937,-0.593729194,-1.195469717,0.624606645,-0.273606557,0.171244048,-0.28146008,-0.006061826,-0.449285348,-0.968083589,0.473731661,-0.603120088,0.163951481,0.410460222,-0.586812716,-1.203885634,2.426085614,-0.527771876,0.623417159,1.93946355,0.789907747,-0.300442809,-0.067116388,-0.83260722,0.881696427,0.566270708,-0.514425818,-1.042174807,-1.321233738,0.986514004,0.120373129,0.214984536,-0.822948626,-1.463503103,0.962613575,0.042039037,0.90723466,-0.385933127,-0.236817843,0.713298177,0.73234808,0.797565623,-0.295201253,0.614547238,1.109099465,-0.104772012,-0.513488364,1.342747603,-0.654445734,0.629476497,-0.058422311,-1.841565616,1.128594067,-2.75785363,-1.984128067,0.527330079,0.527071199,-0.637579858,0.14782209,-2.531430046,0.706975464,0.249725487,-0.045642853,0.020841482,0.493254176,-0.028901523,-1.874055503,2.196332235,1.200800819,-1.284944662,-0.34513723,-0.23603419,1.078849567,-2.159268935,-0.499008264,-1.760636443,-0.285095516,-0.472500893,0.079694067,-0.604874399,-0.751023391,0.619656692,0.454672741,0.551398343,-0.17690009,-0.571738582,-0.118852482,0.50116207,-2.176779701,0.39411193,0.309138187,0.062150906,-0.149313422,-2.566119386,-0.439853263,1.789438711,0
-2.619745104,0.821902504,1.037181406,-0.910486704,-0.244028352,0.294719253,0.693217602,-2.027677272,-0.886040247,-0.33257938,0.703140197,2.498430484,-0.228005727,-1.406977462,0.402268077,1.32099579,0.108014121,-0.906648545,0.957993941,0.663545618,-1.026080844,0.381425618,0.997265568,1.181890043,-0.066448975,-0.358079446,1.227273822,-1.210160503,0.438579291,-1.370026627,1.065376272,-0.258045516,1.268583236,0.491412756,-1.22322023,1.424627732,1.551245266,0.882286493,-0.761587865,-0.306013954,0.145427217,-0.703710399,1.692346572,0.144326472,-2.703348047,0.339355813,-0.348157397,-0.074926556,-0.368619366,0.807046417,1.119687779,0.283053162,-0.339311187,-0.041337205,0.019599617,-0.80243004,0.578928649,0.460042324,1.54044124,1.25534978,-0.685674918,0.820298375,-0.950953383,0.695932101,-0.516614199,-1.023253223,0.280045343,-2.674567128,-1.750975574,-0.177491884,0.082441767,-0.36931877,-1.579436299,-0.817891842,0.391209327,0.581781771,-0.016223118,1.156833781,0.397397023,-0.747455654,-0.280502053,-1.402866157,-0.10813899,1.112100619,0.685290085,1.402009326,-0.302885244,1.346099795,-0.193304226,1.471585083,-0.021856747,0.707231374,1.475112364,-0.193427629,0.218388988,1.288863425,-0.133003164,-1.320892283,2.143007055,-0.469764464,0.158756051,1.156006669,-0.608493904,-1.007867913,0.253737297,-1.793076398,-0.287906077,0.245038664,-0.269951897,-1.543450943,1.594177956,0.103538154,1.431152118,-0.26003625,-0.880011982,0.26918092,-0.215787126,-1.177761458,1.469784259,-0.622270223,-1.840266385,1.328166054,-0.504298016,-0.607823893,-1.765387587,1.740941487,-1.289480587,0.058449481,0.912620323,0.421716933,-0.059654312,-1.701665858,-0.809724836,0.187800338,-0.78717407,0.20335946,0.681743409,0.962502886,-1.226179358,2.196646055,0.767479345,-0.001714154,1.089536583,2.365407772,-1.438720101,-0.225262642,-2.37843166,0.192651533,0.365394242,-0.039162115,0
1.305478807,0.021003842,0.211970936,-1.214556642,-1.947823733,1.881801833,-1.222479225,0.527696503,1.510692932,0.147597569,-0.600436676,-1.426049042,-1.440010536,0.376694849,1.450976323,-0.395459097,-0.555720462,0.697481091,-0.685947254,0.274482908,0.04180145,-0.409468059,-0.015538159,1.763152115,0.604532944,1.092500804,-0.918694361,1.095936148,0.639020475,-1.499596097,0.539790733,-0.513274137,-1.545803676,0.129775732,0.539042591,0.151608069,-0.109138585,-0.330585338,2.466588009,-1.182569389,0.872921982,0.015422971,-0.854466506,-0.048399051,-1.392932638,-0.595490407,-0.046934326,-1.551117059,0.506382538,-0.963761041,-1.451720958,-1.080417736,2.175954162,-1.978064142,0.436123089,-0.751636271,-0.350128172,0.603930929,0.554818715,-0.680696419,-1.357824007,0.622140974,0.552377193,-0.284969509,0.441944384,-0.445829481,-0.827037565,0.003962181,0.519032741,0.30925027,0.50916268,-0.760578873,1.581881125,-0.342380855,-0.118915651,-1.318655909,-0.193855156,0.532237737,0.762510613,1.561940737,0.520234896,0.276913196,-0.446295112,-0.661740408,0.970248515,0.951070352,-1.077012701,0.723095887,0.650383691,-1.113808885,0.540456805,-1.049546459,-2.429292968,-0.160102414,0.257814705,-0.115070805,2.867106817,0.378851229,0.147141819,0.429591303,-0.441319004,0.929479062,0.361001946,0.315171704,-0.624120223,-1.564330326,-0.501386089,0.282633856,-0.44469948,0.291727167,-0.232361877,0.430579485,-0.976824126,0.192890012,-0.640954146,-1.538282942,-0.165154123,1.536317574,-1.458576408,0.11939225,0.797577063,2.300030685,-0.492932982,-0.632000605,-1.166692196,1.140516335,-0.867414329,-0.370596432,-1.848937877,0.883971843,1.158258281,0.845775064,-1.605325281,0.607151041,-1.672670385,0.058040302,0.20507758,0.310183218,0.534636533,-0.008033604,-1.962429513,0.535121009,0.097608141,-0.902619791,-1.569397421,1.540022186,1.231300538,0.705957407,-0.676299911,-2.516995552,2
-0.452306319,-2.423879327,1.797561913,-0.839399266,-0.2833022,0.474793203,-0.895710324,0.446606572,0.004401556,1.135169543,-0.417932814,-0.638663037,1.918958807,0.851493833,1.086320168,0.835552347,-0.673980422,-0.959724981,-0.949107803,-0.575433349,1.200187673,-0.025677032,0.93989715,0.823251519,1.602354432,0.801456142,0.212928273,-1.298762707,1.941278643,1.064720262,0.424192964,0.212535791,-1.780497547,0.421923437,-0.530233466,-1.639902393,-0.484211369,0.240999613,0.373478254,-1.178330235,-1.362084853,-0.302834444,0.570741982,-0.79293538,-0.444431884,0.188255698,-0.820478162,-2.006628598,0.310730883,-1.746705674,0.330156824,-0.220997241,-0.228769014,-1.102910879,-0.331986796,-0.878640469,2.84789409,-0.80386917,1.038532562,-0.565204769,0.243120073,0.007610794,-0.165393849,-0.196762133,0.247495295,1.376427385,-1.131236566,-1.768239927,-0.830423255,0.127880982,-0.29582725,1.542011185,1.419770665,-0.454659051,1.54491859,0.420603814,-0.72881192,-0.119746659,-0.193127388,-0.73599147,-0.63394909,0.451400611,-0.399874019,-0.282777059,-0.207210484,-0.16815503,0.920685074,-0.826449935,0.230388299,-1.513063789,-0.521705871,-1.307466654,1.617966955,0.133891036,-0.425819842,-1.736874083,-1.339384918,0.851629838,0.354668011,-1.44096274,-1.436332774,1.848002009,1.355269472,0.295348687,0.116052864,-0.168041311,-1.257496337,0.86037161,-0.19549333,0.730300778,-0.404217467,0.363010027,-0.480254362,0.069514878,0.797432823,-0.535243515,2.019593069,-0.577967603,0.1364477,1.382081708,1.450280094,0.467333663,0.268873736,0.069005124,1.356358727,0.957271079,1.089600573,1.634472222,0.457971805,-0.406967416,0.351279984,0.056112714,-0.18906904,-0.404301609,0.547695933,0.637581562,-0.69601117,0.315990311,1.623263771,-0.746517763,1.368990755,-0.874519048,0.361319782,-1.781009454,0.639792936,-0.220802766,-1.744811853,-0.471192503,1.766192288,0.569930254,1
-2.025142587,0.186454315,1.447857766,-0.279105856,0.078115692,-0.426786471,0.705548565,0.155525038,-1.003433811,-0.968824114,-1.998605567,-0.831321409,0.793945804,1.323760538,0.685558363,0.554632201,-0.12652605,0.774914555,0.286278223,1.804448972,-0.098445314,1.343008084,0.874114082,0.735443286,-2.011491325,0.929189562,-0.127507979,-0.443926494,-1.482913041,-0.005587134,0.033551597,-1.303001922,-1.473280173,0.48661948,0.871705131,0.19028291,1.15083465,-0.086384984,-0.054351274,-0.917028029,-1.560241978,1.854662134,1.13129905,-1.392512567,0.155751908,-0.100046311,-0.273992473,-0.409017848,0.381269147,0.818175525,0.402391169,-0.120518374,-0.157226717,0.936814317,0.463444938,0.072689463,-0.035901298,0.34527051,-0.468348689,0.821538817,-1.075858562,-0.41145651,0.611106095,-1.132882813,-1.573008543,0.063077675,-1.696458154,-1.298803554,0.756594119,-0.204785258,1.28548695,-1.204814341,-0.093952366,0.399584553,-1.17051493,1.031761904,0.510678883,-1.609287087,-0.037741796,0.385956736,-0.590056674,-1.479864906,0.278458789,2.21124295,-0.386984099,1.569241181,-0.752288822,0.215545635,0.771522531,-0.008413666,-0.297735649,0.726127521,1.891455115,0.300586925,-0.516060177,-0.189751557,2.519707646,0.134907116,-0.594413699,-1.145067916,-1.825901094,0.363584274,0.654641993,-0.39669618,-0.014970418,-1.170461709,0.132928465,0.481495321,-0.535164267,1.69045267,-0.837106327,0.283476604,0.84831722,-0.0772895,-0.188476819,-1.42886615,1.357341496,-0.169893202,0.537365425,0.672720488,-0.628298492,-0.197528604,1.334482351,-1.117197666,2.127918075,-0.744872785,-1.179517457,0.132309021,2.208348264,-1.910965936,-0.141015718,0.476265017,0.033649959,0.38192167,-0.718033082,-0.599721846,-0.148422647,-1.129888088,-0.044686401,-0.388745294,-0.470045185,0.320506413,-1.820659493,-0.229090103,2.317353766,-1.086109686,1.285500496,0.054656121,-0.602957809,-1.32064166,0
-0.715303709,0.679597749,1.081580728,1.589446936,-2.528004589,-0.834194094,-0.303086077,0.460327818,-1.650354504,-0.982092407,0.130357203,0.084888242,0.377618406,0.443675727,0.338594433,0.193655317,0.055739773,0.66476309,-2.239322667,1.544333487,-2.204482051,-1.079161817,-0.226760797,0.672612891,-2.995266891,-0.028124324,0.792395039,0.994518116,-0.697329658,-0.300835287,-0.616148129,-0.392674654,-1.031826551,-0.889252162,0.434376922,0.131615373,0.491586508,0.21401439,0.704338601,0.878213998,-1.74171662,-0.85430965,-0.231375957,-0.022677525,-0.670090574,0.912023671,1.979948368,0.186161956,0.084341032,0.849456255,-1.865839755,0.02846894,0.979035825,-0.643153997,-1.22656058,-0.18580561,-0.060685433,-0.908652282,2.096161276,-0.478696381,-1.153659351,-0.093621319,0.907860638,0.017414249,0.48559392,-0.871510594,1.487688446,0.561711028,1.047701569,0.365160632,0.824884038,-0.87305256,-0.491410417,1.346480596,1.559741947,-1.1470656,0.249736068,-0.4309438,-0.697031469,0.284839695,1.140962932,0.451662473,-0.31951245,0.51486118,-0.359976174,0.412114301,1.3964657,-2.077159659,0.797252299,-1.539054922,1.228327711,-0.63702561,-1.217671378,0.695269227,0.364170063,-0.999186903,-1.252999757,-0.187481487,-1.20408695,-1.061472973,0.11562079,-0.965871634,0.42653929,1.490143596,-0.148555415,0.130151062,2.018096733,-1.187601117,1.191235195,1.070857598,0.854317339,1.291747851,0.280574966,-0.582929496,1.094573291,1.132842212,1.105313901,0.044502082,-0.716194514,0.191362254,0.942230018,1.02435179,-0.429676127,0.315372896,-1.308778304,0.984950103,-0.783308757,0.78525536,-1.149304577,1.031415906,0.32183519,-0.781357696,0.691356381,-0.590361692,0.749555037,-0.274111475,-1.721047126,-0.98241624,-0.430414709,1.368189024,0.901143631,1.623861412,1.653635216,-0.534750805,-0.18848686,-0.411279924,-0.671510605,-1.841494709,-0.014747718,-1.285565594,0
-0.623140526,-0.555477119,0.709955441,0.149056481,0.033049427,-0.495995958,-0.734682902,-0.605728667,0.312703492,-0.206741521,-1.491027142,-0.420507539,-0.212693485,0.509795543,0.292006621,1.755428068,-0.979515035,0.553048836,0.634798863,0.27925822,-0.297114725,-0.683561277,-0.040792943,-1.787917735,-0.923909163,-0.974830181,0.503703517,0.625384454,-1.072277905,-1.307602883,-1.463161336,0.977764651,0.915061606,0.649498399,1.503287457,1.777878736,-0.993390279,-0.394407497,0.780277673,-2.760697274,-0.250725358,0.962673329,-0.348621506,0.731734899,-2.000382608,0.284037432,-0.460887162,-0.225275073,-0.947867442,1.599213264,0.068935692,0.145726635,2.061591625,-0.924881745,0.139913155,-0.681213532,-0.729623177,0.307810409,-0.281855769,1.97821389,1.782258115,-0.162482095,-1.54101997,-0.291164303,1.047519344,-0.886513414,1.604644738,0.581164668,-1.170855745,-0.660103842,-0.518811455,-0.806023693,-1.145460431,-0.575068706,-0.380696784,1.299093835,0.438674259,0.498181282,0.3495986,-0.79611088,1.147109937,-0.434360769,-0.335843196,0.379114925,2.499736871,-0.565373384,-1.629486204,0.28933544,0.683855798,-0.434357763,-0.593749276,-1.27133487,0.337046654,1.944332526,1.712455878,0.300821568,-0.416192998,0.381973936,-0.324881837,-0.640622876,0.162859078,1.277922128,-0.189306654,-0.201079576,-0.264759503,0.792637113,0.852155904,-1.076390646,-0.176585765,1.106257769,-0.334636082,1.392498746,0.686481305,1.756385821,-0.311247058,0.701751323,0.732878125,1.077455681,0.353386982,1.113403033,-0.63078012,-0.055807928,-1.4880524,-0.269746023,-0.85104838,0.331050971,0.986063642,0.564620595,0.780222467,0.095544742,-0.140755007,-1.172982646,-1.924563338,-1.507937833,-0.663101865,0.912378704,-1.228763031,-0.82169345,-0.470425252,1.288210003,-0.038262496,0.134988644,0.410699927,1.39491941,0.083717993,-1.765278753,0.126928924,1.440482305,0.641029666,0.215027785,0
0.310907566,1.475356217,0.668393371,-0.728496734,-0.929847713,0.195205244,0.769853958,0.00318485,1.481484247,0.033137462,-0.000708644,0.670559991,1.219230138,-1.34925526,-1.118011708,-0.313261438,3.158941785,-0.261468563,-0.121782943,0.61835193,0.976928903,0.169785116,1.164347495,-1.193971183,-0.766088425,1.162486951,0.010943115,-1.262450605,-1.322537932,-0.810940805,0.002125542,0.46737957,-0.32906,0.384999189,-0.437066487,1.223920202,2.551840095,-0.392612732,0.479932811,0.398410824,0.138695426,0.653250945,0.478821189,-0.47105357,1.316545773,0.201666247,-0.38480042,2.443202524,-0.116213377,0.254943841,0.175440345,-0.129894611,0.448664705,-0.844999909,0.596543387,-1.758354028,-1.298069751,1.825724547,-1.256180027,-1.959958852,-1.231416169,1.740057269,-1.79186174,-0.955814183,-1.458192484,-0.274129197,-0.436020898,-0.480756507,1.856133799,-1.199075318,-0.10218778,0.338601246,-0.980209262,0.486589981,-0.399810495,0.374309066,-0.107999252,-2.050531226,1.306098713,2.070458315,-0.176754182,-0.897952052,1.506012721,1.890382903,-0.168795412,-0.218680615,-0.079911098,-1.674548889,-0.291125879,1.714941888,-0.168688661,-1.040034528,0.496685619,-0.667198798,-0.066452124,-1.268848781,-1.036624161,0.737659255,0.115866779,-0.776057387,0.11953513,-0.607146709,-0.783760169,1.164034397,0.782877553,-0.02127285,0.144337337,-0.008398017,0.487009259,-0.799501658,0.862504733,0.353565838,-0.263056338,-0.487778032,0.841130942,-0.150486316,-0.698893096,-0.384569767,0.769204649,-1.610553201,-0.355408906,1.07058267,-0.168216772,0.272816732,1.086768965,0.892329653,-0.440058773,-0.130393552,0.904763902,0.939469487,-0.088050125,-0.053545652,0.267683695,1.36690069,1.067566121,0.693386704,-1.078669276,-0.274833407,-0.222286674,1.418485033,-0.238864391,1.253442823,-0.570698671,-0.490883958,0.481454106,1.568146706,-0.211777129,-2.562767862,-1.564183402,0.297961556,2
0.120295632,0.514438834,2.275770048,0.275188417,-0.407036047,0.794851835,-0.785027,-2.102788912,0.354799948,-0.730783834,0.101389778,0.32940079,0.14211617,-1.708995412,0.026280843,0.444601941,-1.400059263,-1.519173559,-1.069024586,0.746764739,-1.998315746,0.829773851,0.392055748,-0.257501951,-1.480629662,-0.796467545,0.781904052,1.256725202,-1.031362818,1.14186351,0.685875233,-0.006837198,-0.73785513,-0.581390021,1.822922616,0.178441814,1.329868342,0.241557983,-0.452697926,0.58409018,2.157835072,-0.64411666,0.913868903,0.190508982,-1.449518016,-1.471873843,-0.451983747,0.347488584,0.87837297,-1.570913054,0.65269752,-0.118380256,0.003313782,0.588611846,1.74610532,0.3036418,-1.356736983,-0.187092513,0.852134023,0.885043397,0.665824374,-0.510031155,-1.367825298,0.589507756,-1.21423686,0.693011016,0.693289359,-0.467692937,-0.11246329,0.198677867,-0.614814673,-1.381680034,-0.039219277,0.06503261,1.361047364,-0.781992072,1.068496174,-1.147069479,-1.3446022,-0.300862445,-0.940909011,-1.358615807,1.944330316,-0.451647636,2.311303587,-0.994733799,-1.708546567,1.291289719,-0.726656632,0.138865798,-1.355633485,-0.038113142,-1.37162607,-0.073907398,-0.473932539,0.23026773,0.625691371,0.241079999,0.451046542,-0.109032675,-0.435318702,0.470118683,-0.111447816,-0.073309782,0.397744965,-1.033215598,1.429611094,-0.249356581,0.124181616,-0.044519448,0.652743154,0.339181671,-0.049923947,1.448754116,-3.203345609,1.24267438,0.920215405,-1.835816633,0.929283218,1.058467446,0.56176349,-1.559087444,0.682652718,1.007196856,-0.572206495,0.441133856,-0.353207896,0.885376991,-0.313506685,-0.580117463,-0.039296543,-1.34165212,-0.138581983,0.362092737,0.869959269,0.248956739,-1.432601637,1.352271138,1.436158506,0.112567255,-0.751941621,-0.531617936,-0.203522398,0.278668456,-0.304485282,-0.858387534,1.023009884,0.257285888,-1.052372022,0.291310456,0
1.665474444,1.014370065,-0.100756844,0.290794672,0.601259845,0.146912359,0.465110208,-0.372082368,-0.571433953,0.774836302,1.450185699,-0.517499548,0.315166974,-1.409074404,1.804715795,1.146025212,-0.583804733,-0.352898938,1.209262955,0.175923347,0.632791679,-0.986205413,0.576912095,-0.148585793,0.298849033,-0.397511643,-0.210974133,0.103877319,-0.585133429,2.268303921,-1.054783362,0.499854254,0.302733032,0.760919073,-2.500556295,-1.686939717,-0.548449982,0.92024468,-0.264033884,-0.304805017,0.015787413,-0.841007307,0.470059265,0.19199239,0.502404984,1.516178672,-0.23017811,0.110175407,-0.985439306,-1.252674062,-0.007415627,0.1029202,0.689401149,0.57535232,0.2543546,1.684873661,-0.31208129,-0.189636847,0.283249035,-1.183904289,0.687948364,0.071445099,0.090222127,0.542799499,0.375907143,0.411039719,-0.389681072,1.56947425,-1.462155075,-0.685580382,-0.552501393,-0.7206763,-1.746599559,1.644055323,0.642501933,-0.631348718,0.697175535,-0.160525161,-0.290998502,-0.960085745,0.017240769,-0.632306804,-0.972184828,0.95559389,-0.822271849,1.404538996,-0.714651989,-1.502961895,0.525054932,-0.446775402,-1.580818464,0.254711247,-1.305909295,-1.989185266,0.677036451,1.488994958,-0.394703577,1.211638508,0.802042672,0.667237025,-0.169704031,-0.596132864,0.344121991,0.648015015,-1.26062663,-0.324291346,-0.189334045,-0.282192981,-0.675106632,-1.33263042,-0.30426177,-0.277722017,-0.472760803,0.649332304,-1.3686204,0.28039321,-1.793730275,-0.066246223,-2.255601328,-0.889857545,-0.021948025,-1.425011774,-1.418536054,0.98189446,-1.595576433,-0.118834866,1.476041055,0.14242195,0.028943436,-0.71354655,-0.710128067,-0.167774732,-1.99655229,1.012722267,0.207570245,-1.74778892,1.026024291,0.679243509,0.439088894,2.236263019,0.096336226,1.530161216,0.025511404,0.452426096,-0.553342623,-1.885322457,-1.826584678,-0.084447089,-0.237256626,-1.179970192,2
0.280991868,-0.62269952,-1.152444468,-0.724221314,-0.380697426,-0.072405147,1.006378275,0.690782326,0.051391969,-0.26064885,-1.773354035,1.291997626,-0.447096598,1.55484024,0.196109292,2.025284209,0.606321533,-1.432019631,-0.61441548,-0.169134961,-0.873782887,-0.377060817,-1.366939159,0.005721281,0.237411949,-1.004109407,1.940254293,0.063513261,-0.816740866,-1.6295393,0.059942889,-0.260488533,0.783040907,-0.143370265,-1.193718782,1.670718296,0.43562488,-0.254108712,0.164638531,0.474041957,-1.428856614,0.15769422,-0.450123473,0.507299986,-0.740181925,-0.604701855,1.662871099,1.230912091,-3.29556118,1.156761982,-0.073652026,-0.708182063,-1.007174736,-0.949117628,-0.679935945,-1.127132584,-1.354599661,-1.040380151,0.323393855,0.050090149,0.555856452,-0.066369839,-1.306679331,0.494440923,-1.004689279,0.646614302,-1.165920003,-0.687476626,-0.361391641,0.674404801,0.175997252,0.020001322,1.885668785,-1.836983161,-1.038377643,-1.081188478,-1.77065231,-0.719519513,0.687769164,-0.591647399,-0.333002972,-1.722554828,-0.796525575,-0.461698716,0.642400423,-1.674916398,-0.455008746,1.08681803,-0.445083286,-2.115561414,1.279175777,0.734896943,0.869397175,-1.743783647,1.512455726,-0.773276085,-0.509438944,-0.702777166,0.946937182,-0.179798353,0.481741033,0.075901023,-0.095042004,-0.946784064,1.812140587,-1.463393629,0.412253974,0.376656592,1.154356286,1.388090032,-0.137388599,0.530394306,1.76487371,-0.065176767,-1.066433475,-0.384468113,-1.304645999,0.371816811,1.064456208,-0.121041492,-1.620960049,1.021650835,-1.776298962,-1.545954778,-0.178338387,0.251785246,0.422247499,-0.066139552,1.760043765,0.065168341,1.034668102,0.786954564,-1.292873732,-0.169730487,2.123320513,-0.504350854,-0.674620524,0.170575581,-0.468519929,-0.79370458,-0.483283394,1.432009671,-0.136618691,-1.328075033,-1.511746538,2.206804932,-0.223334369,0.434578501,-0.771377226,0.320985969,1
0.950423838,-0.576903656,-0.383046678,-1.431097493,0.712310933,-1.153503573,1.485155564,-0.005792889,0.059174195,-1.980631329,0.144862629,-0.080179917,-1.299089035,0.087268339,-0.397923011,-0.216787818,0.025881762,-0.471454213,0.246456627,-0.086555482,0.472768468,-0.528674594,-1.064919753,-0.708868528,1.442656769,0.955966526,1.213379133,1.282713958,-0.466318057,0.295811935,0.075839003,0.659538526,-0.289168245,0.092974157,0.072271478,0.5322624,0.655717221,0.093671032,0.123990784,0.225898021,1.646551421,-1.729997791,-0.969679661,0.673679596,0.269784399,0.26274955,0.667495499,0.213992893,-0.559282478,0.62880914,0.020887163,-0.447577179,0.690360625,0.651033858,0.214766492,1.717119154,1.326826735,1.001857194,2.566365573,-0.146463402,-0.464800329,0.860363099,-0.252634298,0.011927716,-0.985919966,0.606659458,-1.471007246,-0.096438221,-0.015355738,-0.436038842,-1.757214759,-1.764631094,-0.746172407,0.539050329,0.288924861,-0.016435359,-0.884588486,0.341132221,-1.799029278,-2.396549482,-0.243071551,-0.54605138,1.013171298,0.157983778,1.65073531,-0.548215069,0.486772292,-0.252277129,1.381719724,-0.204050447,0.85440678,-1.077618965,-0.415212643,-0.084043412,1.26341754,-2.197186941,-0.332644446,-0.366480126,-2.076973522,-0.464035761,-1.540667131,-2.330663478,-0.262312828,-0.296145121,-0.244953583,0.252858246,-0.879396823,1.790856013,-0.033294008,1.286430463,-1.679899241,-0.83452965,0.686314805,-0.226564276,-1.073179387,-1.838629899,0.733203672,0.651602255,0.243320691,-0.495906191,-1.113090028,-0.05298154,-1.315318604,-0.751584081,1.261250581,-1.850835763,0.677527827,1.494195951,0.816259719,0.398212878,-0.463572846,-0.645888054,-2.248130866,0.03700668,-0.402240449,-0.698034409,-0.020081029,0.06236948,-0.635557297,1.613080783,0.730602779,0.896278558,-0.103302784,0.511235732,-0.895704601,0.66625854,-0.204402607,-1.021983535,-0.022766671,-0.29205403,1
-0.03498849,1.770800636,1.525747437,-1.92993128,-0.113880148,1.132510674,0.763357755,-0.379809986,-0.900019717,1.091001068,-0.521102655,-0.830517901,1.000081054,0.307378461,-0.352020892,0.325217104,0.445132431,-0.053746988,0.153726042,-2.162677553,-0.105600516,-0.639601587,-0.799337843,-0.684678296,-0.496639481,-0.297143098,0.166068667,-0.733529903,0.518086223,0.735864869,0.725607137,0.935134164,-0.568356635,-0.270698584,0.246599916,-0.424948218,-1.158494969,-0.50235981,1.634690917,-0.743162181,-0.793745405,-0.546920853,0.556918687,0.348013411,0.706238335,2.53253177,0.821052427,0.899502377,2.859652896,0.489560507,-0.391888967,-0.302867022,1.056797462,-1.251783465,-1.946592567,-0.821065192,0.819858088,0.592726249,-0.159992589,1.069188587,0.60829571,0.343975026,-0.017270483,0.896351873,0.755309346,-0.273055979,0.813411255,-0.653720109,0.234878982,0.400404338,-0.335020924,0.134106065,0.6080407,-1.082433193,0.183998137,2.214751673,-0.826334641,1.02996965,-0.095647399,1.182991546,-0.723441685,0.006066871,2.210879692,-0.173203438,0.633419797,0.594524955,-2.028538865,0.446228361,-1.237530304,0.63290236,0.117714425,-1.11513742,-1.190452892,-0.072757321,2.481027646,1.623319471,0.359543266,0.515318107,0.601622521,-0.534450276,-0.692621012,0.851069309,-0.601698301,1.440552282,-1.353281843,-0.901581634,1.415663864,-0.286852476,-0.122598333,0.645431822,1.158772259,0.609778516,0.287263656,0.800671344,0.409145367,1.08511509,2.856903287,0.505335487,-0.85984407,1.038746239,-0.146240477,0.337144767,0.366666572,-0.581625746,-0.370806629,-2.30835626,-0.101430185,0.560800421,0.014634462,-0.460023919,0.377105993,-0.942509817,-1.057962981,0.525837084,0.580895323,0.511052275,-0.300528656,1.093593114,-1.12375353,-0.297005054,0.747809508,0.859591952,-0.772383858,2.142596148,-0.130511939,0.087820267,0.978121063,1.551935751,0.061534867,1.173265736,2
0.429618219,0.207687687,0.842823749,-0.261417381,0.410780119,0.421469389,0.733456533,1.466415867,-1.09047929,-1.87631945,-1.05122503,0.472781628,0.41375867,-0.568812692,-0.271772125,-0.834296977,-0.107094244,-0.693727496,1.636808725,1.322838368,0.72378874,0.03124964,1.139198742,0.098738703,0.161176134,-1.727979024,0.260677193,-1.291175411,-0.402829294,0.168965518,-0.898692571,0.478714792,1.051730551,-0.883811018,0.117391618,-1.246461975,-1.166923758,0.31003493,0.713436565,-1.509235703,2.048657805,-0.496876593,0.207401808,-0.534117339,-0.284394485,1.518346583,1.505471294,-1.650441076,-0.563664343,2.950640637,-0.433018592,0.422681287,1.136386527,0.853250965,-2.817555771,0.333964013,1.749308174,0.029397647,-1.041180638,-1.022113692,-0.199068945,0.675221096,2.889636366,-0.289788624,0.561967923,-1.544581829,-1.684955006,-0.49691007,0.445438075,-0.08632582,0.053260297,-0.274491283,-0.027741368,-0.293836776,-1.349641667,-1.491505016,1.359401433,-0.823221963,-0.240545633,1.189949724,-0.269622679,0.877483529,-0.888033348,1.555386892,0.227016808,-0.026843219,-0.164815164,0.765042809,0.236229618,-3.197353275,-0.44803835,0.321978432,-0.96820729,-0.503843985,-0.388009009,1.594976796,0.597811005,0.329044065,-1.165786433,-0.684690311,0.850261243,0.660105955,-1.42052135,1.399406794,-0.86064256,0.358308082,2.733505714,-0.418377935,0.167533545,-0.558790339,0.175253896,1.425126259,-0.194543299,-0.294307104,1.103550145,-1.263230759,0.083118027,-0.727693942,-0.237978203,-0.887346331,-1.428812377,-2.208500063,-0.452723245,0.227948065,0.813239569,-1.335469549,0.152303497,0.55925485,0.360198304,0.257750775,-2.162329136,-0.119594154,-0.082278567,0.545382221,1.387493702,-0.25913153,-0.344954137,0.130530424,0.021781639,0.432464855,0.529080964,-0.176115594,0.499239983,-0.218772968,-1.450449118,-1.156219346,-2.334978929,1.662708272,1.285254762,1.034703423,1
-0.975873253,1.053641797,0.385452699,1.864749285,-0.520420374,0.867465889,0.181367252,-0.589788531,0.895280346,0.778994305,0.580394002,1.748615627,1.835547189,0.053967091,-0.106112534,-1.427376114,1.533203239,-0.073033006,-0.608835315,-0.933421397,-0.940542527,1.758718744,0.898278365,-1.4879893,-1.447555313,0.121865171,-1.016461567,-0.252058028,1.553021917,1.069417297,-1.711379583,-1.011117351,0.245695382,1.129766687,-0.821864629,0.368525959,-0.454917687,1.752063665,0.622415019,-0.193262144,-1.494666637,-1.061454406,-2.525226046,0.272247177,0.666035086,0.716456089,-0.613992212,1.280075154,1.583559743,-0.66536454,1.181511888,0.139858749,-0.526762594,1.2311962,-1.206516741,-1.484941845,-0.396205273,-0.22853486,-1.643303639,0.490664202,-0.780512637,-1.309349529,0.649671711,-0.429409641,1.057568698,0.459240298,-0.197952024,1.097974149,0.420369878,-0.019726619,0.511713865,0.54425803,-1.094391387,2.358188549,0.067643119,0.087644355,-1.757118341,0.128535576,0.171810501,-1.149801494,-1.039562805,-0.89929517,-0.295095589,0.213299178,-0.222982552,0.302753059,0.6752752,0.542888041,0.364101439,0.285686924,0.289190624,-0.146763588,-0.659832078,-0.093166357,0.653152871,0.647484328,0.507869724,-0.475200369,-0.216461788,-0.212644024,-0.607061564,0.893947198,-1.840593145,2.022007774,2.073883952,0.050007276,0.405201412,0.849162777,-0.757937175,0.567602645,1.319059319,-1.802717717,-1.440671618,0.750197902,-0.270081299,-0.38662154,-0.327169963,-1.126971647,-0.410198126,-1.320354761,1.308722352,0.133263222,0.106552757,0.666642982,2.790212952,-1.052491475,-1.842220952,-0.030686586,-1.82672824,-0.338662309,0.874488302,1.527992555,-1.56576358,-0.943272849,0.363459331,0.753961636,0.810805195,1.475116101,0.728598604,-0.119873491,1.061983249,0.069807521,0.274718078,-0.494223316,0.156755293,-1.629628464,1.034729233,-1.009123682,-0.888060392,-2.326539767,0
0.840643549,-0.652623979,0.283447241,0.857214203,-0.164236159,0.921348238,-0.347443619,0.04774919,0.722804438,0.121750956,-0.675839533,-0.901938192,1.065164946,0.496262479,1.387328095,1.14518316,-0.281599285,1.006681229,0.352441787,-0.113563283,2.649977102,2.345981041,0.650441574,-0.849945142,-0.478405035,-0.541918468,0.814274976,0.384036004,-0.312233176,2.06631447,-0.429706327,1.863673374,1.170809001,0.64398764,-0.77889429,1.604270618,1.972986593,0.236176164,1.247743963,0.098210405,1.505018141,-0.948324705,0.989362939,-2.518652615,-1.169839401,-1.059585057,0.013739495,-0.883808726,-0.876191268,-0.179348128,-0.127676221,-1.153125421,-1.34307299,-0.851032912,1.001972626,2.637003634,1.45956138,-0.35717604,0.416295621,-0.001596112,-0.143014851,0.109677322,0.27717209,-1.746198916,-0.619260623,-0.042528565,2.384373666,0.637087466,1.101979032,-0.110260684,1.438995846,0.284275335,0.825747287,0.17516018,0.552049282,-0.475706046,1.829743687,-0.48165764,-0.948724484,0.160340545,1.873124834,-0.6831263,-0.181086359,0.25625254,-1.324013962,-1.375548377,1.125198384,0.075517924,-1.060310758,-0.313639212,-0.559318253,0.00792888,0.19657437,-2.148353259,1.334014761,0.073822272,-0.638364977,0.884330279,-1.034489358,-0.314290959,-1.216553816,0.744388194,1.193565348,0.384083551,-0.189070726,-1.275720539,-0.457378177,0.231773881,-0.574499495,-0.454925914,-1.122170009,-0.743335961,-1.466552539,0.27660152,0.049810245,0.094508184,-0.360608242,-0.590666593,-0.29791474,-0.426304133,0.153190011,1.832982911,-0.189189489,-0.591920701,-0.249268225,-0.492278325,-0.496245107,-0.584353466,0.685000659,0.672110827,0.902369159,1.114083968,-0.364592976,-1.567703095,1.969569416,-2.257507903,-0.341657364,-1.426532734,0.402824422,-0.956867078,1.131614277,0.232466999,1.511411426,0.101578977,1.1592787,-1.085612778,0.985074089,-0.135022289,0.237878458,0.927512928,1
0.576556963,0.311250155,-0.70793164,0.445787849,-1.732852629,-0.516101439,-0.03709897,0.213491832,-0.142431337,-0.693211244,0.920662146,-1.651653564,-0.277923872,-0.517930562,1.0118431,-0.458883094,0.437663557,0.333046796,-1.835118342,-0.065647385,-1.742735822,0.351285218,-0.730321534,1.186669577,-0.1807681,-0.770056302,1.199858866,-0.871890165,0.894695061,0.467528674,-0.365431623,-1.335977806,1.241662542,0.500464057,-0.771948021,0.244605685,1.006161899,0.112018794,0.238398833,1.032003744,1.537262774,-0.119599175,-1.337442865,-1.302576314,-0.690992813,-0.934891526,-1.682468896,1.847825003,0.528099262,-0.523797597,-0.032516842,-1.786399088,1.157321898,-1.949610392,0.510027782,-1.838422155,-0.414008095,1.242688872,-1.633952092,-0.1487089,0.627770676,0.4641695,0.070186,0.495763512,-0.610823956,1.932795855,-1.610617853,1.162070744,0.189494537,0.617109231,0.794546018,0.555628603,-0.811021761,-0.286269689,-1.451589667,-0.298495726,0.322518995,0.607128275,0.391434345,-1.755089741,-0.562173932,-0.662249489,-1.310167933,-0.835933401,0.00127918,1.413788521,-0.953064329,-1.128864435,-0.599472444,0.337466387,1.22370789,-0.086508908,-1.445878746,-1.233082828,0.188281389,0.995254395,1.815741925,-1.182400835,0.139774381,-1.029845037,-0.898626676,-0.983311732,-0.334261165,-0.882279086,2.478846057,-0.459675783,0.987778111,-0.659527675,2.23324053,0.339064981,0.83693173,-0.59107751,0.976440605,0.334889026,-0.378977546,-1.079891436,-0.237543511,-0.323143479,0.869028277,-0.232248866,-1.921543703,0.646180049,1.293166582,-1.666067485,1.804730613,1.396651803,-0.630880665,-1.117159607,1.052977457,-1.36964918,-0.668340578,-1.315129742,0.005907809,1.465185143,0.374916834,1.018074499,-0.351802476,0.097302829,-1.226437765,-0.096885929,-0.74597011,-0.160270298,-0.229012073,-0.314439878,2.107557,1.767544653,1.416142382,1.795058967,1.419302649,-0.022377334,1
1.565524029,-0.065750261,1.269081129,-0.867593349,0.750039749,-2.48301767,-1.299159785,0.383545764,0.689337066,-1.659406884,-0.7946047,0.045074261,-0.095135127,0.54754912,0.913403398,-1.278258222,0.443973252,-0.719618238,0.335552284,-0.46677782,1.076731084,0.586777783,-0.98885453,-1.678643786,1.189414472,-0.705962707,-0.601799394,0.742002456,-1.023261214,0.199131592,0.018451425,-0.081607271,1.195323212,0.466066362,0.979085282,-0.249798263,-0.724081468,1.038887203,-0.570640433,0.123625274,0.423533469,-0.769621753,-0.766481179,-0.271596598,0.744038015,0.346080985,-1.35333361,1.95277885,0.38002487,-0.423660876,-0.152556706,-0.242143041,-0.372147625,1.165749694,2.376434669,-0.512800103,-0.457592011,-0.090164163,-1.376548866,0.527944613,0.18682191,0.149549739,-1.852986649,-2.261943884,-0.367618398,0.661541296,-1.778063434,0.895313445,-0.303342174,-0.828907025,0.083260678,-1.297628472,-2.538305588,1.206307737,-0.048708061,-0.721407687,-0.577911984,-0.774981173,-0.35281269,-0.11241408,0.687562548,-0.695740045,-1.057393695,-0.536051277,2.463982795,0.156769159,0.399677762,-0.254749732,1.733304954,0.859701571,-1.040686165,0.157619685,-0.386943437,0.411168851,0.996539211,-1.223062941,0.358990788,-0.807238619,1.416408896,0.966457976,-1.989891015,-1.126728382,-1.343730308,-0.061560666,0.301437818,0.791449189,-0.245707524,-0.282405977,0.284291839,3.150351506,-1.514811306,-1.87922708,-0.536138476,-0.718693001,-0.737864496,-0.012331535,-1.170274406,-0.595257485,-0.294511604,-0.27113183,-0.141196746,-0.149616921,-0.807450045,-0.255006042,-0.005040177,0.960306891,-1.480830058,0.024477314,0.164772221,0.184368333,0.231307535,-1.313108011,0.160772967,0.105799988,0.547862504,-0.166372298,-0.539646707,1.001217773,-1.218019512,-1.373967622,-1.240573569,0.346262908,-0.722814187,-0.11117936,1.385496969,-1.177351942,-1.701509811,0.829768705,-0.83440969,-1.171701621,2
1.586016816,-1.237815499,-2.419129138,0.081642734,0.362296804,-0.382695141,-0.850723991,0.15916526,-0.942261194,1.872448661,1.516744798,0.657912632,0.089710569,-0.660164087,-0.020787184,1.639297135,0.868654058,0.203692278,0.923974334,0.545610663,0.39627754,0.980563259,0.517027645,0.85855147,0.16138705,-0.254125823,-0.548162879,-0.667309605,-1.605170442,-0.911939947,-0.94085353,-0.507345196,1.562244211,-0.157561956,0.24176689,0.273319645,1.587580913,-0.575585454,-0.22252208,-0.106199372,1.136534856,1.344105694,0.47458382,1.232909374,0.177660996,-0.172603248,1.178724087,0.487617675,-0.735530666,0.997420938,-0.208492631,-0.330823523,0.893004368,-0.088832141,0.388958536,0.661939584,-0.782943079,0.384850565,1.349473105,-0.956467144,0.449908889,-0.829467735,1.021397684,1.011905584,-0.35432234,2.209628652,1.106625309,0.706928985,0.650610896,0.983926909,-0.995642407,0.194607598,0.383190385,-0.400136063,0.464795269,1.2316943,-0.421769088,-0.0544243,-0.820585296,-1.78698901,0.778932181,-0.025733795,0.047579417,-0.986773618,-0.185503529,1.096593789,0.000821337,0.029183758,0.207528278,-1.236382128,0.624920464,-1.255198115,-0.939615581,-1.049214769,-0.175224967,-0.352452704,-0.001225038,-0.90525616,1.00549532,0.834027569,-0.173813513,-0.478366717,-0.579357493,-0.310144995,-1.400245229,-0.959607312,0.860120392,0.301812486,1.634274486,-0.29919515,-0.361513227,-0.407898925,-0.319164483,-0.659954013,0.270988215,0.029104067,-0.509914502,1.251148913,1.896582922,1.166577206,0.558124013,0.761769726,1.856415518,0.760319316,-0.585185853,0.392272527,0.626244266,-0.994717274,-0.284930819,1.100391824,-1.823492735,-1.250428545,-0.176407054,0.353679596,-1.357632445,-0.126789252,1.153768539,0.068651457,0.939088944,-0.592114121,-0.809916857,0.84887383,0.369265535,-1.185596008,-0.800840916,1.564581241,-0.924555219,0.934328747,-0.478186697,-0.003175857,1
1.446977884,0.196554777,0.071012239,1.320887932,0.059753853,0.267228597,0.116223233,-0.219527091,-0.257346758,0.225563637,0.548343533,0.23356761,0.519177241,-1.518128453,0.903986445,-0.742578824,-1.647416742,1.847524306,1.410198591,-0.010483308,1.069629936,-0.331226681,-0.469405294,-0.594323643,-0.639740834,-0.259079045,-0.713949955,-2.848526861,-0.183427121,-0.969202652,0.297270132,-0.239824148,0.634812961,0.013053159,-1.266425631,-1.266135378,-1.240995037,-0.863808462,-0.702707799,0.919341029,0.186282957,-1.861035458,-0.875565459,-0.036643005,-1.004275329,0.081025787,-0.839015489,-0.134159144,-0.569022693,0.112186971,1.440776936,0.892956159,-1.081206526,2.51123642,1.180784962,-0.685908981,-0.866312292,0.340491493,0.704415202,1.767151577,0.508454534,-0.663748585,-0.507359452,0.626613465,-1.340454533,1.494650898,-0.544629233,0.959514596,1.199426284,3.054909192,-0.305280944,-0.277895372,-0.329614518,0.173727791,-0.644569738,1.211921903,1.008161968,-0.256993648,-0.710680655,-0.436188192,-0.469105808,0.493790157,0.193079193,0.821899814,1.487350472,0.298656666,0.593057107,2.456301519,0.570676547,-0.489673604,-0.068324189,-1.665826397,0.545464502,-0.549509751,-0.890774408,-0.865083377,1.14345601,-0.258844437,0.764323527,0.385740328,0.200350463,-0.38323873,0.495741055,-0.425901364,0.156458561,1.106241445,1.317013819,-0.436036673,0.372184691,0.584273279,0.237431543,0.76356328,0.774653234,1.837643034,2.156272249,-0.164828495,1.660299222,0.439094737,-0.177488839,0.607089765,-0.233003129,-0.042679319,-1.096538459,0.080424623,0.932677683,0.720559582,0.363694145,1.736747169,2.13411051,0.498270323,1.597715562,0.349179083,0.087991134,0.960847954,-0.070500462,-2.359644336,-0.258741068,-1.505631129,-0.387896669,-0.545192748,-0.539214526,-1.051586405,-1.198857984,-0.646990888,-0.370995972,-0.298104777,0.25891639,0.706370392,-1.009797302,-0.874659213,2
-0.919424234,1.549934405,-0.035420141,-0.527066118,-1.023659746,-0.285686548,1.625330309,-1.36167503,1.692313019,-0.259721171,0.035371417,-1.086710811,-0.771269417,-0.50290965,-1.045694971,-0.208917957,-0.407015892,1.850781142,-1.165974186,0.102690517,0.247846282,-1.070320549,0.686827495,-0.398327013,-2.492389652,0.659849612,-1.116940884,-1.047774946,0.687902083,-0.347161482,0.917772151,1.210166095,-0.64492846,0.793262496,-0.755460801,2.233115917,-0.692957005,1.026087441,0.843790026,0.316087822,-0.670543161,-0.151397492,-2.153588113,0.224420038,0.349615331,0.133499419,-2.973306171,-1.265636445,-0.748090983,0.291658933,0.289338906,-0.170223792,0.635245537,-1.026242375,0.610235006,0.474742105,0.377554733,-0.182040431,1.830743825,0.493195688,-0.968335863,0.248305476,0.752483377,-0.588108599,1.089272247,0.382033706,-2.342478338,0.299671977,-0.406029154,0.537179815,0.94421484,0.195162047,1.665252234,-0.178706885,0.624817823,0.804942574,-0.097345969,0.778774308,-0.594672987,-0.422568419,-1.31248869,0.241409116,0.325251676,1.179263159,0.791140004,-0.284795557,-1.178179687,0.432850403,1.110753172,0.755184974,1.084477525,-0.211889531,-0.466618968,-0.736901352,-0.055896467,-0.078590796,0.206677629,-0.129297457,-0.13362773,-0.776694053,0.941619014,0.076518062,-0.174443934,-0.747429253,-1.33191311,1.307964193,0.554638708,-1.623917843,0.763142301,0.92248117,0.124376122,1.598110896,0.216719642,-1.416823528,0.365169001,0.244897302,-0.603296849,0.573558837,-1.667665266,0.990566827,-0.878121704,-0.984946125,-0.113824772,0.432972928,0.163924064,-0.742659166,-0.506089291,-1.133042347,-0.224679902,1.075021215,-0.004262938,0.859414255,1.455401338,-0.588018519,-0.186573253,2.171192861,1.444343412,-1.672404526,0.387148316,0.000559992,0.826453111,-0.744978767,-0.839608372,-0.676070715,-0.571928546,0.815324167,-1.181201173,-0.6226139,-1.789012391,1.007117823,0
-0.699725508,0.213979911,-0.08756871,-1.089670436,-0.190891685,0.339485047,-2.308741399,1.09130753,0.81597813,-1.854577175,-2.010432296,0.841906626,0.764518909,0.623034754,-1.426923804,1.828642224,-0.755000867,0.239476541,0.251779022,1.592931153,0.1251673,0.415841356,-0.077125877,-1.196599389,-2.318660596,0.032579875,-1.412363091,0.350177215,0.148750087,0.124433696,-1.052924619,1.036544076,0.474771097,-1.181699783,2.068547584,-0.210791318,-1.334286501,-0.758351984,-1.508890862,1.359426918,1.080448327,0.739479575,0.551141902,1.248342161,-0.241994212,0.422662143,-0.81189153,-0.153448552,0.450077173,-3.081142824,-0.619710776,0.16498714,-0.077516066,-0.452396326,0.589151939,-0.707712373,-1.22190746,1.183766106,1.042648526,-0.599149098,-0.06869457,0.845989687,0.044034327,0.530207607,0.475566794,-0.319170217,0.515924003,-0.964943626,0.394274318,-0.074097656,-0.360720432,-1.246735869,0.131659261,0.038530278,-0.839636462,-1.59687182,-1.644475101,-0.25407299,0.306497639,1.849971594,-0.045154845,-1.625386052,-0.206918168,1.251364899,-0.682795609,1.118603577,0.175724713,0.646881555,1.858855998,-1.837263907,0.896504183,-0.094701118,-0.949180533,-0.100634637,1.690970943,1.33494598,-2.000714461,-0.769839706,0.942894236,-0.021744078,-0.01801334,-1.568326456,-0.745476842,-1.358205747,-1.653317478,-1.257737983,-0.928097757,-0.761113469,-0.842129722,1.020456073,-0.907144205,1.426184692,-0.483975878,0.43919866,0.471143081,-0.897843421,-0.328090565,-0.502943837,0.372440713,-0.128844489,-0.748398274,0.119058289,0.339616083,1.850044679,0.068126456,0.010008347,0.42839861,-0.949402363,-1.725509601,-0.312102092,1.072099098,1.233551713,-1.879384706,0.66607948,-2.184798002,0.459180555,0.399359313,-1.72398003,1.000046143,1.743835901,-0.062480331,0.140999875,1.479116203,-1.126332034,-1.101077458,-0.839383504,0.037082104,0.034415844,-0.553290275,-0.300480411,0
-0.825497197,-0.321385842,0.163925953,0.22598746,0.197707441,0.674499198,0.391459498,0.78364913,0.46461996,-1.264455259,0.269799075,-0.563869903,-1.109262478,-0.289839893,0.183235599,0.249675028,1.056024745,1.307309119,0.336280831,0.517106377,0.095309033,0.767225464,0.486988139,-0.054488094,2.151982567,-0.546183363,1.454456957,-1.354292926,0.813616536,1.436568352,-1.907219071,0.138950573,0.715414041,0.251963604,0.378155936,0.136223162,-1.094247826,2.368045592,-0.503537863,0.434161239,-0.646839677,-2.27586319,-0.924512874,-1.447606692,1.091567539,-0.606868016,-0.514091339,-1.064330713,0.094035399,-0.716458516,0.992354731,0.302039323,-0.571825786,0.850233052,0.007940523,0.021496906,-1.462634904,-0.071086133,0.321544639,1.333566822,-0.75189363,2.278108623,0.556868317,-1.519411876,-0.845198114,1.420999164,1.243229143,0.018093482,0.149917703,-1.164610274,1.32144274,-0.987767087,0.844741111,1.352042369,0.048155554,0.967611366,1.847639708,0.267968799,-0.175301816,-0.066852858,-0.742987903,-0.765583793,0.442406764,-0.163949822,0.327569177,-1.48993615,-0.092618825,1.03011785,-1.118924277,0.016526414,-1.854609311,-1.305462022,0.807660888,-0.309284293,1.822072866,0.43244311,0.530595665,-1.07648205,-0.385105377,-0.732636182,-1.06544174,0.663893126,0.864515866,0.398937194,-0.828067193,0.330730035,-1.912678401,1.323009269,-1.298150176,-1.120458982,0.11529227,0.20415956,-0.072748598,-1.110127941,1.133347994,-1.685949201,-1.48326899,-0.106982772,-1.264233982,1.222625276,-1.178214635,1.557027152,1.035122166,1.235055736,1.887105983,0.081227924,-1.012974596,-0.103007876,-0.566665605,-0.709191273,0.150853437,-0.311704214,-0.752209684,-0.245402393,0.548978464,0.956417207,-1.602923913,-0.303201086,-0.141343205,-1.182520022,-0.119705733,0.14799561,0.518834545,0.077158026,-0.88094941,2.012030028,0.829126772,0.552719745,1.004831257,0.244609172,0
0.872320637,0.183342006,-0.504592606,0.513555613,-0.700789103,0.125548391,-0.687228138,-0.530616772,1.250661508,-1.150228178,0.759153974,-0.001063885,-0.575553689,-1.217522832,-1.146236307,-0.738645025,-0.150054407,0.603509636,-0.30023926,-0.233310852,-0.083990223,0.476777691,0.644802819,-1.386965476,-0.28207471,1.227404017,-1.316119954,0.07431289,-0.170844004,-0.56667559,1.590782651,0.036835809,1.511145072,0.005627205,0.460255889,-0.577221509,-0.566093675,0.40934753,0.427697458,0.597987067,0.376678287,-1.336420927,-0.806368677,0.849942886,-1.958465365,0.292607242,-0.111880099,0.849581867,0.416621186,-0.66398028,-0.709350038,-0.522783473,0.580063047,-2.30221368,0.157379444,-0.883034587,0.190835298,0.344497787,-1.662326583,-0.226866427,0.155570357,0.087950095,-0.122200953,-1.22088752,-1.068628031,-1.378047323,0.554045571,-0.115570842,-0.051753239,-1.705493444,-0.033602797,0.633637072,-1.841839575,-0.535406259,-1.570349132,-0.420282075,-0.900991898,0.380908834,0.169239563,1.291504406,-0.054077849,0.338487802,-0.557707482,-1.103064651,0.834762435,1.243255054,0.705655699,0.131228123,-0.974093554,1.141628173,0.579509316,2.024878609,-1.15442395,0.862566501,0.549106505,-0.3420272,1.36383488,0.402345148,-0.936893028,-0.118339016,-0.948858807,-0.468515715,0.703826154,0.989274045,0.221212334,-0.750074877,0.38160842,0.723399638,-1.972111745,0.116478775,-0.190189798,0.953711255,0.385689165,0.484351701,-0.481910966,0.001651717,0.94368497,-0.064879733,0.174669556,-1.535957298,-0.068540036,-2.011999968,-0.516144869,0.063515558,0.767030794,-0.999159943,0.373684143,1.468493404,-0.640743866,-1.547052922,0.289839957,-1.191997007,-0.818998573,0.923336942,1.876899275,-1.000690116,-0.73741974,-0.439868962,-0.547808054,1.933292514,-0.53056783,-0.387751915,1.616177473,0.576676312,0.985899233,-0.906112873,-0.530179683,-1.039718358,0.801261546,1.225243208,2
1.644967714,-0.24903604,-0.921185631,1.53414557,0.33501348,0.22519248,-0.179111482,-0.008037934,-0.381482501,-0.741208496,1.229130588,-0.49274259,-0.526408038,-0.12929409,1.424514481,1.131165894,-0.39484837,1.226785426,0.10812017,-0.843425268,-0.476129348,1.373253869,2.082845264,0.319816759,-0.566537162,-0.124917468,-0.762444182,-0.616763379,-0.715047798,-0.079343747,0.120681036,-0.148161141,-0.221322935,0.760491624,-0.229208925,-0.165015811,-0.176560271,1.543287733,-0.491214625,0.596296107,-0.748377694,0.349944831,0.546233192,1.084259287,-0.384268169,-1.113962565,-0.783985323,0.964541573,2.081751612,0.834453412,-1.26213943,0.800652881,-0.943791091,-0.349142617,0.187231077,0.355368855,0.065442095,-0.601112147,1.059958265,-0.527566405,1.254512745,-1.359379891,0.215530342,-1.226150963,-0.834082632,-0.513012209,1.520605455,1.308024666,0.874248763,0.03328575,0.188058949,1.266479162,0.701305286,0.018008423,1.48667158,0.814529536,0.242419866,-0.45897678,-0.549242253,-0.336175355,0.456990886,0.835782816,-1.444291846,-1.946598678,-0.951489807,-0.407676613,1.195947201,-0.280418168,0.254773349,0.417904512,-1.02357086,1.459888832,-0.664805886,1.559791456,-0.126176001,-0.337503298,-1.110789184,0.197285291,2.254382394,0.41358829,0.270436872,-0.666603626,0.591983749,0.157617807,-0.062834475,0.494794784,-1.815845979,-0.100524492,-1.197027845,0.028898498,-0.724199376,-0.655839851,-1.333441283,1.115664971,-0.677746498,-0.624238624,1.530615071,0.567957433,-2.034639238,1.385360172,1.647890642,1.554376088,0.668189243,-1.10170976,-0.049225507,-1.448445302,-0.866016056,-1.110886724,-0.627030455,0.16395389,-0.444911949,-0.487861755,-0.290894445,1.49947268,2.163755502,-0.45069618,0.336074202,-0.841277963,0.767651305,-0.476450062,-0.711104863,2.001587266,-1.356069243,-2.452827355,0.734830246,-0.367628411,-0.645996579,2.731659,0.730226573,-0.058514098,2
0.177701001,-1.335344359,1.457112291,1.417664815,0.885691747,-1.13578718,2.121606157,-2.35244357,-0.883000413,0.833219126,0.754695134,-0.72514089,-0.785651291,-0.215390306,-0.086978256,-0.469442579,1.657995601,-0.683631155,1.466467246,0.405931174,1.019189416,-1.49491177,1.027991173,0.992603026,-0.666031806,0.847937876,-1.479912389,-0.474628252,1.167100393,-0.181973271,-0.264231138,1.404558562,-1.95348799,-0.177645832,-0.066034871,-0.796741307,1.374148171,-0.910067043,-0.897528183,-2.472249072,1.110749466,-0.329320684,-0.327560723,-0.213217868,1.193258393,1.612861959,-1.732459411,-0.462921071,-1.13516402,-0.223663725,-0.091058927,-1.718687015,0.368664958,-0.449184004,0.78048821,0.030298019,-1.716212494,0.614636973,-1.340062402,-1.231487253,-0.316783636,-0.285100304,-1.753469093,-0.147798964,-0.08899603,-0.128118624,-1.687967934,0.143907746,0.619526008,-1.34659587,-1.075554821,0.787340861,1.579976265,-0.166370508,-0.449572996,0.198221472,1.356341778,-0.850033485,-0.484026119,-0.510274574,-1.41670201,0.852787668,0.261137527,-2.017274968,-0.011351009,1.662253746,0.27540995,1.603990004,-0.560139166,0.966185568,1.31492543,-0.072730001,-0.411138368,1.099980434,0.540071323,0.954003922,0.413099029,-0.079655394,-0.08874265,-0.354786996,0.400271437,-0.177325277,0.253366029,-0.7926997,-0.851637008,0.584149212,0.38847353,-0.429952921,1.376893904,-0.821076202,0.437335916,0.457710673,0.053484412,1.266184935,1.627265695,-1.150787064,-2.275097325,-0.48918432,-0.982935391,-0.437098947,1.819524209,2.696587272,-0.948175719,0.224259479,0.201705801,0.345756078,-1.370480013,1.235793602,0.901946522,-0.480037702,1.230761093,-1.441888407,-1.693268483,0.264845837,0.431246375,-0.163821692,1.107350997,-0.657490004,1.204381582,0.788096038,1.862846501,-1.772915101,-0.486341626,-0.906200594,0.776955221,1.573032971,-0.372034872,0.599396611,1.443618993,0.32623539,1
1.882024496,1.345420046,-1.070214788,2.39640119,-0.698077749,0.37865347,1.631464967,-0.443505958,-0.36012244,0.926464087,0.212873872,0.495112455,-0.080426576,-0.526366143,-0.332941111,1.193975914,-0.295618789,0.428723672,-0.968800403,2.040279143,0.31887481,0.339612064,0.926278727,-0.480895772,1.193748127,-1.516305018,-0.614420462,-0.801227749,-1.880597809,-0.528685052,-0.051951621,-1.089918519,-1.234323206,0.041075181,-0.079991513,-0.265744395,-1.266131744,-0.394536968,-0.666274369,0.085878538,-0.558832293,-0.038753946,-1.310817609,-1.396846849,0.557539998,0.765352416,-0.39272413,0.027636128,-0.449713195,1.097225733,-0.203100967,-0.498875653,0.966298853,-0.774080307,0.156616337,-1.048469989,0.66454962,0.81541886,-1.288693798,-1.444641792,0.288541704,1.940818989,0.883971072,-0.212334801,-0.854301274,-1.21612156,0.717074359,0.922774119,-0.631159395,-0.246728178,0.046956338,1.812846459,0.065153159,-0.980951855,-1.156642304,-0.911224273,1.264022009,0.513140399,-0.345493653,-2.925296636,-0.852632138,0.343969427,0.352167615,0.343459074,-1.347304789,0.177001391,-0.975910493,0.001891028,-0.767774283,1.070431937,0.337446964,-0.143232684,1.380377663,-0.372492513,-1.415072999,1.055873536,0.252209859,-0.318677181,-0.643745283,0.510783543,0.813635044,-0.766714919,0.565340204,0.250606101,-0.829419444,0.00385843,-0.546652581,1.240338204,-0.648917273,1.508873796,0.131411431,-1.745513053,-2.173118605,-0.208607144,1.333626187,1.230619844,0.166313079,-0.737068569,-0.417298744,0.207349944,1.087306484,0.569199777,0.968284566,0.643674657,0.938884907,-2.261199563,-0.892557801,-1.104812788,-1.199856774,0.005570194,-1.44727941,-0.943766282,-0.098705515,-1.603608788,-0.486168102,0.638843023,-1.225417512,0.796298761,-0.806173606,0.271649237,-1.106203309,0.453359728,-0.303582784,0.466196955,-0.545199679,0.556062024,0.846899721,0.119725029,-0.47954174,-0.233694778,2
0.341755976,1.876170839,0.403710573,-1.002426682,-0.120222434,-0.454822052,-0.60922348,0.915287325,2.510743471,1.116203642,-0.026956367,1.25950776,1.71290265,-1.392370782,1.224854761,0.769682019,1.188119057,0.813287456,-0.227729008,2.032870644,0.339598609,-0.434327021,0.505978015,0.972395902,0.094761076,0.393136384,0.088367082,-0.660075733,-0.821824459,-1.402816287,1.518020034,-0.223417248,-3.427575102,0.396533079,0.375827105,-1.866567683,-0.832396208,-0.876289035,-0.742267691,1.212775862,-0.148877548,-0.427234885,1.122389942,0.495347745,-1.740978258,-0.616623639,0.321962087,-0.933890134,2.029554788,0.112878764,-0.75337634,-1.122943643,0.927527588,-0.647861937,0.379924178,-1.151519357,0.070197792,-0.635885898,-0.315394413,-0.7962808,1.025626278,-0.491003975,-0.143457195,-0.095142281,1.612270122,0.890308587,0.790680758,-1.577886623,-0.656392388,1.188618716,-1.170930815,0.084013548,-1.065261504,-0.964907255,1.680785653,0.719270642,0.983140228,0.78374148,-0.139288362,-0.691596708,-0.402090259,-0.191826454,1.776286069,-1.336356431,-0.553661449,-0.912963366,1.056623198,1.853788259,0.30878636,0.391015835,0.091320923,0.437478989,0.773155162,0.425640513,0.498834328,0.775414363,-1.778278101,0.00200893,0.305209042,0.416148181,-0.170886262,0.1607515,-0.719906405,-1.774844736,0.983137101,-1.134371603,-0.160453863,-0.749129633,1.58700928,-0.079644715,-0.310456463,0.747865869,2.156474168,0.405689527,-0.377419462,0.696593981,-1.572679069,0.04642926,1.993957655,0.157747397,0.107777656,0.02063654,-0.39547628,0.314490672,0.775273012,-0.331820052,-2.490751738,0.465617505,2.133126077,-0.376261408,-1.471163383,0.677412985,1.743832264,0.52937357,1.724700054,0.793668546,0.706850986,-0.518000683,0.285406891,-0.029470957,-0.063735721,-0.253865128,0.225613467,-1.296344984,0.811718399,-0.877745293,-0.250271225,0.330559893,-0.927273418,-1.966463062,2
1.158595579,-0.820682318,-0.462629277,0.45517567,-0.242288098,-0.589759241,1.300176527,-2.304857173,1.236871894,-0.544288293,-0.07810901,-0.527363338,1.542888106,-1.230978497,0.01173637,0.527438652,-1.611002768,-0.91989817,-0.148178533,-0.886665035,-0.815591771,-0.349862663,0.649581332,-0.342717777,1.078426194,-0.997757783,-1.25192226,1.926345406,-0.657958128,-1.310912007,-1.742053942,1.075103454,-0.341304515,-0.253709735,-0.159201712,1.012942885,-0.179529834,2.344053779,0.133760574,1.061784767,0.805239858,-0.03644732,-0.586970986,0.331963929,0.510098731,-0.572586048,0.166338866,1.236204978,2.069947739,0.85436932,1.862759686,-0.629374211,0.701882252,1.338519509,-0.896333333,-0.485590112,1.737904762,-0.975098856,-1.341130033,1.527981574,1.196763225,0.432120244,-0.045710755,-0.438524506,0.281948874,1.579806957,0.238566126,2.166959267,-0.897941986,-0.019680754,-0.373058668,-1.085141543,-0.153083733,0.417329302,0.52423018,2.170452179,0.46446747,1.150136804,0.066094246,1.6780556,2.398449286,0.531085131,-0.992659015,-0.548805023,0.281934303,0.456498035,0.698425134,0.460197681,0.006984916,-0.636198441,0.401138261,1.854987357,1.019928605,0.53470395,1.029566924,-0.371064029,-0.508265146,-0.747785104,-0.125286623,-0.422005897,1.208274741,-0.475323418,-0.802721716,1.942577179,-0.451375231,0.153528457,0.451322825,-1.136693119,1.23548377,0.63711904,1.558384012,-0.679221937,0.099125792,0.039355755,0.263888494,-1.454614749,0.110836379,-1.426463911,0.358334071,-2.128649125,-1.851586834,0.818548716,-0.546838455,-0.987858074,1.270845621,0.327626217,0.872090196,-0.166242072,2.679628694,-0.604513861,1.744495549,-0.06136604,-1.654510395,0.482848746,0.314762561,-1.051321814,-0.922219277,-0.024697643,0.349747815,-2.470663283,1.053121453,-0.494497974,-1.331747484,0.941066551,-0.023617979,1.216165777,0.437952263,-0.001514503,-0.152729945,0.482712761,1
-0.485363548,0.081874139,0.012901296,-0.307289839,0.016906196,0.354772869,0.658820245,-0.228880163,0.424919602,1.676650803,1.006250799,2.340300216,-0.656770358,1.676189508,-0.79067364,0.353566147,0.732476529,-0.510777192,0.087964277,0.910461102,-0.710270898,1.66938346,-1.384596625,1.939691443,1.001326135,-0.089725576,-0.402668211,-0.507028263,-0.13579564,-0.048495862,1.255226247,1.9686541,0.199379921,-0.845628488,-0.545726041,-0.183090785,-1.030122105,-1.178941402,2.097127212,0.302613526,-0.833133134,0.81660357,-1.178346125,-1.096012048,-0.803042401,1.654513281,-0.252880066,-2.441706987,1.210065933,-0.306381364,-1.849408006,-0.316683488,0.521003897,0.404049167,1.798414979,-0.852767863,0.04672012,-0.699569279,-1.542192894,0.885527372,0.463269569,0.28367845,0.426790193,-0.685472853,-1.005695087,0.037647372,1.161211402,1.608077135,0.795432707,0.029174427,0.269783929,0.011593859,-1.02594334,0.024647378,-1.334826818,-0.124077226,1.636105111,0.822859223,-0.923119184,-0.07242907,-0.834376312,-0.062513768,1.041107817,0.653007938,2.484144081,1.192477403,0.204000381,0.677149974,-0.202443174,-1.127504247,1.305776578,1.008991477,-0.241054215,0.273935737,1.240939187,0.846351426,-1.463101251,0.243620021,-0.167631525,1.113000699,1.031042739,1.318607828,-1.117894339,-0.784111534,1.114082436,-0.591645815,-1.521432981,0.532596488,-0.54721844,1.78979077,0.296184554,0.160259287,-0.369243892,1.590835334,0.35855446,-0.408499518,-0.794083707,-0.073473055,-0.977646837,1.028877442,-1.808342054,-0.139514028,0.610133545,0.34211942,-0.717282973,0.660258707,-0.886039388,-0.022384656,0.651841572,0.462912779,-0.675039011,1.197494517,0.086694571,0.742995411,1.529101007,1.117520549,1.120129406,0.19267993,0.793935121,0.213596575,-1.209324468,0.302743793,0.256360984,0.583729362,-0.127996975,-0.761455557,0.656506083,-1.313272287,1.458819136,-0.231418061,0
-0.763259157,-1.804882101,1.881244,0.565616044,-0.209403068,-0.098906687,-0.713258268,-0.548429124,0.910695692,-0.493967101,-0.617535947,-0.592512596,-0.729179052,1.127185075,0.142703076,-0.282314625,0.02928164,0.21729051,-0.747293521,-1.389595607,1.338502718,0.988023743,0.377802594,0.919193937,1.914364048,-0.535403703,-1.120034057,0.661516621,-1.46682597,0.037972654,-0.298431416,0.673887784,-0.482274798,1.199769778,-0.746883506,0.705800661,-0.666413711,0.548454495,-1.014645787,-0.024113843,1.32209159,0.1150052,1.183077181,-0.02627448,-0.50504926,0.171982495,0.618396656,-1.905539888,0.522285044,-0.939835173,-1.188437783,0.538576667,1.338502927,0.216406185,-1.355407352,-0.67056051,-0.418267175,0.19609694,-0.071879848,0.495229803,0.999972831,0.344744578,0.898080693,-0.269710311,3.29590446,0.553180594,0.684048631,1.75768081,0.088178803,-0.645508311,1.306434046,1.365142967,0.153506305,1.759627538,-0.083285809,0.932282949,1.515532397,0.098329015,0.45679811,1.026015111,-0.366184908,-0.814151716,1.33298181,0.306765835,-0.50558954,0.094116772,0.508532296,-1.569299338,0.715992898,0.408446204,1.655099081,-0.218991317,1.377117434,-0.044645541,0.139174089,0.280951249,2.093253325,-1.239490598,0.495075179,0.042231437,-0.028535161,0.583010759,1.106001071,0.531632087,1.235204701,-0.250961193,-0.048552219,-1.000871152,1.98290569,-0.186712469,-0.297214877,0.606662724,1.107079461,-0.692081231,1.186687477,-0.303301822,1.430619554,-0.540909004,0.735447325,0.04270982,-1.126377844,-1.415964453,-0.742952861,0.992556892,-1.943155196,0.333945973,0.246890523,-1.682295632,-0.796895144,-0.798784856,0.052691471,1.466335783,1.074961927,-0.360308448,-0.829417489,-1.558373832,-0.378608484,-0.898787219,-0.036147982,0.001743863,-0.475585932,-0.45464418,-0.693794821,-0.512479497,1.435915351,0.517808042,0.531350275,1.011942908,0.923522599,1.424764392,1
-0.20812225,-0.493000935,1.459329652,-0.652263184,0.45858678,-1.405746276,2.022866118,0.26853593,-0.412793844,-0.297874123,-0.510038175,-0.458905164,-2.447495142,-0.097965732,-0.139878681,0.488661537,-0.523143746,-0.771036314,-0.007774944,-1.612368118,0.143423188,-1.86181926,1.120818649,0.684269956,-0.926185876,0.661138013,0.111514224,-1.009010231,-2.022876157,0.316435683,-0.794281847,1.09496957,0.014033734,-0.699582696,1.797838733,0.576446493,-3.655086515,-0.486391769,-1.384088992,-0.799797938,-0.144732399,0.354048509,0.261365742,1.077873077,0.636598378,0.574746929,0.201492323,1.286798853,-0.316276543,-0.290303269,-1.905573353,1.056164044,-0.076925756,2.933605706,-0.405532692,0.088578129,0.546504954,-1.101899973,0.358547714,0.034661432,-0.30368819,1.172603959,-0.903748718,0.274902113,1.454664291,-0.706621756,-0.296885983,2.345304563,0.474391065,-0.506197477,0.80262476,-0.568093552,-1.564915924,1.372363945,-1.103059264,2.451712625,-0.489332375,2.133264682,-1.368671069,1.025493586,0.499726273,0.837746226,0.968022707,-0.497745142,-1.308843842,-0.05091773,0.223030258,-0.471844621,0.27755397,0.329625531,-0.910026447,0.394971282,-0.267212024,-0.6999809,0.787375138,-0.776991212,-0.45666759,0.07205085,1.374311621,0.192784078,0.528288332,-0.297642536,-0.078489624,-0.048877234,0.293306236,-0.295967573,1.339999885,-0.373166239,-1.707241135,2.742796604,-0.327368691,1.313169787,1.404790842,0.945214312,-0.19802722,0.28668482,-1.274510209,1.990147774,-0.851805998,-0.253900963,0.098986487,-0.107439755,-0.656873282,1.394339052,0.950279283,0.322047204,-0.399553056,1.064275872,-0.464468633,1.57039184,0.111220915,1.229781527,-0.113820326,0.071533182,1.225421061,2.193925152,1.560366818,0.877134619,0.589283433,-0.50694869,0.295229741,-0.913049184,0.375782134,0.440050661,-1.960845141,0.038738609,0.414874899,-0.083709857,0.358048839,-1.341722243,1
-0.223462785,0.714000494,-0.62212748,1.535530773,1.29854133,0.614036264,1.828974756,2.232346033,-0.175243363,-0.808794118,-1.864269837,2.244682255,-0.439682009,1.135036857,-0.741255368,1.538265641,-0.700117592,-1.191719134,-0.208506431,-0.531775701,0.596299785,-0.051394927,0.627702395,-0.291021473,-0.665107371,-0.583560548,2.044938798,0.225170932,-1.983762209,-0.520209013,0.096866032,1.845399681,1.028698716,-0.921717836,2.418355754,-0.031160365,1.246329811,-1.155008497,-2.398163095,-1.40843149,-3.250333476,2.112089327,0.214532919,-0.924644018,0.45262403,0.189334036,0.620933396,1.209531401,-0.289921153,-0.879839306,0.827775214,0.802332778,0.100735808,2.177554189,-0.437822123,-0.899857972,0.418091428,-0.674937857,0.495516524,-0.833008256,-0.400242283,1.89084042,-0.405587357,-0.798851544,1.170678789,-1.05104195,-0.69294323,0.576561121,0.938411424,1.220476391,-0.747221832,0.596008673,-0.4661082,-0.605655634,1.203212782,-0.549554396,0.278204596,0.155579469,-1.070754376,0.966092855,0.560280894,-1.986290612,0.277421111,-0.772973434,1.097075306,-1.445399837,-0.356476969,0.362024551,0.054340294,0.762958257,-1.518421986,1.651914337,0.525144659,1.359718213,0.874240169,-0.011610114,-1.284198211,-0.563553181,1.589563333,1.385437782,-0.61959998,-2.818304286,-0.212689734,-0.287702888,-0.249772612,0.528539202,0.876212579,0.990299547,0.44570914,-1.800770702,-0.341199733,2.304089784,0.374216735,0.367819568,0.35948594,0.415379623,-2.383112181,-0.239524317,-0.037892832,1.281495399,0.047672895,-1.646511387,0.430089156,-0.803824648,-1.216785641,-0.834159047,0.54250423,1.25876124,0.482929945,0.632023224,0.473045273,0.101327177,0.696930635,-2.418775467,0.111088351,-1.044925035,1.162902573,-0.147155305,0.030948088,-1.505071874,1.016830889,0.62732812,0.556947882,-0.813022852,-0.773639845,0.223599454,-0.69449841,0.434892963,-2.160912603,-0.487544556,0
-0.020901594,0.117327383,-1.505709662,0.168680859,0.380177388,0.093832945,0.020708684,-1.068726954,-0.138917137,-0.34840583,1.072708741,0.379325364,-0.277997122,1.723884876,-0.268907676,0.557786724,-0.166921334,1.631152515,0.086859776,0.116414228,-0.139870359,0.196511926,1.199537839,0.845843845,0.028076181,1.701325106,0.872985641,-0.438181119,-1.380348354,-0.415013802,0.413348779,0.597200371,1.359137683,-1.094545975,-0.439155334,-1.17764267,-1.338799212,-0.627818746,0.366612244,0.771394435,-0.948354107,-0.809275919,-1.779823175,0.214352208,-0.732138902,1.663031378,0.4098088,-0.171445743,-0.641112428,-1.49467022,-1.367871777,-0.622140955,-0.698902882,-0.999171843,0.377094727,0.514265592,-0.458632397,1.935152268,-1.746729367,0.058163899,-0.218580204,-0.550700882,-0.697662846,-0.006959883,-0.225527827,-0.391876527,-1.298719635,-1.618111818,-0.288516475,-0.402096104,-0.19703686,-0.108621798,-0.522502342,-0.212407424,-0.853528308,1.523945809,-0.799740148,-0.370980709,-0.723788789,-0.74058154,0.024641567,-0.10223421,-0.45946039,-0.283475992,-0.719813551,0.401725638,2.055192743,-0.874841277,0.393963224,0.044948957,0.668629758,0.69679296,0.205412697,-0.039820576,-0.4344502,-0.764960353,-0.096845661,-1.284588831,-0.59385599,1.106853624,0.098512221,0.892664419,1.469643887,-0.177029456,0.207325834,-0.301845894,-0.81260576,-0.952968259,0.843150373,0.20862728,1.846603072,0.972052013,-0.73121299,0.84034218,-0.305075539,1.216859709,-0.486333877,-1.05242596,-0.795755077,-0.744664902,-0.840251765,-0.572608276,0.85669187,1.796044208,-1.330189516,1.263513043,-0.477703716,0.347882531,-1.654146031,0.524035017,-2.005312397,0.313935072,0.257256047,0.191007634,-0.734910151,0.549526674,0.391081509,-0.209952784,0.671850307,-0.095604147,0.528777159,-0.125879327,0.216701991,0.574722941,-0.397912574,-1.233836586,0.276079006,1.189391379,0.299150973,0.318142315,0
-1.556629174,0.606009951,0.261404236,1.027320961,0.053950422,0.175739765,0.844308536,-0.444104063,0.622034733,-0.030560603,-0.908091027,0.902312356,1.400925027,1.158521947,0.902255549,0.510647191,0.362946678,-0.093819995,-0.662621942,-2.06589469,-1.567357725,0.014577522,-1.276392996,0.414092489,1.747388538,-3.225306189,-0.972495349,2.185878609,0.834224951,-0.111665701,-0.531889695,0.585814383,0.979204896,-1.269387458,1.491794692,0.398462598,0.938142606,1.023997675,0.312270878,0.445430886,0.517748822,-0.357100799,0.648464457,-0.259559384,0.000657857,1.56391066,-0.036037822,0.41350805,-0.17477482,-0.365826576,1.928712048,-1.464418246,0.052103721,-1.201818684,1.25439298,-0.061579765,-0.46881297,-1.835011648,1.576278859,-1.327805213,0.486758397,0.931778617,2.17389728,-0.551259241,-0.855483581,-0.427275369,-0.588341071,-1.883618039,1.635451735,-0.4180503,-0.159674492,0.627457214,1.386095818,-1.160566673,0.357619138,-1.215784499,0.333648346,0.292214126,-0.473012029,0.233455524,0.251787359,-0.081678859,-0.204599053,-1.364373042,-1.090715158,-0.614224945,-1.00867796,-0.573288131,-0.076156711,0.088249982,0.561677709,0.156883464,0.119007925,0.53640632,-0.91688787,-0.833244448,-0.373210934,-0.697203978,-1.753069568,0.575986795,-0.998318266,1.811606305,0.165367648,-1.501725773,0.666933319,0.033277763,0.290981258,-0.497566431,-0.931245783,-1.461270653,-1.282001114,-1.368099835,-0.357401026,-0.051607326,-1.547080295,0.902677877,0.141644746,2.427116971,-0.405098787,2.232971379,0.745985135,-1.959343138,-1.190671055,0.317950761,-1.74759125,-0.896256694,-1.5923376,2.138711796,1.098627957,-0.33898286,1.512402295,1.25790817,1.310339858,-0.559330978,-0.308885893,-1.096592258,-0.113714346,-0.812557552,-1.074129479,1.131597367,0.671611217,-0.882413873,0.94545369,0.308818048,-0.315364052,1.590760816,0.305382698,1.777521009,0.565904609,0.651872278,0
-0.51728845,1.40934744,-0.717699539,0.340412972,1.218792826,-0.783722862,-0.691110894,0.524367088,1.382093,-0.134257115,0.095535271,0.363850929,-0.486772943,2.193736924,-0.924628368,0.090045259,0.106117374,-2.188370103,-0.842317958,-1.352186914,0.720275665,-1.693202235,0.941879242,-1.179768537,0.961519388,-1.396455462,0.424035838,0.935139899,0.573110765,-1.221118722,1.129771134,0.545786063,-2.357852543,0.110693589,2.833711166,1.116481611,-0.499011077,0.544032976,-0.392839735,1.014573032,-0.814203082,1.20857368,0.92040174,0.642619412,2.070823268,1.005844701,1.021584189,1.126401773,0.713750761,0.464196366,-0.677268211,-0.663534008,0.432050497,0.609203336,0.017824526,-0.481579351,-0.136107757,-0.052834434,0.275059737,-0.22215167,1.165708643,-0.110694349,-0.643317951,-0.080797089,-1.101387796,2.013322801,0.655515376,-0.012624678,1.416457639,-0.205044949,-0.033462173,-0.704151056,-0.940548109,0.210825278,1.064018025,-0.878267486,-0.239272726,-0.203560209,0.771548445,-0.431435098,0.753124383,0.715419192,-0.661963725,-0.293039459,0.080480566,-0.43699996,-0.89485079,1.482410185,-1.782645903,0.232810919,1.364533159,-0.805705492,0.026350952,0.902785737,-3.042467554,-0.050391759,-1.572288793,0.963341024,-0.7924307,1.784450399,-0.954932759,0.449650631,-0.876385554,-0.237297546,-0.004262649,0.025796345,1.654851159,1.427338599,-0.749380111,0.042849328,-1.163712536,-1.391340384,-0.666910321,1.683331448,-1.687593086,0.576304524,0.460334892,-0.743210471,0.644985755,0.640429162,-0.037471175,-0.150389856,-0.245515382,-0.843929356,0.165391171,-0.505112519,0.161524593,-0.610058184,-0.657277986,-0.54473868,1.269014707,-1.377388881,1.772583576,0.768081541,-1.563030112,-0.578297883,-1.62260024,0.646854987,1.276645137,0.229192565,1.219053182,0.183673087,0.970979029,0.291976129,0.014043456,0.773664951,-0.156321029,1.456941833,-0.315458348,0.5671612,0
0.337602662,-0.411876966,0.225898432,0.65523276,0.135068065,-0.91379432,-0.462371649,0.868042,-0.246500623,0.024173182,-0.078421378,-0.892199351,-0.171270727,-0.457817258,-0.691807194,-1.058308979,-0.100603228,0.618170101,1.120580095,-1.394147692,1.606403794,0.292945489,-1.127028724,-0.403697833,-1.877385768,-1.621758404,1.721425022,-0.699300944,0.536892384,-0.111191107,0.017809727,0.368027139,-2.084020635,1.318542137,-0.098709993,-0.504280473,0.468006471,-0.721118797,0.20821197,-0.165399127,0.71101011,-0.2139463,-1.030020246,0.362341866,-0.270614524,-1.820997246,0.197656293,-0.537443766,0.345756636,-0.855052657,-1.206383562,1.180124298,0.843147983,-0.006579586,0.437767088,0.810414667,-0.0101897,-1.208506288,0.299469318,1.002221681,0.593181382,0.059303837,0.565291045,-0.22324493,1.044175215,1.34718058,-1.296182553,1.115934422,2.237284385,0.525588335,0.983757294,-0.647096531,-0.503706837,-0.209509615,-0.402449316,-1.311823906,-0.172661381,0.83638305,-1.298523784,0.179131888,0.148450608,-0.301315762,0.496525441,0.402659251,-0.372432847,1.060890619,0.560610427,1.573475118,-0.06642859,-0.321764522,-0.208466053,1.178316877,-0.148697033,-0.087643788,1.960973123,-1.344478606,0.356820127,-0.061455748,-0.250608957,-0.953362629,-0.6639194,-0.408090697,0.495740513,0.852441113,-1.778809484,-1.201564956,0.547888861,0.632259193,-1.463659796,0.874288707,-0.013971394,0.747071903,-0.851737106,-1.390023722,-0.308653657,-0.264275603,-0.320177922,-0.390197304,1.692889215,-1.699806523,-0.844874051,-0.418583699,0.023985065,0.711013899,0.865361884,1.076523611,0.481454284,-1.730020828,-1.66436787,1.147289972,1.082626518,0.636021073,-0.820269854,-0.322521453,-0.398864451,-1.024731327,0.259048634,2.155469648,-0.495627155,1.2967743,-0.885339716,-1.536663105,0.987495742,-0.21881411,1.271248756,1.470893453,-0.278407964,1.343016237,-0.876054888,-0.891799132,1
0.82206016,1.896792983,-0.398701782,0.077374283,1.184299431,0.256719173,-0.66193518,0.399004759,1.707548889,0.916706473,0.54752653,0.725590175,1.439954041,1.075626794,0.566760381,1.06864222,-1.081651096,-1.502265252,0.157098651,0.06868071,-0.543910054,0.82585267,-1.862863586,-0.534772256,-0.484955545,-1.636301785,1.494731007,-1.359201269,-0.588340057,0.907979758,0.646045343,-1.108174696,0.682489209,0.289784479,2.333035562,0.403940416,-0.141241821,-0.856501957,-0.744243367,-0.825769095,1.371098814,0.017969915,0.565247124,1.5142476,-2.358464142,1.278873765,0.055396912,0.435048372,-0.828403222,-0.755124398,0.48884589,2.3845978,1.003313313,1.265522921,-0.19200127,-0.600204225,-0.780804952,-0.488273725,-2.052782433,-0.724919343,-0.560353156,-0.175358174,0.13175011,0.362450869,-0.014925372,-0.581443086,-1.963358643,-0.575308608,-0.972450638,0.466066748,0.909287397,0.938571067,0.756952736,-0.133525735,-0.521955565,-0.747102754,-1.507498917,0.991853701,-0.174711038,-1.246340294,-0.826491376,-0.866973456,0.043024485,1.067467851,-0.34798955,-2.252533515,-0.189180335,-0.1561939,-0.224920231,-0.627461166,0.217439081,0.066141115,-0.024830314,0.412641361,-0.429832823,-0.48658567,1.38012329,0.55935541,0.826946061,1.226104585,0.525944181,0.928388679,-1.579345162,0.204153872,-0.182718462,1.677684091,0.927645532,-0.630445191,0.372794159,0.167681333,0.454331433,-1.018842469,0.360016465,-0.228151349,0.282449764,-0.724385165,-0.585063171,1.17384202,-1.051547558,-0.977754401,-0.051581257,-0.771890375,-0.885028632,0.105075971,-1.505065857,-1.007962235,2.054095583,0.459475059,-0.746563352,0.418215078,0.567330477,0.99441442,-0.127156029,0.976497703,-2.038446525,-1.05630813,0.163871402,0.329633533,-0.911782288,0.259419991,-0.623840249,-0.276959094,1.024773801,0.908937497,-0.997060327,-1.057251462,-0.411173396,-0.026746301,-0.657898489,1.040642443,2
0.515035267,0.513785951,-0.447362949,0.852015035,1.563961337,-0.830234634,0.462252329,1.046879032,0.011208153,-2.283280458,0.24729,0.761430624,-0.947422895,-0.254154531,-1.155496042,-2.570147549,1.027004412,-0.003748534,1.597674997,0.857322192,-0.354209762,-0.08318066,0.566177391,0.966883417,0.322670631,1.105593145,-0.296668737,-0.997143547,-0.064809254,0.205184891,-1.201535395,-1.336722084,0.447386296,-0.406356851,-0.165840906,-0.359692666,1.520600902,1.26176116,-1.23735369,-0.532793213,0.850004268,0.601936237,-0.041457962,-1.137600205,-0.682540046,-0.516767568,0.276994331,1.703727155,-0.686880235,-1.026035248,-0.108586477,1.031738981,-1.446882967,1.453634151,-0.172031362,-0.734320002,-1.600189287,0.706520773,-0.171171195,0.170705483,-0.900811741,-0.319096034,-0.486581246,-0.100593105,-0.669552326,-1.534180961,2.728499745,-1.363404247,0.181459007,-1.772027828,-1.997047437,0.097826492,0.174367588,1.261498991,0.399546841,-0.149810719,-0.949600244,1.499012068,0.928851246,-1.246329478,0.037963728,0.144052232,-0.345653657,0.771850486,0.831733138,-0.190485698,-0.280869246,1.498958463,0.932838892,0.07236039,-1.629209039,0.344000106,0.698083465,-2.754521628,0.251869448,-0.416691987,-0.22085428,-0.907380953,-0.14818929,1.391991576,-0.446398499,0.965573559,-0.806331219,0.758756193,0.001655856,0.352024829,0.007153256,0.641625232,-2.567585118,-1.419825313,0.417080498,-2.043538354,-0.530580356,-0.054340841,-0.828140138,-0.691561403,0.2715822,1.009294956,-0.958449381,-0.575058196,-0.731260973,-2.421379752,0.14171179,0.934717746,1.016643207,-0.870766376,-1.251698049,0.021605548,0.829273687,0.154850448,0.289304636,1.141830928,-0.739136559,-0.219970087,1.634605512,-0.196811123,-1.267336966,-0.669356096,-0.938179851,0.357162586,-0.895947004,0.271034253,-0.736065219,-2.123378538,0.306619787,0.148463682,0.517757816,-0.672987219,-0.779544475,0.401466858,2
-0.012246773,-0.897254371,-0.7493413,-0.252419722,2.235684681,-1.070482901,-1.707305942,-1.444385514,0.906215869,-0.594192271,-0.159086664,0.762832642,-0.158084628,0.204146605,0.535215148,-0.430676392,-0.16631706,0.241955402,0.868179273,-0.792369264,-3.020575922,0.679583149,0.927715919,0.200034162,0.268293219,-0.564309894,0.500183422,0.85316682,0.056496341,2.49124833,-1.563741088,0.162961671,-1.174352962,0.879845924,-1.581475428,-1.333921543,-0.633186941,0.26583217,-0.595471389,-0.585441263,-0.180890455,-0.242240159,1.487449388,0.68591112,-0.32457674,2.097011911,0.491661175,-0.968962055,0.25651374,0.535512545,-0.687624719,-1.052508911,0.08645909,-0.360221771,1.479127888,0.741155824,-0.640775274,0.425938111,1.267128143,-1.393804446,-1.022778241,-0.011168617,0.035601968,-0.052197505,-0.310777179,-0.326060322,0.384258137,1.133942554,-0.48095273,2.438399345,1.960691436,1.32925563,0.622483335,2.007988106,-0.290115365,-0.832604412,-0.525972059,-1.002942803,0.121801322,0.299830464,0.200839839,-0.012431352,0.133154528,1.736323809,0.620051868,0.922508797,0.190789937,-1.615588698,-1.81388247,2.08280999,-0.531822275,-0.616751344,0.245663241,0.550402978,0.676862137,1.774418533,1.500736383,-0.810933225,0.968734573,-0.384090918,-0.137508744,-1.093989206,-1.693072854,-0.031561713,-0.955981916,0.927813679,-0.281078244,0.308590219,1.367525754,-1.485295182,-0.724617389,0.180883625,0.312524816,1.103497501,0.867153129,0.096933626,0.303404671,0.331075891,-1.469712365,-0.156375477,0.248473218,0.458550859,-0.92436344,-1.268797913,-0.234532593,1.967366111,-0.819247513,1.173928247,1.584739643,0.045466526,-0.679847935,0.512819564,0.194990292,-0.85910398,-0.658802826,0.453579852,0.933440408,-0.322790201,-0.069133565,0.668638571,-0.172486884,-0.299326973,-0.75534082,-0.772684623,2.668882758,-0.19620166,1.365058322,1.683993338,-0.183582289,0.368429808,1
1.158110874,0.791662694,1.314937045,-0.872691936,0.006547892,1.535327733,-0.681399913,1.053985483,1.974652362,0.171044069,-0.527016987,-0.772738803,1.304602703,1.276694199,1.449309123,-0.032838351,1.037806942,-0.048839391,-0.883055122,1.124176785,1.633870278,-1.020601973,-1.039430963,0.039981934,0.956128606,-1.133819194,0.227015737,-0.590426954,0.7008291,-0.797886821,0.771803,-0.158214811,-0.937140524,0.063689955,-1.937973314,-0.559094572,0.33740107,-1.771754779,-2.571136853,-2.33936732,1.327128556,-0.076759013,-0.532465394,0.945154736,-0.404449682,0.2684619,0.025755351,-0.470999421,0.294145884,0.773261221,-0.184906617,-0.460555573,-0.342512408,-2.297912533,0.283059547,-1.209111289,0.629718724,-0.090424101,0.105121097,0.700329171,-0.926523766,0.369248443,0.267621053,-0.184780833,-0.928186201,0.595238364,0.703454544,0.113602026,-1.070302416,-0.527449033,-0.060332722,0.68849455,-1.583489401,-0.563803464,-0.40267256,-0.083221579,-1.301325284,-0.217532778,-0.310483564,-1.037591871,-0.117967584,-0.541169097,0.495586143,-0.885327561,0.089834122,-0.808388837,-0.599754238,0.297291628,0.234717733,-0.417022183,-0.269410618,-1.453606445,1.402764311,0.687456398,0.651448051,-1.595032217,-0.595489992,-0.334546029,-1.931061492,0.889950096,1.453884489,2.061934956,-1.045883828,0.117323497,1.322818269,-0.253618479,-0.566987914,-1.866017674,1.132622458,-0.019260756,-0.729341859,0.28385729,0.153005373,0.168259102,-0.217098062,1.622358159,-0.133659733,1.619322076,0.564116926,0.351170143,-0.113274753,0.973956694,0.112991768,-0.932131215,-0.965492191,0.422484622,-0.907378885,-0.062231057,1.057184539,0.303970178,-0.72213487,1.409987512,0.547875237,1.017792987,-2.267558343,0.330852878,0.842157836,1.700288642,-1.463818584,1.206114589,1.644380286,-2.017288977,0.47859111,0.617620814,-0.327007663,-0.49009446,0.667853913,-0.614981753,-0.217249328,0.812434901,2
-0.114539845,1.237816312,-0.771239799,0.610881283,0.763423813,-1.079601319,-0.843371875,1.068943437,-0.92576404,-0.057485749,2.039983822,0.979832257,0.085230452,0.840730575,-0.055922085,1.018231833,-2.046265431,-0.139265996,-2.086339907,0.161355188,-0.236177898,1.360729847,0.711827369,-0.526087688,-0.406216257,0.38069653,-0.572560593,-0.032372786,1.316698065,-0.829130184,-0.447674366,-0.307432345,3.158073426,0.608242663,1.132068339,0.768125712,0.835393866,0.473573537,0.3652692,-1.450744654,0.357864556,-0.108343592,0.545456903,-0.070859167,0.763164293,0.939932571,-2.912160025,-0.433892818,-1.857386906,0.238944555,-0.300708378,1.355828471,0.207244662,-0.485529976,0.93857154,-0.318202458,-0.497997556,0.393625415,1.61297139,0.853551908,0.566930965,2.750948534,-0.732410036,-0.754717837,0.14556948,1.515026384,-0.941685976,1.754572598,-1.439122489,-0.121218051,0.173465666,-0.882631916,-0.621234365,0.796630479,1.441555743,-2.114610362,0.180236385,-0.113308904,0.107396356,-0.316766476,-1.29048697,1.542296978,1.159329598,-0.103989189,-0.488313212,-0.609440629,-2.585653225,0.353820075,0.78032359,0.137902116,-0.086336435,0.133383508,-0.853225981,-0.499555227,-0.166333028,0.696676575,1.378858373,-0.229147843,-1.044785538,0.035646791,2.011491113,-0.957806435,0.885840747,1.335960556,-0.36001486,-0.700724578,0.574956683,0.353216773,0.694774171,2.073709431,0.167046553,-1.192224849,0.066640002,0.241556794,1.267168637,-0.196764395,-0.409067834,-1.371193996,0.547412792,3.348207186,-0.222590984,0.451954955,-0.547832853,-1.28128492,0.434235939,0.028188283,-2.385554143,1.610028716,0.415964376,0.07389555,-0.421976864,0.40529411,0.451395952,0.401321374,1.067993045,1.295271234,2.005593064,-0.836842182,-0.573421514,0.361182167,-0.779090859,-0.618015072,0.475229582,0.900842355,1.275927953,-0.192614414,0.463152964,0.242757736,0.017657445,-0.816009165,2
0.926177548,1.90941664,0.399858884,1.059244834,-0.935176596,0.905623185,-1.862588653,0.043126762,-0.545921932,-1.404541384,-0.893522125,-0.640655726,-0.196551682,-0.524849652,0.080025974,-0.830158316,-0.476857701,-0.289066065,0.182096222,0.848847282,0.853663007,0.237483992,0.430253017,0.311866916,-0.314642176,0.900583003,-0.914481092,-2.048145468,-1.041489387,1.403120815,-0.295433138,0.274129006,-0.273950017,0.561665329,0.070712666,-0.068592009,0.613778335,-0.465677939,0.372077783,-0.174721661,-0.107426253,-0.818597499,-0.215955649,-0.54124255,1.129920179,-1.684071664,0.889259891,-1.744257681,0.537215638,-0.837730234,0.566322264,-0.121359008,-1.432353356,1.35861854,0.77664631,0.503175457,-0.640369744,0.811084613,-1.283251622,-2.227646123,-1.562325869,-0.921988036,-0.754836884,-0.434843569,-0.390433235,-0.649838282,-2.116314772,0.192123368,-0.264674753,-0.696343585,1.398021291,-0.242165365,0.058531732,0.795850152,-1.489860842,-0.022610054,0.792547854,-0.091328903,-1.303342587,-0.482475445,0.188986646,-2.10687789,-1.352660995,1.973536896,0.484590228,1.483470561,0.866317702,0.393983643,-0.309079239,0.381213874,1.449964191,0.825538923,0.166810305,-0.172347069,0.498323587,-0.532042607,0.49847441,-0.697955491,-0.353920887,-1.027705466,-0.439763044,-0.683727658,1.691915391,-0.894495757,0.384835296,-0.946882319,0.046896037,0.289915402,-1.851103674,-1.397701488,-0.954673191,-1.303236874,0.084085202,0.242580209,-1.063071955,0.124198437,-0.424078614,-0.099476034,-0.62842329,0.487656732,1.634929257,0.774334216,1.393390849,-1.402824783,-0.675709102,0.565235833,1.508294175,0.650440427,-1.026224085,-0.434657335,0.333404437,-0.164659522,-0.798772458,-0.290254443,-0.014436019,-1.084921305,0.984509073,-0.439614823,-0.072576226,1.035052704,-0.124998666,0.980358828,-1.029200861,0.432955915,0.839322356,-0.829867998,-0.178369592,-0.157675585,0.209639217,0.474801617,2
0.521941566,0.296984673,-0.402310023,-2.993706603,-0.831287895,-0.49094895,1.384871094,0.396627939,-0.833141523,1.06596372,0.017832255,0.037566859,-1.202671508,-0.990013714,-0.8250973,0.046461273,0.077885727,1.544092664,0.385055168,-2.707565694,0.262641988,-1.450016356,-0.965970925,-0.812169472,-0.663338324,-1.375149392,0.203482003,-1.410802285,0.356667607,2.236971077,-1.329359059,-0.284510304,-2.523457363,-0.300935293,0.642717153,0.720639231,0.07736373,0.889263425,2.546054536,1.712304687,-0.522520929,-1.451103986,-0.406151417,-0.946982766,0.451347548,-1.181193539,-0.072822433,0.838014055,-0.100695873,-0.946313823,1.174814058,-1.878980945,-0.327795056,-0.041660023,0.015908658,0.180496056,0.61043982,-0.035407439,-0.368058282,-0.407589345,-0.611515802,0.787543324,-0.646528479,0.846771109,0.018999082,-0.521254807,0.618407216,-0.727453925,0.638184041,0.212726121,-0.596324689,0.528634815,0.546589726,1.157519606,0.966147012,0.491274021,-1.127590951,2.448586988,-1.403616211,0.949263174,0.431283817,-1.174142372,-0.124300939,-0.078752886,1.305582716,-0.7133109,-0.261945006,-2.336069605,1.734762793,-1.070468243,0.326910864,-0.10140783,-0.098000967,0.809861985,1.67126246,0.25149367,0.655078018,0.328891537,1.017531424,-0.462916379,1.075390554,1.110499866,1.082537009,-0.660147867,-0.168337634,0.239466989,-1.370842045,1.594920208,-0.012276534,0.283927888,-0.57700444,-1.326877559,-0.604029885,0.219204188,0.673428813,0.161791541,0.346724016,-0.337026375,0.496248566,1.482832866,0.704789442,0.809541888,0.294016399,-1.50315507,-1.044666531,0.454875801,-0.010939052,0.439842886,1.676423418,0.726035999,1.258886206,0.094681389,-0.807215677,-0.057866159,-0.804751814,1.558294957,0.790391077,0.520512497,1.235943202,-2.020056415,0.588137951,-1.310645784,-0.007255698,-0.311707592,0.661736612,0.228187289,1.345117174,-0.601897161,0.70911439,0.162223217,1
-1.021232817,0.708356447,2.187117502,1.466736232,-0.715780975,0.137530482,-0.87964736,1.024409552,0.643066723,-1.314241616,-0.974123761,-0.069607316,1.38430867,-0.379099357,1.307542129,0.310882994,-0.8325993,-0.418109826,0.632379209,0.840986944,0.931729993,0.214111569,0.445780619,2.256576391,2.40705558,0.047373119,-1.768043592,0.129320209,0.115935538,-1.262448502,0.124603119,-1.044823578,0.376769662,0.594969533,0.526926573,0.989212308,0.469351446,0.788633368,1.291931046,-0.441928484,-0.143898985,-0.355320605,-0.745285166,-0.298303238,0.834948181,0.727151565,-1.694252048,1.715460042,0.847070082,0.227622792,-1.381192993,-1.185330812,1.503017104,1.00449203,1.12864699,-0.132623617,1.306608722,-1.369607545,-1.233395809,1.008667089,-0.917614724,-0.03988028,-1.774951133,-2.844359495,-1.021587784,-0.378824934,-0.924855179,0.620464694,1.010896807,0.610087922,-1.156544608,0.524745145,-1.228231523,1.863284813,0.048805076,-0.855869453,0.05288844,0.168209752,0.707521997,-1.888035411,-0.696161737,0.481583364,0.778794564,3.270492357,1.37835243,-0.688668227,1.774253372,0.579928864,1.366493586,0.466756463,1.437077799,1.082861976,0.55229416,-0.438333368,-0.441544744,-0.949959373,-0.074387049,1.107224516,0.581033604,-0.775091849,0.968120076,-1.176040047,0.332430161,1.394837982,-1.176086293,0.170516251,-0.698628592,1.628372761,2.249635972,0.555294683,0.878215095,1.366347672,0.764923742,-0.8233761,-0.44482843,-0.451971123,-1.732899233,0.977866556,-1.251732425,0.828605656,-0.726870913,-0.222292518,0.55810353,1.527547416,0.869462039,-0.117895264,-0.03419931,-1.177065082,0.636728781,-0.082050502,-0.930406295,0.778232639,1.419255509,-0.178340054,-0.562478586,-0.578202329,0.401647304,-1.192382819,0.075524088,-0.406014774,0.505457941,0.581848468,-1.122699601,0.667723074,0.457769989,-0.190591039,-0.430501912,-0.424748525,-0.171157737,-0.931315162,0
-0.530501148,-0.575818241,1.46762502,1.962810898,-0.888426299,0.053047032,0.155151975,0.718157613,0.884962666,-1.114398193,0.06459336,-2.008517924,0.810791283,-0.338619868,-1.205382079,0.33254681,-0.369869243,1.261461031,-0.892582136,2.2229552,0.854555543,1.287694413,-1.028836202,1.788459377,-1.212547445,-0.209811696,1.304656627,0.506769073,-1.239161917,1.135410062,0.339954453,-0.416200236,-1.542009256,0.43475053,-0.163427803,0.156309349,-1.58520136,-0.418657058,0.480304622,1.876464611,-0.205281623,1.443299059,0.787348421,0.233784966,-1.012341784,-0.970478544,0.617540871,-0.526495574,-0.615362719,-0.180610339,-0.16383083,0.900767976,-0.505497698,0.801240036,0.439705134,-1.673995987,0.294507663,-2.667758434,-0.895223262,0.463076847,-0.0106431,-1.767892106,-1.119161767,-2.608913113,-1.342563257,0.579063349,-0.557432939,0.169945542,0.013644382,0.03258307,1.023132423,-0.202910642,0.910668373,-2.477343393,1.111425957,-1.290078092,-1.072939723,-0.704617489,1.083855221,-0.889299849,-0.655888779,-0.961687718,0.255394801,0.743608335,1.704324516,2.3998175,0.650180753,0.365654187,-1.217339732,1.909303154,0.215403109,-0.289064842,0.387531769,-0.636350727,-2.337671564,0.571802921,1.342473852,0.556922635,-0.00707913,0.013271752,0.172279748,0.141654221,-0.060701317,0.025342879,1.55501274,0.472273214,0.105146984,0.659226896,0.659298987,0.945997963,-0.756911412,-0.480527906,-0.813557454,0.766722923,0.717870974,-1.273242873,0.390837813,1.372233868,-0.235332639,0.313973274,0.730485703,-1.320558239,0.151988159,1.27211619,-0.593208817,0.832466142,0.027161607,-0.674504642,-0.096508551,-0.526127924,-0.888314042,-0.254344772,0.068426312,-0.166054383,-0.265373581,0.225995883,0.531405975,-1.144095233,-0.252395869,-1.97354091,-0.162183359,0.150529046,0.569780012,0.154104806,0.548175644,0.065224982,-0.675518378,-1.115935168,-0.263002707,-0.766276203,1
1.797686527,0.640842861,0.196415254,-0.321608195,1.322496463,-0.042805613,-0.626347988,1.060592643,0.590567437,-0.909695688,-3.940008378,0.540421932,-0.435867736,0.042458104,1.182223227,-0.952963791,-1.1247389,-1.39611463,2.203408674,1.191694243,0.671625051,-1.926934415,-1.423781936,0.702595142,0.401581971,-0.271799474,-1.352069798,1.055237702,1.791909027,0.43861873,-0.755995257,1.524192821,0.168565063,1.629890784,-0.358001526,2.062086571,-0.448481704,-0.661395368,0.829222564,-0.073166474,0.3874648,-1.018485744,-1.000644846,-0.381407927,0.358372111,-0.777886775,1.069187947,-0.107301747,1.707305438,-1.052110461,0.342354138,0.459235622,0.271145874,-0.048922586,0.84717432,-1.235767301,0.282874482,-0.986417491,-0.579169309,0.268430217,0.948157498,-1.373761688,1.650809519,1.002342142,0.043516907,-1.067515021,1.528877806,0.462301787,0.461468844,-0.677758343,0.194159544,-0.626082557,1.215299346,1.239918102,-0.153543196,-0.585146834,0.791348614,0.651585186,-1.166279984,-0.291557053,2.192890013,-0.008076665,0.235093591,0.545005022,-0.558723352,0.766316176,0.378081315,1.125212726,-1.685263534,0.354128428,0.209980193,-1.417057744,-0.266449574,0.394142254,0.05009718,-0.024751831,-0.014364936,-0.465424153,2.005510716,0.32831321,0.309759733,-1.327365795,-0.315578574,-0.52896457,-0.030895174,-0.321549361,-0.617390935,-0.228436753,-1.082901685,0.595200155,0.805009544,0.498067506,0.855792341,0.785621704,-1.284327985,1.492664583,0.869096076,-1.90927387,-0.760037878,-1.232632923,0.433992508,-0.534014165,0.023969102,1.734508757,1.444265585,-0.957783344,0.457885638,1.827112982,-0.914770501,0.967944161,-0.168224474,-0.940833349,1.514152124,-0.428483484,-0.149521845,-0.354896614,1.053461183,0.983421536,-0.741885645,0.115949866,0.368779293,0.975429422,-0.607684533,1.382475582,0.814484553,-0.949681042,0.484644509,0.489290638,-0.709081176,0.42652047,2
-0.661786465,0.852433335,0.139681965,1.453397106,-0.389211145,-0.080961425,1.01037085,0.340870791,-1.57227578,0.098887216,1.512234911,-0.036941186,-2.741489429,0.388214992,-0.19845644,-1.829094414,-1.67920809,0.975107143,-0.732382746,-0.907496381,-0.035638561,-0.644202998,0.100048628,-0.202720029,-1.19999558,-0.511197799,0.442753321,0.04191804,-0.081942482,1.937384241,0.731037525,0.852441265,-0.165968408,0.22014519,-0.43109999,0.777549766,-0.110399904,0.222377749,0.160611302,-0.018166881,2.938188067,-0.666619277,-0.67571153,0.694096747,-0.595168999,-0.291406361,-1.086410953,0.491557919,0.504257244,-0.31519206,0.714816688,-1.858125014,-0.706853402,-0.169979186,-1.172282497,-1.748713037,-0.307895965,0.694020087,1.282108391,-0.547287883,0.733215838,0.636542038,1.218608174,-0.35019103,-1.798500495,0.070185852,-1.013793741,-0.723505109,-0.301219144,-0.338927631,0.141559267,0.703156316,-0.367735583,0.395697507,0.01481601,0.935494396,-0.188591851,-0.078926676,-0.374400448,-0.16224854,-0.783488128,-0.882597286,0.775765385,-1.083201683,-0.31911809,1.015342786,-0.352700795,0.828740454,-0.591045721,-1.051163606,-1.594825855,1.312724069,-1.136871182,0.74718659,-0.999947027,1.317383918,2.206782725,-1.68653006,-1.084756434,0.773131864,0.513042923,0.776921855,-0.57375555,1.987534161,0.118049467,-1.216962577,-0.2531485,-1.203566896,1.590941359,-0.660331263,0.492483485,-0.470673145,-0.61538731,-1.910254181,0.598174603,1.299181253,-0.915967581,-1.545229115,0.803316043,-1.646241349,1.219532936,-0.904395123,-1.103292743,0.248462421,-1.038139285,-0.707111081,0.353981933,-2.429112337,1.642419246,0.043640132,-1.292966012,-1.017245369,0.991646378,0.601052935,1.386780657,-0.682742845,0.296583837,0.426567912,0.6952675,1.127281123,-0.717263906,-0.114170268,-0.610149746,-0.052611873,0.698432782,-1.6540355,1.109371569,-1.139182124,-0.30737032,1.243941925,0
0.632781866,2.270692858,0.129589893,1.91378388,-0.468981676,-0.417493965,1.44673759,0.444690845,0.76755571,-1.030250512,0.246434179,0.810375747,-0.67436963,0.628492861,-0.20439752,-0.645420792,1.013191443,1.137913127,0.128728889,0.450704395,1.324589077,-0.395487058,0.348581567,-0.386343453,-1.018457999,-0.394647802,-1.124943556,0.425555989,-0.772180245,-1.397053733,0.742706846,0.67767287,-0.330264999,0.703201711,-0.80609594,-0.372316437,0.407330144,1.033801821,-0.382439357,-0.595909769,0.982507039,0.612686418,0.1487235,1.181118848,1.947005514,0.365916779,-0.589871767,0.497309107,-0.819933887,1.242162766,-0.701649434,-0.193140426,-0.837676432,0.182173266,0.217454288,0.742645954,0.119642188,0.046267048,-0.573880088,-0.286347309,-1.392912981,1.393700908,-0.094301822,1.640696432,-0.121029047,-1.902124319,-0.450393922,-0.002606231,0.065350362,0.676837227,0.173880484,-0.336996263,-0.914989702,-0.406368359,0.604525844,0.858412709,-0.673857014,1.006996456,0.569064074,-0.887084201,0.246705051,0.369767063,-1.064442801,-1.358637627,0.473819045,-0.454275988,1.512101711,1.721066278,0.471989289,0.951740107,-1.023853447,-1.331896686,-0.141414312,-1.286560588,0.307637709,-0.783676371,0.190455807,-0.173101918,0.637352372,0.32633878,-0.403923141,-1.368385665,0.162510588,-1.742476541,1.246106911,0.52893408,0.842774572,-0.969484033,0.356081105,-0.666602806,0.149069713,-0.99843613,-0.083441861,-1.3785305,-0.16003059,-1.644381733,1.747113709,0.160404987,0.005680216,0.676057055,-1.299306821,-0.780750967,0.531059815,0.161454665,-0.71965008,0.64804571,0.302731287,0.505557273,0.38973848,-0.681403,-0.075847637,-1.857056191,-0.510832204,-0.245343297,0.626753433,0.512150903,-0.752081801,-0.774205939,1.306974299,-0.293908399,0.114249919,0.78524864,-0.079501668,-0.151659922,-0.315331882,-0.509072999,0.142902527,-1.82246366,-0.361116466,0.540250883,2
-0.61278869,-0.38770156,-1.933937532,1.360866103,1.188201324,-0.116753652,1.068819243,-0.041028718,0.21704479,-1.626043238,1.222027878,-1.753034534,1.72145334,1.822871435,-2.554546332,1.556960829,-0.238761951,0.422248801,-1.410525919,-0.322585033,-1.181092125,-0.789281374,1.222233707,0.999150098,0.820478771,-0.539103579,-0.690337425,-1.649365702,0.678000602,1.936636863,1.455782436,0.030686896,0.493339634,0.24742909,0.909456406,1.742100017,-0.569588792,-0.532401586,-0.287134492,-0.032849825,0.728326628,-0.067208318,-0.853420221,-0.840215569,-1.175232956,-0.10703048,1.033800585,0.42033711,0.563385391,-1.084208871,-1.172794791,0.178373693,1.246324475,0.844837412,-0.673565921,2.291225912,-2.029721789,0.029013736,0.102726239,-0.209138014,0.525663427,-0.202274459,-1.495373603,-0.088550403,0.164590343,0.911559305,1.417556401,-0.855487855,1.672195109,-0.428110164,-0.51050012,-0.410982188,-1.951282461,-0.422513794,1.311006014,0.477353061,0.227562224,0.350700536,1.261447133,-0.877990017,0.903878604,0.066522502,-0.783864008,0.463647312,0.083823502,-0.806730196,-1.069535257,-0.434892618,-0.511010348,1.220961853,-0.214249767,-0.373090861,1.128805137,1.349661509,-0.83147147,-1.243772683,0.515226047,-0.207384996,-0.545217958,1.038306326,-0.260583856,1.918197115,0.047685928,0.164127213,2.239764051,0.309647165,-0.706247589,-1.020468257,-0.461925532,0.23601729,0.911005587,-1.504111819,0.003159757,1.278747771,0.262182112,1.355870033,-1.507960472,-0.226575147,0.120467099,0.553169587,-0.851387615,0.415961748,0.493935854,-0.073505253,0.469939969,0.316313245,-0.658375549,-0.158122021,-1.248980656,-1.495898426,0.254332055,-1.894007044,-0.241837456,0.413402426,0.016439961,2.185432391,0.426759811,-0.268600177,0.60804524,-1.312162882,1.000202438,-0.504978472,1.106550325,0.400346023,0.625633913,-0.553859324,-1.144740658,-1.162497809,-1.715723402,-0.383448999,0
-0.307778235,0.219150328,1.106866245,-1.145284127,-0.23171151,2.638187541,0.567650087,0.62801339,0.105842425,-1.841127433,-0.817995592,0.913453806,-0.541826745,-0.169931452,0.291394468,-0.9768938,-1.282444924,-0.012571738,-0.370782696,0.227807396,-1.431807555,-0.534716175,0.688931926,2.945805773,0.119311388,0.670842348,0.487585116,0.293458691,0.682028633,-0.958855918,-0.35716613,0.249896614,-0.966372565,0.433328098,-1.916439296,0.812176459,-0.150409989,0.694110825,0.99691248,1.40970699,0.268684331,-1.733241736,-1.761338592,-1.264677347,0.72024386,-1.408637064,-0.234210211,-0.422196482,0.360858596,0.715242732,0.094917512,0.801755974,-1.100639345,1.020801966,0.131437274,0.759621754,-0.517188792,-2.05076965,0.665609277,-0.143428069,1.201833551,0.421860706,2.951913804,1.270884934,-0.24854556,-1.584879912,-0.871403894,-0.937598965,-0.521020617,-0.125333874,0.317767443,1.374134273,-0.870800251,-1.388508986,0.830993297,1.332271861,-0.490466434,1.041127063,0.770265861,-1.708379663,-0.63664836,-0.476755158,1.988603184,0.508606106,-0.503400115,-0.69714253,-1.569922754,1.066135299,0.395625525,0.619446234,-1.285577121,0.73579588,-0.238074778,-0.727128017,0.51310008,-1.200088984,0.179038255,-0.265450662,1.072525347,0.891891438,0.090866107,0.280924992,0.598604886,-0.009100564,-0.817699492,-0.482912404,-1.220576718,0.925408433,0.397903274,-0.423075908,-0.724861137,0.236321865,-1.412980882,-1.068677123,-0.019586506,2.441103423,0.452394093,0.185299198,-1.170781771,-0.933033364,1.356312217,-0.461892244,0.070654316,0.591809325,-0.420046271,-0.50769533,-1.72477984,-1.215806439,0.586821023,-0.43853881,0.668497105,-1.584789191,0.811325819,-0.039654749,-1.470663251,1.12919065,-1.406660179,1.077301277,-0.032314978,-0.893666062,1.848404402,0.405229617,1.214732557,0.432592128,-0.216443893,-0.870742954,-0.181199566,0.163419901,0.816615294,-0.393141148,0
1.029155637,0.472597482,-0.573743864,0.658396239,0.589673635,-1.469683633,1.206739964,1.061097951,-0.181416557,0.02725145,-0.913716274,0.252417523,0.226165905,-0.486718002,0.64554468,0.331511715,3.213307398,-0.901660426,1.332904543,-0.85231591,0.52744717,-2.599428321,-0.512353609,0.472067151,0.23991111,-2.005134126,-0.411888849,1.476717716,1.028944544,0.960461863,2.352203424,-1.744903215,-0.394414171,0.031073042,-0.731186273,0.124867398,1.30098014,0.11032385,-2.20397368,0.676908066,-0.014992721,-2.179270073,-0.615502244,-1.735699895,-0.287827093,-0.503932512,-1.525146583,0.251036137,-1.082686395,1.324034541,0.16819544,-0.260816664,1.254069391,0.260242282,0.34660341,-0.065014672,-0.313676964,0.404181797,1.524020884,-3.419595586,1.868281804,-1.008051157,0.192421531,-1.717029821,1.491437597,-1.382764597,1.122330196,-0.241178372,-0.162711424,-1.259200224,1.219167687,-0.147468606,0.717672444,-2.066278718,-0.891241355,0.250705735,-1.577871979,0.36125684,-0.661864584,-0.777701295,0.512743984,0.170767475,-1.124006594,1.123141712,0.505465027,-2.014491,-0.303177823,0.373248315,-0.11116762,-3.323451597,0.063511452,0.757550709,-0.081423885,0.055479548,1.019903464,-1.584237445,0.736417374,0.339593803,-1.623652349,0.697729184,1.806197602,0.333823681,0.554470007,-1.065383908,-0.618598115,-1.017903747,0.395826023,-0.517971972,-0.579693517,0.703745842,1.669729299,-0.087655969,-1.574925587,0.040167602,0.191560904,0.831409183,-0.323516277,0.881008326,0.727639657,-0.29808026,0.820305588,0.930180785,-1.091121652,0.960354942,-0.119976385,-0.247454497,-0.107948625,1.241207678,1.238450899,0.476328312,0.269589524,-0.10429831,2.698463905,-0.684786814,-0.447182187,0.302439537,-0.906684182,1.048755025,-1.471347207,-0.713865664,-0.401742785,-1.004669824,1.040975763,-1.314989395,-0.96318486,-0.676883853,0.842995205,1.452470646,0.522392829,-1.313693331,2
,,,,-1.196978586,-0.424238113,-0.891902987,0.927425369,-0.759397373,0.86182847,0.976581308,0.144312411,0.544428742,-0.501458465,0.849152478,-1.239760512,-0.462683996,-0.3076558,0.986492832,1.705246785,-0.454953084,-0.09673788,-1.18116713,-0.083119433,1.101497626,-1.795769,0.01848689,0.718023837,0.057042625,-0.18935244,0.876491304,-0.808749663,-0.779435251,-1.846232036,0.325344416,0.221152486,-0.573464537,-0.893655197,-0.047418846,0.096131898,-1.197539166,-1.945988507,-1.725380294,-1.453562271,-1.205583205,-0.084008586,0.084888536,-0.167979617,0.358736662,0.400802152,0.329935554,0.089115995,-1.056379217,-1.335055987,-0.562063315,1.135415906,2.344211685,0.557220744,0.357923974,1.066970994,1.513096634,-0.922218128,2.903033743,1.587914131,-1.366483966,-0.998483207,2.816907487,1.03682933,-0.59718017,0.079193699,0.754102753,0.888711966,1.36826449,0.242242957,0.280446423,-0.363817162,-0.928958836,-0.975089271,-0.143771662,0.344195333,-1.455281224,2.046322271,-0.6956422,-0.857254034,-0.028264891,-2.369944669,0.361719233,-0.990242233,-1.922014264,0.143451186,0.142171026,1.945257669,0.179626848,0.172187566,0.0413045,-2.578417029,0.076824204,-0.048455308,-0.144737876,-0.833825239,0.565048432,-0.976631441,0.70539708,0.388175977,1.402368779,-0.464020435,1.337190469,0.212311364,-0.07521071,-0.853131012,0.395590497,-0.476088507,-0.0278763,0.777417115,-0.030731829,0.317232465,1.513642689,0.562823566,-0.679147587,-0.40548243,0.140711139,2.121560827,-1.334693055,0.190152655,1.364438034,0.614623425,-0.132143775,-1.719629758,1.511443091,-0.473207827,-0.952984987,0.250921059,1.427141812,0.404879173,-0.364610663,0.248000873,0.118459884,-0.468116635,0.067257961,-0.82428527,-0.988989221,0.552545438,-0.394452931,-0.02568342,-0.771879295,-0.566967105,-0.483455919,-0.587284518,-0.409858837,0.197436447,0
1.523124077,0.538910044,-0.963689726,0.4481534,-0.587535785,-1.045710647,1.716897446,-0.966327564,-1.523595448,-0.783693388,0.231648194,0.073552077,1.88721343,-0.768392948,0.236156407,1.128488888,-0.659015848,0.703724208,-1.832171101,1.758754539,0.994757762,-0.680674997,0.829817778,1.313182899,-1.288668584,-0.599877899,1.346083414,0.067472889,0.436166166,0.070197229,0.891488844,0.512931641,0.106217264,-2.101692648,0.640010631,0.729240977,-1.239538873,-1.171598908,0.517598596,0.194325068,-1.974793582,-0.822021704,0.313843099,0.676676869,-0.58431922,-0.147456488,-0.879352106,1.323923674,0.174588278,-0.667688283,-1.156301432,-1.266887369,1.811554719,-0.173511844,-0.39952109,-0.213243815,-0.630209786,-0.107010493,0.034928404,0.015003532,-1.262597799,0.89243098,-0.552959433,-0.658663347,-0.703826017,-1.052471693,0.267797665,0.894981972,-0.722989219,-1.843125785,-1.027114598,-0.448285949,-1.231435311,-0.598731689,-0.551526824,-0.015490022,-1.454954466,0.580113373,1.660938819,1.429117205,-0.584044147,0.668655161,0.550253806,-0.043525163,0.177005641,0.683043797,0.883375804,-0.811672263,0.74769139,1.666462523,0.882181642,1.536462915,-2.583519357,0.595709063,0.26425127,1.027084697,-1.125626158,-0.506141092,0.900536733,-1.059668557,0.242314257,-0.016938583,-0.195930667,0.572698642,-1.115500787,-0.780116782,-0.139248795,-1.201182365,1.230921802,-0.798767137,0.7863296,-0.875503307,0.704197206,-1.608848674,1.408615401,1.135133005,-0.552583508,-0.825640632,0.457802513,-1.526106222,0.034752087,-0.807588435,-0.254310115,-0.643848771,-0.798368633,1.704794158,0.780543483,-1.479862982,-0.875813405,0.857449029,0.968686844,-1.385082696,0.698604849,0.265029116,-1.941669965,-0.403197718,-0.136163316,0.048491805,-1.320582787,-0.763015504,-0.622943739,-0.535675717,-0.518997447,-0.132632911,0.309636615,1.774225725,0.870888754,1.31686339,-0.480755685,-1.00392315,2
0.638592459,-1.661520062,-0.292790231,-1.742393167,0.088184719,0.58007353,-0.549233415,0.261712833,0.108111975,1.045492223,-0.103692394,0.801091839,-0.313352756,1.967321961,-0.436841599,-0.684999124,-0.100492119,-0.728018906,-1.248656434,0.727602354,-3.062648714,-0.717533356,-1.341763915,0.1421694,-2.18911567,0.547850845,0.656089927,-1.632618045,0.190602703,0.516059284,0.940300374,-1.468929337,-1.609594643,1.502649222,-0.821889705,-0.527404175,0.633094524,-1.169201023,-0.265849413,0.891744293,-1.421102217,-0.500004329,-1.12672362,-0.773935419,1.18564858,1.405063634,0.257834129,0.532209685,0.504854901,-0.672335976,0.238150504,-1.29530839,-0.95856949,-0.086801546,-1.060970994,-1.272727083,-0.711897827,1.146333725,1.557139154,-0.032560027,0.582198925,-0.563494122,-2.065646793,-0.893522481,-0.308344033,0.140969282,-0.100976105,-0.281645615,-0.574633032,0.343862545,-1.363891778,0.802062711,-0.586350889,2.067098253,-0.31531554,-0.480175723,-0.562686189,-0.470202609,0.607228058,-0.042276201,0.987081666,0.464421467,0.031492459,0.372954336,1.196346888,0.656695963,0.280556993,0.422742555,-1.152684836,2.571696186,0.528125721,0.627914693,-0.028692388,-2.297568104,-0.265343585,0.075947136,-0.822837822,-0.831553208,-0.339251963,0.771528844,1.255754275,0.170962955,-0.567378726,-0.36238454,0.099534002,0.218030124,0.434959186,-0.439359884,0.529291133,0.450237235,-0.395092757,-1.719491022,-0.884936682,1.567595326,-1.693571593,1.317522242,-1.7285809,-0.773150227,-0.374718986,1.782303083,0.026130958,-0.214005161,-0.935346033,0.521960947,-0.512718445,-0.229003892,-0.358354505,0.719862175,0.761787552,-0.890388486,-0.627257991,-0.725878625,0.183352038,0.906694852,0.196665326,-2.190647694,0.759753186,-1.348990868,-0.71524039,0.198431365,-0.083885857,0.872735201,-0.610752632,-0.966613783,-0.311642725,0.977019336,0.629672871,0.087148008,1.325963188,1.144856243,1
-0.860413365,-0.384555544,0.727275215,0.845194475,-0.941116745,1.473581735,-0.815578432,1.673467608,0.468651688,1.271215052,0.370828126,0.656964104,0.710132527,1.144786543,-0.0328278,-0.899903835,-0.078939127,-0.667487831,-0.602072108,1.65477724,0.622727891,0.576737482,1.072643542,0.617510493,1.867077495,-2.094644328,-0.997592612,-0.700671848,-1.375716477,0.112922771,0.159932695,1.975336239,0.903789142,-0.507526431,0.49435948,-1.82698012,0.142255226,0.088787315,-0.902097397,-0.201197369,-0.692537489,-0.932545318,0.674499141,1.033911194,0.509995541,-0.438104669,-0.662553597,-0.406999983,-0.220007894,-0.872090258,1.053823987,-0.202273731,0.76488085,-1.399920842,-0.688340491,0.859393397,0.873545976,-1.202529945,0.303068876,0.329314279,-0.708213379,0.356997993,-1.5804517,-0.926891853,0.598957946,0.029500259,0.081420328,-0.175082685,0.536902582,0.585096893,0.791498113,0.1256692,-0.38841184,-0.55701641,-1.056846658,-0.402789821,-0.606384323,1.601578754,-1.046937591,1.037362117,-0.267737943,-0.206472954,0.401188091,-1.418537552,-0.799975068,-1.24113878,-0.380258303,-0.909195142,1.317143177,-0.583343474,-2.37849584,-0.334432791,0.807455422,1.630268451,-0.22949322,-0.516900068,-0.014451962,0.41505614,-1.128884007,-0.244450361,-0.049534564,0.045803256,-0.144542985,-0.935782005,0.338742658,-0.044572766,-0.04700455,-1.082528146,0.640187822,-0.94793529,1.616437901,-1.17925457,0.762215944,-1.908183275,-2.258306722,-0.554767094,-2.259700573,0.729723151,-0.021803459,1.401030628,-0.167193398,0.243150248,-0.268194547,-0.873930544,-0.406774351,-1.203952525,0.38741859,-0.307847417,-0.10024759,2.823730274,-0.403049789,0.313758792,-0.054135377,1.157594257,0.238458333,-0.271422711,2.292516574,-0.859684645,-0.193839173,0.916482433,-0.818133986,0.765612092,-0.479471482,1.003236261,0.977011523,-0.090083528,-1.000473249,-0.391475652,-0.014816292,0.888271212,0
1.593186627,-0.511215676,-1.264264775,0.202918459,0.622963275,1.566269044,1.308310564,-0.977320345,0.212107473,-0.13298635,1.217996223,-0.709172661,0.878080971,-0.987032366,-0.105981254,-0.884511321,-1.965040773,-0.904417229,-0.257512401,1.426169306,-1.087351708,-0.605729981,-1.440349115,1.155279103,-0.460462071,-0.338366669,-0.347734564,-1.950571107,-1.466605636,-0.951782213,0.616016719,-2.49924446,0.541306732,0.343098437,-1.814889615,-0.316972108,1.163860444,-1.070521305,-0.551976694,2.761055967,0.325897875,-0.257993951,-0.477058621,0.373059622,0.684908283,-2.155761512,-2.233935558,-0.998047173,-0.153843397,0.075569264,-1.703458554,-0.204783654,-0.071838899,-0.84984741,-0.534490354,-0.72650085,0.464300306,0.006869524,-1.142283669,0.955046749,-1.36729263,-1.712908674,-0.245150712,-0.250219629,0.072787022,-1.181321009,0.893080465,1.714737847,-0.021648382,0.316010411,-2.115141006,-0.434889948,-0.695996495,-0.858104692,-0.657500816,-0.557715106,-1.454932965,-0.487267964,-1.041681433,0.788333353,0.330329699,0.331700013,0.976786387,-0.826279129,0.269789024,1.070219785,-0.896161056,-2.029171255,-0.690692569,0.956520827,-0.95306971,-0.465099203,-0.779695071,-0.190353626,-1.048502293,-1.483124256,-0.440846904,-0.270408787,1.116481354,0.066262175,-1.171715089,-0.731681919,0.713492802,-0.423816295,-1.093106892,0.082329018,-0.789888173,0.478144826,0.362966143,-1.147380242,1.784968556,-0.122948845,-2.663775197,0.380554757,-2.598272652,1.03983002,0.057062424,-0.146181923,-0.084649761,0.501744345,-0.565155145,-0.094891553,0.033373169,-2.965955758,0.509303058,0.678102626,0.367430603,0.29671707,1.511452172,-0.1290539,-0.09463132,-0.737149893,-1.99873792,0.372938148,-0.62918927,-2.009652368,-0.160188139,-0.188140284,-0.315167673,0.050668883,-1.645966607,0.907149318,0.348532087,1.157770606,-0.639601851,0.345187265,-1.953650604,-0.918415109,-1.457145826,0.174878759,2
-0.039555154,0.681500697,-0.951111613,1.266481362,-0.122499531,-1.95764813,-0.007744294,-0.415387388,0.204464352,-0.567224542,1.286875827,-0.153391487,-0.210398665,-0.316044346,0.473688752,0.39493275,-0.390842649,0.023855467,-0.253013809,0.849708106,-1.288787931,-0.340607159,-0.195548561,1.394682264,1.175343978,0.392153884,-0.994413737,0.05724153,1.879647275,-0.148694623,0.128618189,0.186410745,-0.849771032,-0.808975328,-0.810002607,-0.298272568,0.442202269,0.169935991,0.507378781,2.160410761,2.594858211,0.093839189,0.923188967,0.65910493,1.076940712,1.041692401,-0.528211741,1.981325047,1.531098237,0.966576419,0.685665888,0.398400096,0.20523256,0.787651287,0.253753554,0.377975684,0.02359561,-0.133503315,1.915735664,0.21065985,-0.284677417,0.290845743,-1.082748965,1.066424258,0.137963621,-0.201714349,-0.304160329,-1.452855609,1.951254434,0.324704153,1.937021313,-0.125082575,0.589664406,0.869127947,0.62406163,-0.317339746,-1.636983284,2.390878391,-0.597117572,2.670553428,-0.470191955,1.511931754,0.718305714,0.764050782,-0.495093801,-0.273401072,-0.259206311,0.274768867,-0.084735397,-0.40671658,-0.815526554,-0.716988049,0.533742671,-0.70185646,-1.099044287,0.141010137,-2.18197284,-0.006397586,0.07883776,0.562897483,0.341101953,-1.277914198,-0.186220302,0.652779549,0.418040322,-0.781870421,0.415903474,0.914889252,-0.976299036,-1.960233739,1.774063386,0.315334914,-0.457291829,-0.491555295,0.146790538,1.041018411,-1.509788137,-0.40094456,1.65396742,0.824618956,0.739307721,0.407696511,0.310481277,-0.468175104,-0.558216518,0.806132448,-0.539607564,0.283832582,0.151735491,2.191887582,-0.160422296,1.168463312,0.707305106,-0.117242887,-1.243987336,-0.052963558,0.899236427,-1.22481758,0.835709502,1.34288687,0.09600707,0.913696701,0.140254483,0.571381441,1.493580286,-1.55397595,-0.765218893,1.250681438,1.435120591,-1.407925937,0
1.465648769,-0.2257763,-0.605860821,1.719377906,1.992515353,-0.766656588,-0.549557136,0.859587887,-0.38713065,-0.045411218,0.025388421,-1.919673156,-0.013837746,-0.689727774,-0.493122822,1.443632003,-1.256506894,0.813205187,-0.27896293,-0.279760168,0.790371896,0.340051295,0.570612997,0.968184661,-0.331308383,-0.612236735,-1.085150527,-0.82541053,2.949094425,1.244679581,-1.351074366,-1.322457957,0.481866062,0.547264797,0.548883835,-0.254955794,-0.12545426,0.327879524,0.085893006,-2.219300373,-0.229799631,-0.851406434,0.175211419,2.985259003,0.367481665,-0.313529686,0.921801502,0.482687887,0.42009449,0.606850593,2.056543565,-1.130888435,0.473632077,-0.92638113,0.555512646,-0.918686511,-0.417366814,-0.295089914,0.975816719,0.918454444,-1.245717376,0.054934111,-0.709579855,-1.258504911,-0.21701705,-0.308482788,2.426716486,0.432959825,-1.377617501,-0.564774004,1.021383295,2.088442773,-1.585983312,-1.879924385,1.870965175,0.389614177,-0.868292732,0.534629086,-2.635747739,0.003375507,0.327821173,0.92427014,-1.013895952,0.085687161,-0.925424626,0.255383756,-0.895346322,-0.408100839,-0.995815395,0.651136242,0.858451117,-0.23462057,0.038237995,-1.448591415,-0.299676648,-0.050204617,2.620793091,-1.111967026,1.464177239,0.996858773,0.280636404,1.758620484,0.372105473,0.389159196,-0.053120653,1.223568882,1.096469234,-0.625677287,-1.319247195,-0.202980637,-0.800038564,-0.063524575,1.237438135,-0.457301655,-0.042823381,0.058022735,0.848430882,-2.246889334,-0.606700295,0.211283692,1.200078956,-0.491902448,-1.876552706,0.619711446,-0.635362389,-1.189666659,-0.62434539,-0.184525358,-0.604744665,-2.205566057,0.897066197,1.274875041,0.651521991,-1.13768567,-0.201491534,-0.006521315,0.59879439,0.668340489,-0.734173799,0.081995556,0.457280405,1.455822322,0.70450654,0.789056687,0.083826628,1.410459145,0.409762796,-0.86108791,1.40336997,0.697903273,2
-0.035826039,1.564643656,1.392038752,0.111129375,1.318197067,-1.358174921,-0.443263465,-0.288575117,-0.114559427,0.084094388,0.690910957,-0.444806838,0.139028687,-0.04512289,-0.925889904,-0.113666689,-0.14365953,-0.165080565,0.031759457,0.075673541,-0.432295179,1.272714734,-1.169480629,-0.720970108,2.779963624,-1.037991355,-1.353754675,0.734476745,-2.077119854,-0.23527391,2.145824925,-1.544935922,-1.981964486,-1.499181202,0.898359568,1.12477672,-0.512588797,0.683212404,1.390255328,1.787346414,-0.246335281,-2.301471718,-0.820878922,-0.426804195,-0.258938797,-0.187859401,1.118894598,1.274428427,-0.171673654,1.098484876,0.357661367,0.064505973,0.906544157,0.072252048,2.057811177,-1.438411167,-0.515170899,-0.126518897,0.43945269,1.267960487,-0.024398567,-1.42222965,0.842513896,0.754958766,-1.941858659,-0.003804134,-1.590141831,-0.664651098,-0.902808927,0.809264698,0.116830174,-1.285591001,0.880065963,-1.433805824,0.33011379,-0.814010669,-0.365677083,0.504270748,0.521449399,1.336969074,-0.0822537,0.306450863,-0.437737322,0.181989883,0.439486048,-0.098309847,-1.803750484,0.331470896,0.364561477,-0.680173476,-1.284387036,1.475879151,0.491445511,-0.229081031,-1.137032883,-0.821814828,1.302590397,0.137661941,-0.550587067,0.509689231,-0.814398187,1.50084303,1.352800535,-0.466574071,-0.628670247,-2.618133199,-1.481580772,-1.339469775,0.135190341,-0.326233704,-1.345335487,-0.281164042,0.505337148,0.52783935,-1.899670281,-0.12826348,-1.383340777,0.901728697,0.784146416,-0.898027226,-0.766045202,-0.46126705,-2.252793395,0.335968173,-0.272844546,0.970175083,-1.098409218,-0.619122948,-1.506525258,-1.004290563,-1.181981996,0.995973679,-0.698261849,0.124175685,-0.380763404,-1.269465266,-0.168300423,0.599103332,-1.207759393,0.809112791,-0.849720921,-0.482983926,0.530683123,-0.663436157,0.037574859,-0.314690829,0.129368007,-2.380739106,-1.829681815,0.615967006,2
-1.320233207,1.831458766,0.076375589,-0.262207124,-0.269295226,-1.722743325,-1.152734151,-0.402939849,-3.093225675,0.64064432,-1.3726791,0.686838133,0.598916004,-0.543693043,1.000548326,0.743197345,-0.308961471,-0.421759615,1.097232786,0.232013839,1.044697168,-2.388974074,0.098485097,-1.577409087,-0.025788507,0.713820208,1.739140146,-0.938166728,-0.525704805,-0.095532907,-0.974531101,0.978559729,-0.070094545,0.121957023,0.620173127,-0.071711516,-0.817539128,-0.063020238,-0.85618136,0.107980889,0.996937721,-1.174978292,-1.532371001,0.049249936,-0.767799617,0.031745274,0.320403521,-2.143686229,0.689849428,-1.169668503,-0.022347951,-0.659382335,-0.551957015,1.69395794,0.319267521,0.904688403,0.150941354,0.620013575,0.417378362,0.254456145,1.107155909,0.156505454,2.285148572,0.960531573,-1.139540698,-0.176549709,0.397077599,0.044496836,0.686873419,0.797016705,-1.359586986,1.281077545,-0.496817465,-0.595904506,-0.599122393,0.808576406,-0.267067698,-0.663551644,-0.423959157,-1.794691659,-0.842163764,-1.239583549,-0.26916933,0.66419327,0.553875901,1.256750498,1.033975817,-0.528596715,0.019071401,-0.032556094,-2.151052683,-1.217259537,-0.167286677,-0.172896435,0.512325054,0.46364163,-1.770692502,0.518596734,0.178587206,0.623373182,1.066865588,-0.142882973,1.245588237,-0.889400454,-0.94573812,0.42877219,-0.368767545,0.261632565,1.99298212,0.393495074,0.212169539,-0.869220379,-1.699979807,-0.072546615,1.066870247,-0.322938007,0.401462499,1.426497273,1.401516313,0.428815888,0.170106479,-1.518633049,-0.630194644,-0.280755808,-0.852331611,0.248453263,1.911648183,1.517761593,0.243879862,0.779434072,-0.728604315,1.464089351,-1.561966596,0.912828161,0.49558971,-0.755859387,-0.208786757,-1.134252703,-1.091640048,-1.591054001,0.767513902,1.205344969,-2.161807864,1.838305516,-0.012008237,0.289853205,-1.472412836,1.32082575,0.200250093,1.13882624,0
0.069802085,-0.385313597,-1.260974759,0.257729741,0.845271029,-0.002708327,-1.610694295,0.386211555,-0.054646945,-0.156504649,-0.546837246,0.086787426,0.509817908,2.390648134,0.112332068,1.51114116,0.357755083,-0.099528328,0.148547528,-1.22173637,0.305860271,-1.992065065,-0.862666358,0.109843093,1.193982273,1.430624397,-0.23654658,0.15571732,0.98436247,-1.329493572,0.404747505,-0.827892867,-0.171825045,-0.45902325,0.435358127,0.550303674,0.891078677,0.348198828,0.17165377,1.8540238,-1.52435907,1.69560986,-0.289821909,0.570891586,-0.325659681,-0.70254163,0.484577193,1.042128309,0.473007955,-0.542115787,3.611350063,1.198573671,0.933342304,-0.352964231,-0.625165788,-0.279839076,1.081406544,-0.990604337,-1.068203831,0.539547533,0.319196445,-0.770313538,-1.091203578,1.437896993,0.357004425,-1.363535864,-1.293625536,-0.361511972,0.732841807,0.595008802,1.131678537,-1.490349807,0.22384669,1.425910332,1.33280173,0.358909981,2.348018509,0.609285116,1.042746633,0.044447919,-0.780975293,-0.875209201,0.181615215,-0.211502007,-1.76858567,-1.025793585,-0.318403574,0.727279376,-0.016073886,-0.072064211,-0.986912627,0.02316608,1.319101027,0.155575113,-1.507313581,-1.251522794,0.588788877,-0.224315475,-0.07458023,-0.612734175,0.503412212,-0.300917713,-0.186613222,-0.851223392,0.921691298,-0.221132792,0.607880333,-1.193591564,1.733883138,1.277374039,-1.90979767,-0.801937475,0.477634391,-1.319728656,-0.131594082,0.426631786,-0.184725912,0.538838704,-0.693329905,-2.244181542,0.982115312,0.975814654,2.503636642,-2.207186518,0.750832109,-1.968682138,1.756493282,0.487866834,-0.951928848,0.780222475,-0.553045008,0.3004161,0.205960716,1.744168136,1.81492591,-0.597265373,1.058105618,0.354840156,-1.412682067,-0.69622838,2.3361461,0.357854401,0.99977958,-0.212044312,-0.539941915,0.027264508,-0.266104055,-1.493252931,-1.003325457,0.707884514,1
-0.727137176,-0.247518636,-1.338491293,0.918636725,-0.275360895,0.707184164,0.034209779,-0.098749547,-1.087053387,-0.547448905,-0.115295633,-0.148469483,0.724237139,-0.64273113,-0.02960916,1.504469357,0.821555289,0.104853873,-1.458056163,-1.373691732,0.637384154,0.739804049,-1.945038331,0.699787635,-0.562115226,-0.40536533,0.88890254,0.73236341,-0.098715091,0.688214991,-0.363514065,-0.789818701,1.259946681,1.325769944,-0.643559897,-0.533767892,0.891322719,-0.693471564,0.80081258,-1.024448251,-0.286640586,0.978586444,-0.969062575,-0.587925145,0.376251426,-1.798189005,0.072858192,1.161237885,0.86479949,-0.049629573,0.02062761,1.491810433,1.370580213,-0.094590069,-0.629634038,0.857293969,1.130562033,1.378733911,0.583606622,-0.356117549,-1.669923821,1.938268982,1.602833287,-0.766990406,0.190689475,-0.22077931,0.066222247,-0.400374259,0.691523758,-1.134061688,-0.393859018,0.87351653,-1.973522641,0.308531486,-0.547788468,1.615356399,0.329097899,-0.787037151,1.452035555,0.021777646,0.131257251,0.887288574,-0.60577538,1.447286395,0.577065157,-0.641264067,-0.432441322,-1.256386754,0.30772423,-0.177777171,0.312703857,-1.701705982,-0.52391066,-0.982111556,0.492987482,-0.601809737,0.470338239,-0.533073455,1.626093558,0.051598717,0.915845867,-0.113364508,0.922858522,-0.772999783,-0.041975645,-0.465042166,1.86862442,-1.18860884,2.070252595,-1.374294119,0.73599896,-0.62184584,0.254864835,-0.17085233,-0.830467294,0.081056201,-0.417105342,0.571378731,-1.005483293,0.472473599,0.864115723,-0.10824299,-1.322816403,1.732308655,0.466988678,-0.721071126,0.493854869,-1.675665168,1.1763676,2.124486703,0.824089302,-1.003063188,-1.989074978,1.364020039,-0.147472483,-0.391429781,1.164984109,-0.590377531,0.762319485,0.02372255,0.246957797,1.629266383,-0.488917226,-0.580310755,-0.202235719,-1.202886721,0.93642435,0.803539423,-0.009357053,-0.924109243,0
-0.517611299,0.223787952,-1.613084999,-0.531686399,0.79108754,0.397463851,-1.384576912,-1.929562481,-1.089222347,-2.178080908,0.091677677,-0.459501825,-0.382520493,0.510393522,0.873622445,0.238274685,-0.222891982,-0.702401964,-0.350859768,0.207297924,0.925452905,-1.389517686,-1.12791775,-0.006149176,-2.111094959,0.285327261,1.056433911,2.358407673,0.082069917,0.859310282,0.021888318,1.619583665,-0.423227642,0.329342567,0.60367365,0.388561528,-0.771648155,-1.373780872,1.021209714,0.251201501,0.075294401,0.891912199,0.84515365,0.358234531,0.635585105,-0.525141252,0.533819098,-1.569387946,0.019760474,0.747222367,-0.718829162,0.142423946,0.301277787,-0.890714021,1.129084244,0.320346819,-1.675935941,0.090703229,1.453768876,-0.003971253,-0.650657219,-0.544636462,-0.160118651,-1.212382217,1.40243605,0.924064917,1.077282949,-1.503546046,0.128544516,1.078121236,-0.946881381,-0.072240814,-1.099443023,0.833924902,-0.214636756,-0.092474723,-1.128620824,1.547993609,0.050924667,0.791506213,0.384048873,-0.909061882,-1.641188669,-0.191393436,1.106481906,-1.969549413,1.948218465,0.833707292,0.190700415,-0.115839316,0.858736457,-1.220701716,0.442408194,0.308181513,1.795419483,-0.36524984,0.044644348,-0.066578282,-0.516895268,1.478242593,-0.974648221,-1.517637956,0.243921061,-0.724712554,0.254143765,0.633391443,0.146123202,0.02397765,-2.061805709,0.559529873,0.196226688,1.874218906,1.137222968,-1.481984375,1.060702004,-1.299616376,0.833699699,1.453597322,1.86701157,-0.396066922,0.706012346,1.009487707,0.470619714,-1.671441061,0.154453539,0.569037632,-0.001595473,-0.858674241,-0.200887938,0.901192906,0.393527155,0.465461426,-0.248612122,0.426478102,-2.106403336,-0.044033615,-0.38094295,0.027146831,-1.172804197,0.370250239,1.922388547,0.080763197,0.046522232,2.507738902,-0.947518152,0.494904482,1.580382253,-0.390345456,0.852865149,0.166794365,0
0.86960592,1.355637859,-1.200641691,1.95863012,-0.289885907,0.677828655,0.196780183,-0.495602182,-0.537956015,-1.383124998,1.122425313,-0.120530644,1.429573361,-0.4487675,-0.298020504,-1.133264029,-0.311440549,-1.240119017,0.402661456,0.107809212,1.474875963,-1.457755815,1.216001897,-0.978443853,0.344231605,-1.145438547,0.202773647,-2.510596255,-0.670581549,0.106099088,1.755446618,-2.128014713,-0.002277841,-0.518744527,-1.91605264,-1.124828391,-0.471110626,0.467076787,0.087898362,-1.312483947,-1.834035145,0.417648814,-0.19526735,1.611424552,-0.352556026,1.143230897,0.543838087,0.821607086,0.432412475,0.454331921,-2.291857345,-0.236912601,-0.663618279,1.270653837,-1.001674622,-0.280280415,0.800865723,0.300965392,0.167307489,1.109196721,0.260083147,-0.544934287,-1.296269356,0.486701745,-0.770104262,-0.241138714,1.078357192,-0.22127364,-0.444233962,-0.279614783,-0.252625469,-0.991198645,1.677358132,-0.549318972,0.784387459,-1.018459154,0.549526489,0.169355704,0.025032073,0.174936669,0.415959375,-0.226902337,-0.177025722,0.577436484,-1.141954353,-1.29629897,0.178946054,-2.009775452,-1.682839605,1.805246663,1.549395898,-0.57076246,0.999179168,1.033799894,0.471091176,-0.078925311,0.626448171,0.797988368,0.642109207,-1.54933439,2.033067651,2.403327669,-1.909194618,0.510966777,2.045722269,1.002281802,1.012932794,-1.438518153,0.791094752,0.239196698,0.779851745,-1.035526751,-1.071490798,-0.142558687,-0.379186605,-0.157437209,-0.479531396,-0.20101699,-0.666097914,-0.048275811,-1.423563261,0.514105301,0.260543566,-1.261828406,1.326358729,-0.826849731,1.188951175,0.329424394,1.000562878,0.176189319,0.566837829,0.989603987,1.907189762,1.074625342,0.448228714,-1.34851277,-2.415834306,-0.130410582,-0.714481505,-0.677723873,-0.082431896,0.662793912,-0.620895797,0.895192168,0.033493387,0.037612355,1.874996446,0.178109625,-0.054142167,0.523902007,2
1.550500493,-0.998354041,-0.7674153,0.822709268,-0.264202764,-1.338630381,1.715514363,-1.742258044,-2.148764589,0.700115626,-0.304321319,0.431594279,-0.00713552,0.600615329,-0.295696254,0.902236334,0.931045344,1.548912297,1.264029223,-0.106448758,0.696160143,0.417365241,0.421094575,-1.323768377,0.753219454,0.608739264,1.820284001,1.165582888,0.149573248,-0.10175142,-1.004075957,1.817713718,-1.065416113,-1.868992295,0.899879833,0.086958626,0.264412035,0.18656917,-1.058045612,0.368852413,-0.322784466,-0.46277121,1.423034044,0.791091365,-2.300923294,0.216307674,1.066055695,-1.245951515,-0.863667862,1.000265236,-0.45398665,-1.978220757,1.199741892,-0.174306027,0.373702321,-0.049282171,1.120977048,-1.098977469,0.66411642,1.318700819,-1.349369787,-0.739542521,1.644635575,1.081162904,-0.819316291,-1.214500667,0.282682694,0.329612907,-0.059142764,2.333345805,0.646751047,-0.840444067,1.057650196,0.058177499,-0.6767158,0.901038537,1.475591388,0.21584933,-0.977265465,0.113115865,-0.956176365,0.226503835,0.754480127,-1.976621895,0.715519178,-0.373761291,-0.562278348,-1.327333703,-1.073501953,1.764648824,0.849346128,1.294694288,-0.857331183,1.798657461,-0.066601016,-0.788826329,-1.078045165,-1.048354327,-0.746643018,-0.893875702,0.904286021,2.60116176,-0.247021908,-0.227692081,-1.857847741,-0.925261731,-1.620861239,0.813446792,1.933419864,-1.081039366,-0.203054776,-0.248465943,0.683392475,0.105310418,2.114453112,-0.749163776,0.899555091,-0.595226896,-1.601871265,1.42662163,1.873436835,0.409988698,-0.6301065,-1.138517382,0.560604792,-2.126789417,0.871735741,-0.417884126,-0.439388883,-1.073096082,-1.437225657,-0.05814447,0.19551215,-0.091727751,1.094741975,0.059901019,0.715577474,-1.468693026,-0.441895884,1.483510333,0.971698824,0.33363759,-0.378588114,-0.936225753,-0.529629687,0.637482948,-1.98281475,1.795035477,1.238833235,1.215913846,1
1.142822815,0.751933033,1.269613263,-1.245150576,1.357619633,-0.143581589,0.418514559,-0.496651052,0.923044827,0.406094019,-0.814153257,-1.165202,-1.460302435,0.187941776,0.572471412,0.650965679,-0.117981095,-1.156996456,-0.682074798,1.152348639,-0.484628565,0.143417631,-1.075650484,0.336583045,-0.457684562,1.046712714,0.773557706,-0.495705947,-0.126664027,-0.55111624,-1.419433197,-0.85744243,0.198217328,0.325259498,0.148547904,-0.301733054,0.933066606,0.063541905,0.703253828,-1.773775132,-3.922400252,0.283788028,-1.424765654,-0.212451703,-0.302097041,1.587400602,0.399996553,0.165859027,0.836991155,0.368497587,-0.457676993,1.07147593,-1.109750128,0.323247188,-1.547569794,0.203943858,0.192989642,1.676454962,-1.564973893,-0.600887176,0.822682427,0.335317256,0.180305051,-0.956135703,-0.590818348,1.245041008,-0.051509194,0.375359696,-0.115188329,-1.183085515,0.933810426,0.503232385,2.305636837,-1.01558138,0.822572921,-1.311543966,0.157346568,0.976506589,-2.072135116,-0.204932474,-0.563209734,-0.701957298,0.385212652,1.120685706,-0.133278715,0.205486428,0.114308753,0.001803506,-1.089342638,1.108444602,0.295195368,0.39488149,-0.806509629,-0.459220398,-0.176134198,-1.534124693,-1.688034325,-0.600747931,0.522520766,-0.65313739,-1.018805198,-0.814685653,-0.455342423,-0.353858963,2.165521452,1.054620628,1.024774112,1.168580364,-0.998820869,-1.222364615,-1.106870292,1.334506133,-0.547191789,-1.251356182,-0.4309962,-0.238605532,0.268413274,0.250951021,-0.828180564,0.685656393,-0.639193534,-0.156276337,0.686774071,-0.641821404,-0.569351424,0.59166805,-0.857733177,-0.384792024,0.555742178,2.054092441,0.605404505,0.472639763,0.530801584,-1.073190274,0.115596739,-0.029766488,0.32158454,0.116508052,0.379699677,-0.311467195,0.058608917,-1.227828566,-0.319907278,1.390833548,0.31880834,-0.020921037,1.896123276,-1.360834978,-1.109455555,1.712711411,2
0.243800714,-0.564078631,-0.684347708,0.204338129,-0.571560201,0.87817312,-0.131289045,-0.474888688,0.331513127,-0.405929419,-0.779714082,-0.337942577,-2.042395836,-1.970810269,-0.920316875,-1.193676881,0.650096648,1.259843904,0.324794882,-1.896703664,-1.409770487,0.350163784,-0.171686011,-1.856584208,-0.857325325,-1.074805787,1.457020808,0.705277056,-0.28748802,0.22874131,0.145794265,0.079183299,1.826640964,1.408780229,1.52490152,0.330788009,-0.337813001,-1.240663537,-0.995308336,1.014101645,-1.274262276,-0.179503584,-1.385199156,-0.097328705,-1.061370755,0.663988769,-0.243941892,-0.808960711,-0.956330359,0.133801607,0.050712123,-0.552250596,-0.318168503,-0.492845246,-2.1788897,-0.038962002,-1.555807936,-0.887396327,0.320850477,-0.239600986,1.528025674,-0.797285733,-0.411189436,0.162254161,-0.037157087,1.047653719,0.640114892,1.388193199,-1.615735052,0.786267268,-0.981353355,0.444602553,-0.243810991,-0.688702914,1.173977447,-1.6774268,1.812894344,0.631164679,0.169096771,-0.14859197,-0.370602735,0.468497052,-1.393751854,-3.073177298,0.085702765,-0.745896961,-0.916029874,-1.575610801,1.204226649,1.820613425,-0.051726543,-0.15565531,0.423144306,0.363390209,-0.520213793,1.212965439,1.132356674,0.742908742,1.778118911,0.774286118,-0.656203526,0.079067263,0.939934223,-1.051544294,-0.272785603,-1.583177237,2.011538156,0.407233367,0.596343996,-1.508509363,1.112007877,0.311048786,-1.798395271,0.456767963,-0.977825362,0.056527519,0.752765404,0.194913512,-1.844131331,0.264512705,0.852235547,-0.200354428,0.515756767,0.532583929,-2.021228942,1.25035003,-0.559638796,-0.724484633,-0.694934739,1.230462203,1.473691442,0.472388199,-0.481069797,2.909119639,-0.017927223,-0.652579332,1.024670479,-0.121107594,2.09050452,-0.846337996,-0.180784503,1.532808002,0.48813508,-0.29631643,-0.922570366,-1.135958556,-1.294732477,0.971795288,0.785622266,0.521072149,1
-1.037246154,-0.190338678,0.801425276,-0.01621094,0.7303178,-0.882300225,0.648577099,-0.175249486,-0.460900984,-0.366755766,0.490433417,0.774141316,-0.366414158,0.344309828,0.340816394,0.73833686,0.986915193,1.811221387,-0.465170387,1.4600099,0.117074375,-1.094801205,-0.650484486,0.46596012,0.723760712,-1.016267857,-0.763884257,-0.533116657,-0.863368022,-1.88008499,-2.219313713,-0.381807115,0.25207929,0.655585607,-1.362334074,-1.345339117,-0.527928603,0.003342453,1.0087816,0.717722069,-0.367828171,0.360155305,-0.843539239,0.074345756,-0.062423293,1.40430229,0.493555084,-0.770785046,-0.760554826,-0.333091533,-1.564466004,-0.230020378,-0.14365921,0.466526879,0.612125352,0.098916409,-1.629992687,-1.221046531,-0.605104924,0.652291449,0.618523971,-0.249438273,2.35973041,1.561567585,1.239919398,0.700658155,0.458541754,0.385576036,-1.805029128,-1.051284357,-0.222136787,0.127872495,-0.124456523,0.272276781,-2.10330055,0.505664303,0.062137556,-0.187449959,0.927312035,-1.045533383,-0.236894853,0.284418411,-0.853011309,-2.003343978,-1.15304011,-0.064720587,-0.249019744,-0.018266049,-0.659276844,-1.312263833,0.137008258,-0.166522994,0.637834883,-0.747684783,-2.020851991,-2.604459978,-0.401469214,0.127909162,-0.232312522,-0.565150452,-1.591382413,-1.889362205,0.367274781,-0.22760123,-0.363518315,-1.541750955,-0.9662566,0.04510435,0.284615953,-0.164240132,1.379249426,-0.575493896,1.286871922,0.216866761,0.108133442,0.932522716,-0.624127347,-0.329203459,-1.223541566,0.935212522,0.335505441,1.097793352,0.204863403,1.103042215,-0.747289124,0.987239657,-0.397814927,0.002531936,0.728355513,2.327841243,0.820052874,0.914346135,-0.545377955,0.156997991,-0.095867267,1.407666135,-0.145934195,1.328541852,-1.301646707,1.398777325,-0.861400847,0.853884157,-0.864330462,0.618347257,-0.962587161,1.036480941,0.845245466,-0.600687424,0.578084509,0.947432648,0
0.68626019,-1.612715871,1.416661308,0.850936928,0.536824684,1.654634748,1.917848002,-0.129079988,-0.969432443,-0.270292318,3.096695514,-1.569356343,-0.47053914,-1.412691152,0.124763863,-1.202691029,-0.108751023,-1.95009516,0.617620665,1.222345256,-0.383943622,-0.135130007,-0.163407231,0.180910675,-0.038169587,0.768116952,1.233039133,-0.814071222,-0.309328493,0.901619449,-1.421669048,-1.970721282,0.226315953,0.496346411,-0.722300188,-0.578651054,-0.760192322,-0.866925239,0.693495821,-1.180498487,-0.265522861,-0.905336168,-1.455288976,0.870178175,-0.519825222,0.18844008,-1.50807588,-0.741939454,0.756087881,2.587271456,-1.976216064,-0.201107795,0.412280598,-0.616100153,0.849521987,-0.866732671,0.15384766,-0.522071904,1.219431083,-0.676364503,-0.351873796,0.945689037,-1.028038659,0.068750057,-1.822534344,-1.087933459,0.382131276,-0.99069751,-0.544572932,0.493086402,-0.579186141,0.822842073,0.215662787,0.435683112,1.240965599,0.319823063,1.53884729,0.911262283,-0.52345243,1.293148075,0.263866021,-0.394679709,0.278385695,1.112326824,0.455045094,1.822392833,1.086530558,0.523160033,-1.026068083,-0.179732514,0.07166414,0.696631501,0.637333041,0.16954041,0.120349915,0.720456895,-0.858586226,1.695515819,-2.047166885,1.455409482,-0.045185528,1.002579814,0.363840434,0.346034411,0.554254476,0.809054289,-0.328830827,1.034799131,-1.084470624,-0.005330573,0.835969924,0.99501758,0.460788848,-0.393392438,0.896707778,-0.669366239,1.751409074,-0.084670897,-1.539625694,-1.194683468,0.043643637,0.139825271,1.969656685,-1.038499338,0.039462199,-1.059421407,-0.492654853,1.68397203,-1.136336223,0.587042424,0.392907359,-0.024171426,0.519436623,-1.160020382,1.656322508,1.924845495,0.047104698,2.423106131,-0.399027932,0.400431994,1.431889064,-0.45900446,-1.381549059,-1.611717066,2.060826564,-0.529024651,-0.185736763,-1.112764078,0.948339279,-0.781559859,1
-0.264656833,2.720169167,1.215065606,1.90088879,-1.588227099,-0.868831488,1.491943059,-1.877039155,-1.606458901,-0.488307787,0.191993789,1.592225074,-0.185265915,-0.608239148,0.311389938,0.469596483,0.441239822,-0.177986208,-1.955086114,-0.917615989,1.420271085,0.187068938,-0.322522119,1.118168548,-1.130116632,-0.225348134,0.137758405,-0.441377503,0.100762823,-0.187693931,-1.399343048,0.181477882,-1.328351792,0.165615125,1.374135824,-0.281023197,-1.17148313,-0.126987813,-0.831971108,0.594509003,-0.147988748,1.709763252,1.162989596,-0.153080504,0.715609068,-0.393236409,0.033956885,-0.361434196,0.76645596,1.432988277,0.798648207,0.921936601,0.923033437,0.551255922,-1.139286159,1.700971519,1.804410827,-0.233879603,-0.370697915,0.612411653,0.550812835,-0.201946069,-1.250025656,0.305701191,0.551436538,0.725821148,0.349292772,-0.271115148,0.99400204,0.065848498,-0.464923014,-0.180653382,-1.745969032,-0.182241824,0.68843652,0.339783022,1.520664173,-0.262974914,0.487313163,0.792740176,2.342857008,0.144765491,-1.044187179,0.847928753,1.865727356,-0.32254871,0.841081539,1.228728055,1.017065544,0.125558522,-0.698473758,-0.081279548,0.458600454,0.908222524,0.333945048,-0.379907967,0.555379656,0.860085068,0.379610056,-0.836187115,-0.181406035,0.947820776,-1.383017809,-2.093178022,1.50808285,0.511415255,0.606730003,-1.076816974,0.737528063,0.275248688,-1.584327578,1.424283414,0.158683324,-0.396083966,-0.377989746,-2.015221905,0.5933366,0.261857207,-0.194080132,1.278485207,-1.383859019,-0.596772476,-0.850008255,-0.27879498,0.067470025,0.430013524,-0.346973453,-0.877355735,1.68600695,2.411640192,0.143286672,-0.756780367,1.475454131,-1.446757106,-0.334773325,-0.696117051,-1.15953555,-0.280024233,-0.864172079,0.012654464,0.027177168,-0.621331724,-0.370513357,-0.230848968,0.809846061,-0.148429401,0.824701741,0.585812984,0.571530697,1.38784597,2
0.132969674,-0.700120815,1.22998181,0.846853669,-0.338897309,-0.761859883,2.015204818,-0.513862512,-1.834458434,-1.20805696,-2.027343224,1.221289402,1.821482644,0.249857429,-1.603693978,1.201707404,0.465759427,1.23099606,0.5899983,-1.384760524,0.661462718,-1.55500034,-0.771766715,1.033102073,0.983898812,-0.943865268,-1.13971064,0.026410434,2.003199047,0.560857519,2.352715155,-0.164557132,0.883283647,-0.315954304,-0.800118135,-0.951542077,0.353524259,1.294784671,-0.326634943,1.421349841,1.83078648,0.867683001,0.326816812,-0.670429349,1.302829896,-1.140877467,0.607269587,-1.289084571,-1.057400321,-0.061368731,0.703985047,1.004811344,0.00403211,-0.417536163,-0.790087814,0.70001854,0.661433505,0.1775128,0.301663866,1.601634003,1.016646546,-1.415277806,0.887569833,1.381274385,-0.819603667,0.948310181,3.005744426,0.482380677,-0.23570237,-0.100785234,0.131176803,-1.577179328,-1.623432044,0.270460514,-0.04875774,0.663036004,-0.282483151,0.08257055,0.950591222,-2.275951043,-0.916370243,-0.523523742,-0.1586275,-1.417235311,-0.908579969,0.699252402,0.464955715,-2.792608494,-0.225217038,-0.142257114,-0.913099904,-0.142021618,0.392627418,0.715034935,0.101231505,0.646851671,0.010913517,-2.284768271,-0.133816026,-1.228951994,0.113440843,-0.219999174,-0.229427276,-0.837812322,-0.398862965,0.306995211,-0.913416865,-0.621228159,-1.752602864,0.279134206,-1.276131263,0.027843672,0.706339299,1.271291659,-0.321477491,0.624719261,-0.007397342,-1.872403552,-1.486324002,0.847272845,1.157522444,-2.118956152,0.333729245,0.268983296,-0.802545691,-0.792185025,-1.056465882,-1.921115591,-1.053923451,0.696338188,-0.350555098,0.73392387,-2.001270763,0.439622278,0.777529995,-2.613295879,-0.526914873,0.343924544,1.303046387,-1.3789686,1.387234316,0.438650655,-1.002747325,0.992755788,2.302794184,-0.335454199,-0.418015466,-0.952023755,1.838304073,-0.729517443,1
-0.066079799,-1.2110162,0.788482236,-1.177983823,0.783239037,-0.202358246,-0.394944231,-0.682551471,-0.171716564,-0.625753755,0.1697543,-0.172943161,0.220538493,0.553271538,-0.294365172,-0.737293228,-2.006402631,0.770653717,0.078765263,-0.17617638,1.171916383,-1.288521193,0.056239762,-0.96405864,0.656005854,-2.226141279,0.804015663,0.762660187,-0.923012433,0.066339709,-0.90152334,0.427596461,0.820229108,-1.004979666,-1.296748657,1.096437151,1.941170592,0.494447057,0.568441488,-0.332040579,0.180028006,0.350721285,-0.182572936,1.349860522,0.176744756,0.30560001,-0.16196305,-0.060339275,1.218710271,0.145906031,0.169295053,0.182202078,-0.364512637,-1.407940016,1.572574147,1.068294012,1.249043652,-1.072518869,1.444920255,1.966870787,1.044822414,1.647822413,0.797848608,-0.846607603,0.50763187,-1.0203427,-0.597374138,0.316280429,0.182018471,0.463075406,-1.792088994,-0.154237947,0.548998498,0.748373673,0.813772981,0.251258261,-0.37922415,0.501470885,-0.299713115,0.901056387,0.427307953,-0.061722147,-0.768995118,1.119475441,0.559049446,2.102969677,0.526219264,0.609916891,-1.465268815,0.31048438,-0.316528253,0.826432288,0.334684443,0.985273181,2.132595114,-0.798362305,0.94670656,0.683593167,1.979294788,0.70538457,0.601410395,0.851453231,0.921266109,1.454370152,-0.819378529,-0.392338778,1.735286119,-1.958714945,-0.084729244,0.149559986,-0.17691188,1.580948033,0.475937782,-0.387314105,-0.634409311,0.281825578,1.165954037,0.138408111,-0.134420334,-0.695283689,0.374038838,0.318570522,-0.724218566,1.026416176,1.706043309,0.048997968,0.302137643,-1.104934621,0.737189525,0.464174217,-0.326104479,-0.743492519,1.847570244,0.382770236,-0.917671296,0.855544292,0.229657313,0.05889233,0.978557296,-2.612763088,-1.807039611,1.379218725,-0.128922116,-0.426772281,-1.337756988,0.193849349,0.317255806,1.440814642,0.372445175,-0.3028079,1
-0.611517803,-1.406661097,0.010134357,1.37520165,-0.002405255,-1.463254317,-0.552863852,0.61511634,0.166793631,0.451932624,-0.172260368,-0.765758792,0.125421565,0.067942631,1.027172862,-0.469872054,0.048742273,-0.145218369,2.273963815,-0.752996931,-0.384625082,-0.95743216,1.303834991,1.377954966,-0.21689809,1.185593818,0.328101597,0.702020672,-0.994853552,0.161377688,1.872370721,1.477452589,0.805299789,0.951063256,2.433008454,0.785766249,-0.661683189,1.213010986,-0.074306852,0.488775759,0.118493923,-0.708785988,0.308500732,0.966874554,0.738755637,0.479930451,-0.200643578,-1.658967241,-0.047394868,0.554288765,-2.158812434,-0.067004245,-0.094817943,-0.914666751,0.76041672,0.944191829,1.814139223,-0.02819809,1.291511844,-0.819254329,-0.371190375,0.67948115,-0.656034579,-0.162176254,0.83955603,-0.006047339,-0.919638111,-0.589552276,-0.273396702,0.587548517,-0.324923188,-2.449027153,0.786274238,0.645444026,-1.065542028,-1.133303882,1.351093141,-0.240596688,0.753575715,-0.693971231,0.655275593,-0.922852969,0.422285031,0.356895377,-2.064593783,0.123977367,-0.718614443,1.093005203,0.235195779,-0.247300226,1.518853445,-1.903216878,1.927292402,1.875450608,-0.389689233,0.888397583,0.485364376,-2.485189421,-0.111522609,-1.26504738,-1.356225377,-0.286470291,-0.251785686,1.215816688,-0.752494269,-0.39481634,1.367334286,-0.183701741,-0.513143313,0.85685598,0.530632219,0.09992904,0.924051805,-1.247671865,-0.581883425,1.998336979,-3.034457083,-0.672818982,-1.18343692,0.071018314,0.60493899,1.106961945,-0.410383884,-0.92278615,-1.451269755,0.047924955,2.127298667,-0.587696974,-0.071780539,0.136191886,-0.422847043,1.423246959,1.209322176,0.818267139,0.96053401,-0.685234623,-1.147899693,-0.677338316,0.28041329,-0.324574022,0.569091447,0.108219374,-1.339320238,1.24077762,-0.511322644,0.786302099,-0.847606396,-0.881044856,-0.929004477,-1.431844564,1
-0.828995011,-0.56018104,-0.748157937,-0.1269292,0.388182293,-2.588359164,0.016919799,-0.746121013,1.402362653,2.942752646,-0.359279035,-1.722228561,0.11687697,-0.205429329,1.971350649,1.666589343,0.865374971,-0.586694081,0.677766566,0.265006359,0.241323203,-1.558229849,1.061795338,0.107808328,-0.100841348,-0.600156495,-0.7936165,0.317258581,-1.749162802,0.78949876,-1.054105437,-2.058680686,1.821895316,-0.858087049,-0.722159162,1.134538331,1.854430901,-1.533001579,-0.95616806,-0.882678822,0.934801663,1.639132128,-1.080252562,1.414745338,-0.709034112,0.336122903,-1.271453699,-0.121930414,-0.111112714,-0.315158306,0.384970981,-1.007030865,-0.883723298,0.437872145,1.342035331,-0.022813694,0.503670773,0.75808001,0.830505189,-0.953524726,-0.77701023,-0.690074594,1.928633801,0.508192939,0.46331572,0.366235753,-1.320793404,1.938190471,0.479187531,0.723160113,-1.765521289,0.779643852,-0.35621245,-1.322782975,-0.953763666,-1.264894208,-1.281784195,0.06054782,-0.386762789,0.334069362,1.675975871,-0.129503714,-2.244889294,-0.241958212,1.193394436,-0.085939472,1.529330654,0.452941593,-1.838269734,0.10958225,0.297001294,1.080355801,1.819636572,0.90772552,0.440479797,0.676188272,-0.168006806,-1.462877837,0.041496086,0.365290327,-1.203657626,1.326621639,1.005411015,-1.371761415,1.365832289,-0.308314369,-0.778491565,1.079277693,-0.051054413,1.899185321,-0.852888044,-1.731657524,-0.280438281,0.789222499,-0.927142986,-1.330100383,0.228927403,-1.46368721,0.3066927,-0.340623051,0.494466488,-1.383828804,1.298163151,-0.183034485,0.763522668,0.959875461,-1.157444952,0.88225751,-1.425066775,-1.370137743,1.963999236,1.111853369,2.073664175,-0.370214031,0.102428664,0.527354747,-0.012195567,-0.746136021,-0.896084698,0.213862233,-1.066859842,-1.094863492,0.393572011,-0.095159351,0.937206271,-0.42491141,-0.58125595,0.423553396,-0.812024875,-0.658127726,0
0.271578837,-1.276748576,-0.216386951,0.976677078,0.897786549,-1.454173444,-0.786233264,0.5374846,-0.48909124,-0.707239416,0.823616812,-0.828310915,2.481602329,1.594272379,-0.213460673,1.249606495,0.186534061,-0.4158323,1.978068008,0.390470218,-0.894497722,0.460059256,1.677453855,0.002352427,0.209569613,-0.29973061,0.351974471,-0.977790241,-0.795522628,-0.342346102,0.167683602,1.112433912,-0.147165066,0.827446561,-0.440282608,0.588699603,1.198983153,-0.115148933,0.351267269,-0.586338344,0.586440769,-2.801441505,-1.625948283,0.572799629,-1.635954453,-0.488939774,1.403378906,0.863911744,2.394905976,0.075388491,-0.082735409,0.010144596,-0.924840371,-0.213174141,-1.260526933,1.173089142,0.738448202,-1.160478787,-0.665037471,0.390574147,0.271115038,-1.049504626,0.066107473,0.571311955,0.600022088,1.684656003,0.250062053,-1.240855542,-1.064534982,1.256180661,1.610939195,-0.034869738,0.382378517,0.093056033,-0.29810042,-1.491056717,0.477273291,1.781950512,0.170216179,-0.301951841,-0.43167728,0.49692061,1.151105703,0.532673657,-1.869666939,1.742374616,0.83326495,-0.180107601,-0.530315261,-0.446743044,0.862646126,-1.97546949,0.513707221,0.280546602,0.266587911,-1.162787252,-1.704060025,2.244386915,0.132933354,1.93595594,0.903344259,0.11241415,0.23189854,1.080334637,1.192792117,0.475992163,1.092772031,1.140335077,0.329648237,-0.603794946,0.497125129,-0.748292092,-0.380399323,0.397547388,-0.079225074,1.31553145,-0.660420506,-2.128134137,1.3100355,0.047515828,0.095064007,-0.788414294,-1.883634912,-0.818835087,0.570007729,-0.20115775,-0.332558628,-1.69931165,1.811281711,-0.059295696,2.341921748,0.366774152,1.551074724,-0.717790306,-1.514376391,-0.186497196,0.560010361,0.668610867,0.39452463,2.291771716,0.391830725,-0.310082573,-0.233547754,-0.805323226,0.293174067,1.081565304,1.408981633,-0.296826007,-0.052856322,-0.641592625,1
0.087047068,-0.29900735,-0.654533571,-2.049514516,0.373533683,1.455434484,-0.591018456,0.440059929,-1.568144313,0.457213064,-0.393382298,-0.762417951,-0.760363641,-0.393611582,0.382433316,-1.312163201,-0.397115332,-0.041471778,-1.099039225,1.796665202,-0.85349548,-0.669436914,-0.97830795,1.798480087,0.552905229,-0.936592006,1.106231559,0.200698694,0.257253421,-0.344477209,-0.749415987,0.337766099,-0.54508723,1.81675563,-1.269291105,1.536156773,-0.111318849,0.299085734,0.833157767,-0.630249295,0.864248385,-2.707543855,-0.719989533,-0.924062807,-1.253506012,-0.214954838,0.385749968,0.702659998,0.240876757,-0.665693465,0.369016438,0.124285695,0.936056168,0.776936703,0.030476414,-0.897253006,-0.652950156,-0.54978936,-0.315266334,0.268050428,0.71517439,-0.051118693,0.016124788,0.143306305,-0.515905313,-0.925392258,-1.755437897,-0.695149358,0.473145453,-0.702911438,-0.237807037,0.466431287,0.520689496,-1.079532852,0.997059356,1.127350089,-1.129849857,-0.82383687,1.191090683,-0.146853521,-2.219777947,-1.399681505,-0.249369625,-1.16304265,-0.413423771,0.032396214,1.462254604,-0.290453916,1.0725418,1.428760162,1.434309669,0.284754593,-1.963289148,0.460824865,1.048399888,-0.081067105,1.74458387,0.859833561,0.568273377,1.086380711,0.333369851,-2.492810499,-0.499138951,1.197168027,-0.80759134,-0.223472505,-1.044836314,1.783922595,1.681492457,-0.883868895,0.147298,-0.680494048,0.614944639,0.509683077,0.811705572,0.331918448,2.935406206,-1.027923765,-1.710603354,-0.393090201,-1.567988266,-1.49246227,-1.001314654,-0.922188905,-0.954618102,0.51821895,-0.506189061,-0.179514575,0.894232775,-0.766322525,-0.264545899,0.365759986,-1.941567801,-2.384905509,0.346117329,0.492014281,2.064220135,0.158094876,0.819739717,-0.195472644,0.297227222,1.667256842,-2.123992818,0.413616258,2.13558673,0.282034219,1.650572963,-0.62921215,-0.032047494,0.033524702,1
1.848956095,1.12656503,0.419686331,0.097381923,-0.410116744,0.911643716,0.081169207,0.073317599,-2.488693708,0.819951987,-0.170533658,0.7549324,1.644961331,0.823366572,0.054151326,-0.286427115,2.525723192,0.483385314,0.209630088,-0.182939879,-0.896556764,-1.950686833,1.521176291,-0.779383067,-0.190315553,-0.106058476,1.433107931,-0.766291905,0.257348751,0.51216334,-1.384452482,-1.478464181,-0.715019543,0.243669958,0.116490181,-0.119082563,0.652386,-0.856795612,-0.170544806,-0.113542486,-0.829787618,2.301694951,-2.160437989,1.240680832,0.800072213,0.808287605,0.095848535,1.333578573,-0.448359597,0.392439191,0.073200425,-0.232310905,0.121852006,-0.948759088,-0.6640326,1.580313753,2.881597808,0.51995533,0.833558045,0.252031485,0.455054559,0.543791858,1.035428433,1.536949818,-0.884414139,2.827798524,0.138268961,0.138596066,-0.412909342,-0.409082021,0.616370904,0.637156673,0.565223671,-0.454835663,-2.701183263,-1.795533599,0.013287852,0.335881338,-0.419695778,-0.69290223,0.296693209,-0.107631288,-0.476492678,-1.615505852,-0.843934598,0.93259245,-0.962632808,0.663654475,1.386404098,-0.791062218,-0.444653839,0.987349972,1.23283175,-0.644794633,-1.621327844,1.254876412,0.583857577,0.400629726,0.915592147,-1.185108602,0.391199036,-0.285266526,0.60275582,0.799038368,0.97655331,0.598560976,0.250683265,0.284162571,0.366764285,-0.624305851,-0.370496415,0.402336643,0.650479986,-0.650992863,-1.076631982,-1.675299087,-1.261335293,-0.539557363,-0.446615232,-0.282836778,-1.205018412,-1.812542358,0.126563382,0.126968413,0.621335742,0.815038018,0.392358072,0.114667636,0.876006062,1.424058992,-0.676676228,0.770260671,-0.624176687,0.219034411,1.0695397,-0.273667733,-0.952076863,-0.459211989,-0.953048214,-1.074212793,1.206573398,0.532370835,-0.719553715,-0.98439156,-0.915406741,-0.719726761,1.152658212,-0.110089974,2.131614379,-0.039739208,2
-1.713134529,1.353872374,-0.982483903,0.438325429,0.49698572,-0.073772864,-0.220261003,0.948903956,-0.853598154,-0.340953343,-0.522149862,1.093894598,0.285494203,-1.064994097,-0.964506393,1.873415124,1.083217748,0.841550282,0.012246941,1.50847324,-1.103404786,0.752967512,-0.443273507,-0.24889332,0.725789265,-0.143557509,-0.434699859,-0.495157648,-1.986345746,0.763203619,-1.006630073,1.858409406,-0.28761255,1.309439797,-1.809031033,0.731483021,0.988555733,1.303563634,-1.528038773,-0.702718637,0.576509953,0.148441979,0.293359643,-0.360286606,1.550798615,2.608465448,0.103979924,0.453421246,0.056243746,1.284053399,0.829116284,-1.066380571,-0.61270201,-1.009296793,2.694822332,0.635311784,-0.595686226,-0.675552041,0.805231273,0.90492015,0.798107713,-0.425557359,0.305843644,0.110915098,-0.936260372,-0.926493843,0.411965045,0.196451081,0.553351711,0.791023039,1.499382622,-0.775904386,0.630236199,0.749198817,-0.312130413,0.121863184,-0.286558557,2.108590383,0.10485269,0.451505109,-0.263984297,-0.479634566,-1.302002662,1.099868625,0.768437497,-0.301096444,-0.900369903,0.179908526,-0.497696806,-0.222042569,-1.263559945,0.217069581,0.237003202,1.094722884,-0.150741569,-0.333562477,-1.556760866,1.100960948,0.892823117,0.028738441,-1.329231055,-1.214527031,-0.547105929,0.965225709,0.290337635,-1.493357189,0.404211915,-0.839146579,-0.522212227,0.971738013,0.765504084,1.093099883,-0.023133519,0.883024558,-0.586136264,-0.257565935,-0.326293224,0.023865018,-1.286491086,-0.225004903,1.451657302,-1.092528162,-1.329321282,-1.248688328,2.661859444,0.464851981,-0.270265384,0.068320413,0.227639399,-0.640449976,-0.517216749,-0.157683132,-0.724755088,-0.396934607,0.353091577,-0.99715318,2.609949421,0.753156611,-1.270084739,-2.477903509,-0.687503285,0.68436065,0.490469894,-0.11084851,-0.601442461,-0.904131374,-0.402583071,-1.012379974,-0.398877756,1.330950936,0
0.413434903,1.876795813,1.797144802,-0.046743734,0.43975803,-0.108286238,-0.103040582,-0.490092469,-0.560083888,1.696057754,-0.553833023,-1.540640969,0.125406783,1.017817286,1.242516124,-1.194465249,1.112756301,2.058938845,-0.684154436,-0.174065661,-1.231555465,1.853699543,-1.492386457,-0.399788221,0.784688592,-0.684012991,-0.989116092,-0.052240859,2.390156143,-0.256000587,-0.207072031,-1.115559372,0.385095497,0.883723403,-0.606304113,0.535731609,-0.598528042,-1.893721428,0.457364632,2.074383013,-1.195896357,0.179379835,1.30975515,-0.101985825,-1.426834094,0.044958196,1.490359982,-0.506534493,0.232242855,-1.05352767,-0.099472974,0.386691539,0.125852804,-0.43149738,0.442992706,0.669497557,0.735598995,-0.292928635,-0.621009053,1.963119012,0.137624161,-0.257487313,-1.477082036,-0.932480577,-0.64231821,0.439413517,-0.356227258,0.015197296,-1.433249896,1.404428839,-0.737490002,0.235122531,-0.530560038,-0.318132113,-0.794045682,0.296303248,-0.980342216,0.314254714,-0.118825495,0.63001982,0.728681459,-0.317580311,0.366031402,-0.448282189,1.316077757,-0.358980194,-0.201777072,-0.468809398,-0.73307629,2.033697893,0.486411602,0.068087168,-0.476220935,1.11311176,-0.54564064,0.120779191,2.202951552,-0.957252934,0.539574454,0.288545179,0.528159262,-0.284903597,-0.59225575,0.226492959,-0.45602929,-2.331637977,-0.824465988,-0.316666999,-1.077849154,0.150986816,-0.757596177,-0.043438897,2.167872686,1.227002574,0.591491941,1.809228901,-0.072585922,-0.062407818,-1.055596266,1.27815517,1.956992599,0.907409652,1.423386093,-2.737337056,2.339696349,-0.104343196,2.355968141,1.731650434,0.772425411,-0.343035305,0.158239127,-1.910024562,0.930799411,-2.555005065,-0.298688874,1.543237404,0.720724878,-1.529914761,-1.340305497,-0.597435642,0.078375784,0.876550825,0.604138107,-1.05875421,0.618732937,0.725337014,0.48852017,2.478184648,0.726318959,0.967822966,2
-0.589364757,0.849602097,-0.775864306,1.034938163,0.000571666,0.339878981,-0.546521161,0.019494023,-2.30201218,0.846011938,1.807932839,-1.065017549,-0.940332188,0.440879898,1.473879291,-0.002097317,-1.229318021,-0.208617237,-1.02993208,-0.668846293,-0.304041099,-0.929324588,-0.777905724,0.074534,0.215035812,-1.423980334,0.396381723,-0.381933863,0.720261524,0.780497521,-0.544541181,0.614147694,-0.83695604,1.323762063,-0.799136201,0.352749609,-0.187609145,-1.016894514,0.900915762,-0.614131809,-1.700072165,-2.882013363,-0.875044694,1.375908419,1.257738468,-0.718598402,-0.374454915,-0.464913076,-1.333432145,-0.948831872,0.981149519,0.503887871,0.273088859,-1.335146612,0.100703214,-2.303844969,0.842802691,0.258574901,-1.345232452,1.616425557,-1.796164659,0.530306182,0.555171769,-1.239670439,-0.037850691,-1.636827842,-2.846374316,-1.067876227,-0.616624942,0.644256181,0.067408085,0.093545459,-1.014421623,-0.530011304,-0.92992661,-1.224974007,-0.593699427,0.074512385,-0.572638519,-0.323502669,0.694914811,-0.500754419,-1.333966631,0.563453522,0.265849649,0.328659498,0.625838658,0.456641527,0.028728692,2.391452663,-1.284968746,-0.586417278,0.967334365,0.142586292,0.757923034,0.16975643,1.374056551,-1.007510856,1.342459889,1.170996493,-1.210289114,0.63066541,-0.043039932,-0.606582019,-1.88861919,-1.010813671,0.70811214,0.813841269,-0.210710481,0.816985143,0.945260078,0.154639959,-0.722333624,0.441054113,0.486984708,0.67394439,0.86540327,-1.362164572,-0.509929245,-1.898621346,0.746996038,-0.212311448,0.430814071,-1.475678748,1.40098085,-1.194339165,0.774563304,0.117950171,-0.189442778,-0.270160107,-0.638063009,1.295196177,0.012612834,-1.26922153,-0.383960202,0.128339027,0.897805281,-0.604619721,-0.537776556,0.023432127,0.87342482,-1.368754536,0.505354631,-0.46406253,-0.324432582,2.001575745,-0.196469225,0.75469375,0.718913837,-1.180023914,0
0.267050266,0.889630796,-0.66731349,0.6237927,1.356499624,-1.623151889,-0.68153234,0.511936984,-1.232830133,-0.154893099,1.270732753,0.62265478,0.521005791,0.747339431,0.324925206,-0.337236009,0.964866713,-0.475832411,-0.161513633,-1.655898687,-0.477764415,0.078626565,0.026416156,0.923832095,-0.437873398,-0.397557367,-0.541164148,0.241360778,1.546303351,-2.310377303,-0.487672301,-0.350983092,-2.131615186,-0.124067172,-0.353312589,-0.438865951,-1.103356175,-0.087379525,-1.166446759,-0.842053993,-0.199441884,1.021598636,0.41033249,0.613862625,1.96160006,0.440487584,-1.046824269,-0.562749596,-0.857097826,-0.135725953,-0.411393655,-0.942636493,0.924025593,0.995549677,0.179419578,-1.001948216,0.12156169,-0.611805717,1.285784297,-1.195675517,0.657607749,0.636491607,0.896446658,0.196295051,-0.330102886,2.393113603,-0.87706006,0.71810785,0.018432088,0.342893834,0.337540549,-1.082489676,-1.342272837,-1.277195069,-0.446025137,0.248218675,-0.687358655,-1.436385761,0.918552236,-1.538638911,0.479760737,-0.751400071,1.217573222,-0.525604875,-1.760567099,-0.039569029,-0.840368581,0.810844344,0.329737448,-0.629083203,-1.002695304,-1.097569274,-0.585908092,1.363730464,-0.143751476,0.947029773,-1.480875555,-1.920979709,-0.945424916,0.657086476,-0.288872172,0.889678821,1.263810162,-0.957225955,0.834329806,1.388037395,1.033518709,-1.593942153,-1.854932747,-0.448626227,-0.410775589,0.842864551,-0.967641964,0.415742386,-1.083202306,0.345062731,-0.457095146,0.358503713,-0.363826221,-2.207413354,0.508970258,1.170037765,-0.835838191,0.809529812,-0.613359003,-1.349905702,-0.611308916,-0.183813134,-1.320419588,1.349632298,-1.53083138,-0.541425375,-0.922254781,1.353800545,-1.507373203,0.82517758,0.197151401,-1.247733421,-0.351571714,-0.182568327,0.584951946,-0.64496309,0.63144277,0.048774614,0.451212388,-0.881221847,-0.241125486,0.110230669,0.081646794,-0.039555788,2
0.357015486,-0.692909595,-1.845394325,0.820982092,-1.083546192,-1.664182955,1.026162215,-1.019426734,-0.772517476,1.974373155,-1.659735361,-1.256286041,-0.459698142,-0.24025684,-0.893745282,-1.158655097,1.509994324,0.262986124,0.585168744,-0.137225177,0.289454949,0.932901661,-0.996299015,0.264835997,0.696042313,1.544797346,1.94789098,0.069859797,1.13863895,-2.670167933,1.552282909,-0.725883662,-0.241097449,0.441104484,-0.153442367,0.19645338,1.587692968,-0.384220045,-1.086923817,1.813463857,0.526764217,1.922238975,0.863629911,-1.323594392,0.645384672,-0.983948066,0.007431802,-0.075714404,-1.617663805,-0.81281049,2.2051873,0.238377405,-0.175596135,1.81289022,-0.39623531,-0.091420362,0.990802856,-0.400735799,-0.746520739,-2.253756415,-0.936498313,-0.946027746,0.158566695,-0.610458266,2.158019011,-1.05762893,1.400646687,0.219752955,0.806774036,0.746019595,-2.21823553,-0.011552679,-0.262228137,-1.132978095,0.459626037,1.716540316,-2.673003644,-0.534469676,-1.245766164,0.071777826,-0.325621283,-0.605677213,0.689506828,1.636181301,2.661318652,-0.739629048,-1.820875552,0.559196434,1.610484735,0.813689967,1.60634704,-0.225486671,-0.60957444,0.115435907,-0.330553187,0.663094021,0.969767778,1.048083665,0.510592671,0.245822327,0.794426689,-1.962991908,0.210570752,0.052478057,0.213080396,-0.087623546,0.431855493,-0.574602922,1.129523429,0.473649777,0.150685858,-0.697516571,0.815316885,0.206659698,-0.755483394,-0.056661542,0.629082619,0.551573539,0.487008968,0.092531392,1.025819533,1.237796504,0.737322616,-0.587451275,-1.058061717,-0.543939767,1.953656748,0.281695914,2.126441828,-0.120198344,-0.25881367,-0.074056537,-0.09217408,-0.773650912,-1.148848268,0.501336627,1.054900718,2.444981301,-0.433712907,-0.352655487,-0.771229294,1.125727429,0.814987455,-0.876934582,-0.902198087,0.952514759,0.383196151,0.758388713,-0.882768478,-1.877724864,1
-1.012104375,-1.654856672,-0.831985002,1.560005302,-0.451589234,-0.44292867,-2.629399993,-1.804479985,1.110167164,-0.259428055,0.991201886,-0.753699372,-1.467782038,-0.260923581,-0.572953119,-0.833090176,-0.807009383,-0.134938103,-0.491568628,-0.932268327,1.804714373,0.457955025,0.158482754,-0.066545402,0.665614666,0.531823433,-1.034279155,-1.532270125,-2.274084584,1.791931112,-0.445309939,0.592059538,0.202061269,0.912558738,-0.064537863,-1.327969069,-1.03711682,-0.350758221,-1.585270079,-0.854327378,-1.198822427,-0.328686767,-0.496032198,0.119481753,0.854467344,-0.242615186,-1.502409839,-2.048337378,0.162317809,-0.665499532,-0.157361389,0.329541155,1.443177014,-1.747505487,-1.012457625,-0.085234294,-1.140193585,-1.489055968,1.309577369,-1.047957041,-1.309185221,-1.148149488,1.085993795,-0.69538165,-1.385616054,-0.840161901,-0.048170662,0.891770996,0.807768479,-0.777769006,-0.531124126,2.102884071,0.99568453,-0.251780191,-2.29515244,-0.458828658,-1.326619362,-0.862681386,-0.965331822,-0.231208163,0.069759617,-0.731580842,-1.27770631,-0.178931267,-0.498278777,-1.897539194,0.607570943,-0.728847236,-0.269452248,-0.21984637,-0.015440909,0.146043321,-1.304597768,0.312358493,-0.344133401,1.084442988,0.814979024,1.32276283,-0.938365448,1.286665001,0.094074532,0.690187775,0.674380908,0.459054994,-1.088224105,0.955080622,0.351678512,-1.473085436,-0.483680581,-1.213081663,-1.426207284,0.853324244,-1.479373521,-1.321118295,1.978222966,-0.447885802,0.657660794,1.124831535,0.774213609,0.149572842,-0.037264079,0.537606349,-0.224662553,0.694886924,-0.258958919,-0.145536102,1.881760123,-0.480390249,0.019241389,0.430562727,0.494793457,0.292862417,-1.250390162,0.162043368,0.242828934,1.139960271,0.739241527,1.20586036,-1.003205391,-0.996020388,0.328099671,1.132851986,-0.200433923,-0.740289537,-1.601467201,0.363029266,-0.112913814,-0.433946321,0.905190036,-0.086794623,1
0.478979826,0.333662105,2.243911747,-0.602644056,-1.160922887,0.716988762,-0.945150652,-0.392403586,0.124573354,-0.143319449,-0.363413246,1.589689443,-0.111464324,-0.899426245,0.976952813,-0.722537606,-0.109066918,-0.904626697,0.211433505,0.039780273,-0.029009253,0.150018169,0.817801428,0.70309424,-1.039407267,-0.674653263,0.924372617,-0.782830221,0.491897285,0.83948257,-1.641580298,-0.406338731,0.815034134,-0.146973871,-0.404175238,0.831114781,1.103905756,-0.678409744,1.767130781,-1.784216733,-1.507113346,-0.454379547,-0.334529433,-0.288764547,-0.534505154,-0.725610873,-0.220312405,-0.589846398,0.681927738,0.030614465,-0.221162795,-0.072118655,1.114161367,-0.483406514,-1.273391426,-0.977364745,-0.233021199,0.481503195,0.879807521,1.648638343,0.739155072,-0.882947963,-0.203225875,-2.16366025,-0.311540359,-0.605106895,-2.313025389,2.107535576,-0.377983747,-2.107210173,-0.274140398,1.65077023,1.907099084,0.058370521,0.096377748,1.225593273,-0.15051192,0.460283832,0.839590066,-1.075936202,1.536767329,-0.879688485,-0.633791635,0.0998223,0.939601375,0.677404954,-0.04939968,0.284169791,1.073289736,0.008393427,-0.812055367,-0.602927839,0.909280658,-0.811236858,-1.567843699,-0.304188681,-0.075347294,0.860498302,-1.457776394,0.346471922,1.151259005,-0.817345201,0.081643711,-2.150591543,0.873163708,0.795596366,-0.019977786,-1.32728117,0.666883258,-0.244997932,-2.780382333,0.778212482,1.163615809,1.339305784,-1.277002884,-1.916793981,-0.410385143,0.517864528,-0.942790728,-1.591034415,0.724569583,-0.345206842,0.622589231,0.015796693,-0.166105194,-0.064135982,-0.358445372,-0.458542422,-1.101281119,0.483349447,1.247537146,-0.500479308,1.866099624,0.376577977,0.258174578,0.655018182,0.97510791,-0.454573925,0.554823498,1.046634682,-0.379377237,0.004738832,-0.767257825,-0.493048241,-0.349690912,-0.904196807,-0.062947419,0.330828965,0.427950257,-0.808471288,1
-0.474945311,-0.653329233,0.174515662,-0.352304873,0.062945097,-0.37529517,-0.379731125,1.076664652,0.175413642,0.347066272,-1.457304769,0.423458332,0.530423464,-0.398338623,2.085029676,-2.289227264,0.784367136,0.712804805,0.541582932,0.176212706,0.550679323,0.86817548,-0.725887584,0.299195622,-0.183316842,-1.0937684,0.717169975,-0.564360425,-1.497858675,-0.539110661,-0.798898898,1.028479009,0.153193141,1.382382746,-0.666556231,0.874169872,2.839622915,0.356032467,0.861648862,0.693517664,-1.422075327,0.585817297,0.306456321,-0.259747383,-0.884036374,0.69398324,-0.97240374,2.133645605,0.114169083,-1.223307048,-0.513996278,-0.278134338,2.412376654,-0.884588947,-0.116217263,-0.53782837,0.499258486,-0.521883414,-1.139056666,-0.19529458,-0.299393843,-0.592244378,-0.538810359,1.184695798,-0.319740214,-1.134127662,-0.462115964,0.054335659,-1.336269637,1.62597796,0.867579478,1.430172744,0.392128125,-2.09369745,1.535333717,-0.86356836,-0.782186744,0.156325144,1.378229847,1.053287134,0.90628112,-0.311827053,-0.327607526,0.345943668,-0.130070841,0.889317907,0.830117664,0.591341321,-2.525961282,0.127988364,-0.108853881,0.168025602,-0.754324639,-1.32478591,0.46313848,-0.356301318,0.574692994,-0.670914378,1.41591064,1.001064843,0.296827109,-0.213288413,0.852408878,0.392547815,0.238584188,1.04286541,1.426536154,-1.252411184,-1.050384107,-0.780260725,-1.502424598,-0.062748526,0.600116455,-0.021418295,-0.534121642,1.126457757,0.140556403,0.342982967,1.154234805,-0.123241939,2.060214073,-0.447815004,1.997948205,-0.974735182,0.517484903,-0.642532169,1.119566117,-0.478232608,0.290871191,-0.650541996,0.937225174,-0.655751261,1.683414845,-0.995997107,-1.345627918,0.951552078,-0.59164364,-0.007237313,-0.322241154,-1.312608267,-0.076993664,1.264915895,1.003137003,0.231792763,1.112268293,-1.059518585,-0.325454329,0.395804941,-0.130414827,-0.24682333,1
1.149273326,-0.703176425,0.177836982,0.323786791,0.192705926,0.50595281,-0.011599854,0.174046281,-1.013203066,-1.618063337,-1.117858147,-1.687007631,0.22443776,0.939092241,-0.94786474,1.008506051,0.451792585,-0.553748775,-0.349389323,1.115480431,-2.323732512,1.111419525,0.896020557,-0.589226858,-0.092854672,1.626781888,-1.3098843,-0.182040462,0.647233362,0.209706316,0.052055529,1.816768202,-1.108182163,-1.063356768,-2.513037341,-1.078665181,-0.665079888,0.319861572,0.959751187,-0.963921552,-0.142673981,1.395926192,-0.187496587,0.518700994,1.120874461,-0.929885744,-1.133342795,1.621033739,0.579213441,-1.326974282,-1.05666073,-0.200370781,1.393646818,0.981733437,1.067064487,-0.436424995,-0.00765945,-0.798350671,-0.415656466,-1.122809781,-0.871905935,-0.726151341,-0.145100208,0.420698583,1.666287885,-0.365501143,0.587933258,-0.179219932,0.962875011,-1.255305309,-0.535573009,0.662846693,0.581571324,0.599946806,1.409242104,-1.733717315,-1.254445067,0.561255367,0.813412175,0.655092866,2.708693179,-0.915873989,0.369207178,-0.070889968,0.621381544,0.375823636,-0.517602708,0.387801611,0.083468978,0.128195636,1.133781408,2.480681693,-1.913790171,1.2888414,0.64247399,-0.74167414,-0.362579673,0.882062836,0.05053568,-0.048996346,-0.686654643,-0.759094194,-0.96569559,-0.509913443,-0.128516788,0.354457304,-0.823039978,0.755517116,-0.90791787,0.768895168,-0.866010594,2.017084835,0.648320213,0.841026798,-0.172001969,0.607114493,-1.252158231,-0.97605305,-0.307350051,1.517894667,1.00657072,-2.236538998,-0.986065588,-0.086790329,1.256329459,0.244189027,-2.537381194,-1.172654598,0.720068923,0.20409733,0.13491985,1.11197601,-0.346170483,0.698801376,1.641844558,0.224439453,-0.894377638,-0.42650786,-0.903234946,-2.241014124,-0.790548835,0.635503545,0.00939707,1.358872128,0.143923655,0.883614432,-1.759668969,-0.438628314,-0.268952177,-0.825445763,1
0.214093744,-1.245738779,2.70086647,-0.07618567,0.936337381,-0.47098981,0.790641584,0.93931989,0.364426077,1.669246942,-0.884276036,-0.487220942,0.212380086,0.880806853,0.179429521,1.285759037,-0.661689871,-1.140578489,0.308128337,-0.077180276,0.54286372,-0.027402291,-0.340019791,-0.074937572,0.028848895,-0.3049813,-0.203132046,-0.403593337,0.85666512,0.194021005,2.256752472,0.160704551,-0.55085747,2.670675375,0.413626378,0.990124787,0.592102983,0.623011029,0.535654051,-1.102084565,0.367529048,-1.324861304,-0.174362836,-0.725617457,0.357470186,0.334126247,0.481145891,0.287296573,-0.606825342,-0.261003489,0.920396161,1.067856677,-1.146783099,-1.530927633,-0.726889383,1.045207582,1.21488403,-0.92471188,0.307309354,1.834431333,0.415311477,1.421503285,0.99872657,-0.910198706,-0.189981423,0.034754478,0.104133388,0.916328953,0.408684762,-2.936200944,-1.312840273,-2.187380915,0.175365241,0.240487649,0.283224959,-0.958928268,0.674144005,0.716262496,-1.255149067,-1.466038201,-0.000131686,1.791782274,1.699742742,0.56340436,-0.729996672,0.886842659,-0.452424265,-0.767507037,-2.143966832,0.102382198,-0.629867349,0.09643038,-2.299357696,0.169826673,-2.431121164,1.087940253,0.521891234,-0.278664771,0.56271986,-0.978074263,0.072375516,0.794774038,-3.094289249,-0.44722436,-0.02264413,-0.196293618,1.457101826,-1.123901125,-0.621159243,-1.915869026,1.510286651,-0.246290143,-0.438408888,-0.052482682,0.636235828,0.347363404,2.647884214,0.453935888,-0.465245429,-0.561356738,-0.392758952,-1.501836925,0.039864207,0.783468106,-0.613363601,-0.807380056,1.515945146,-1.426483157,-2.067818376,-1.152901944,-1.540432717,0.386226064,-0.3607045,-0.219687045,1.152934177,-0.691334861,0.775089412,1.511322799,-0.455662498,0.737022856,-0.241817913,0.924098129,-1.571489188,-1.645512245,-0.391267715,-0.888924809,-0.516709109,-0.219526582,0.720013532,-0.407660579,1
-0.151785095,0.588317206,-1.003476561,0.988922917,-1.365054443,1.947256739,0.027999545,-1.060884256,-1.231868554,-1.277604824,0.140362907,-0.00639232,-1.235922174,-0.356455787,-1.367935386,0.589301806,-0.054593266,-0.378402506,-1.28811073,-0.3001556,-0.414727881,0.317726701,0.167017978,0.792060102,-0.484576544,-1.860411502,0.991092877,-0.936032513,-1.106917053,-0.043116545,0.302270513,-0.530836406,-0.538692681,-0.391026318,1.416540351,-0.002678088,-0.967962839,-0.957783357,-0.25088418,0.237857934,0.483980162,0.124158604,-0.841873351,-0.4239413,0.733907882,-1.14609196,-0.465753393,0.597462858,0.875281427,-0.192915371,-0.411206811,-1.322117941,0.525639923,1.318779685,2.565154059,0.386446184,-0.050879652,-0.919810613,-1.878856914,0.17695925,2.35033912,1.27081223,1.116564269,0.245602817,0.35952316,-2.423747318,0.762510581,-0.57934057,-0.701727347,-0.323256953,-0.357004489,-0.717635592,0.013872072,-0.558277596,0.100322956,-1.487177815,-0.214057771,-1.09629559,-0.641449318,0.143398843,-1.603997615,-0.822407377,0.568964385,-1.413177842,1.77786714,1.204407956,-0.494527084,-0.787209688,0.201939903,-1.447462257,-2.002142725,-0.459335124,-0.134048767,0.094427224,-0.614740616,1.273946729,-1.495139658,-1.138262135,0.486635956,-1.161647386,-1.200320452,0.123354792,-1.05352262,-0.133084428,-0.69985656,-0.861663703,-2.102305391,0.139563153,-1.247189992,-0.168242204,-0.512104898,-0.206508059,-0.149675374,0.193628251,-0.727759301,1.242696479,-1.847400061,-0.226591119,0.836230976,0.476772553,-0.974835577,-0.808245493,-1.006792559,0.599227631,-0.739923729,0.255123088,0.264301414,2.368393468,0.31325126,-0.811144015,-1.460150262,-0.275852715,-0.119085842,-2.210699527,-0.71385416,0.297352543,-0.53235567,0.968623786,-1.558356445,0.67688282,0.913889742,0.956496476,-1.565856385,0.314552796,-0.668754119,-1.406142442,-0.413867725,-0.904977992,0.920750468,0.513063343,0
3.078880808,1.119574911,-0.124909605,0.235400251,-0.210684919,-1.040045381,0.296605256,-1.566121084,0.13764164,-0.994772885,-0.08103887,0.191203443,-0.352853471,-1.640510863,-1.188018833,0.458243622,-0.557442194,0.560849753,0.009701292,-0.197831891,0.347643588,-0.674897072,0.400394918,-0.419507082,2.536285559,-1.133935617,-0.35724863,-0.316906997,-1.351865561,0.725812589,-0.428724081,-2.379778222,0.695128572,-0.636168781,-0.104901423,0.67682258,-0.364706585,-0.372896639,2.464701984,-2.153745748,-1.285965487,-1.092060935,1.789022741,-0.644613306,0.240208875,-0.474078203,0.603200342,-0.012713548,0.253099196,1.287246371,0.440269647,-0.735067377,0.312067049,2.418652748,0.564970469,0.151909655,-1.370552953,0.724418531,0.87222688,0.312723147,0.114094119,2.832539681,0.855427749,1.240028262,0.066882154,-0.131594418,0.632099078,-0.132542862,-0.050433985,0.463205682,-0.512809846,0.220409215,0.080084147,0.967025637,-0.611314338,-1.999931905,-0.31063492,0.397286023,0.964107457,-0.692843003,0.54209986,1.135154366,0.751250663,-0.790635103,-0.683226375,0.43500345,1.625340312,0.014165159,-0.165327719,-1.369617465,-0.36428688,-0.715238154,0.027199374,-1.512823993,-0.328590454,-1.008934346,0.940229306,-0.859172358,-0.572349238,0.282126526,-0.453715578,2.359452622,0.930515157,0.017206578,0.368101385,-2.355423188,1.231725174,0.51189667,-0.073157823,0.565849683,0.687849244,-0.416372517,0.380162041,1.048724541,0.454897743,-0.252605987,0.296650762,1.382239064,0.783975941,-1.163067154,0.586683814,0.454157905,1.164113524,0.032819513,-0.369340291,-1.368164814,-0.694594407,1.20794557,0.197956487,-0.099787813,1.295623783,1.089602467,-0.735745554,1.200996334,-1.658581031,0.459544942,0.341308397,1.149781913,0.381011676,-0.244560199,-0.165562741,2.693248987,0.082640448,0.597075692,-2.02116176,-0.827356898,0.518768045,-1.614522524,0.549398834,-0.725125354,2
-0.259591351,-1.503142953,-1.281407682,0.91034778,-0.603832957,1.24380868,-0.03724762,-1.367826227,0.477198903,-0.801341143,-0.376845223,1.132724133,-1.289678554,-0.449615234,-1.083532003,-1.190332925,-0.473191188,-0.857569743,-0.273907023,0.638840061,-0.750860502,-1.468182732,0.641475996,-0.757578703,1.827769001,-0.408996139,-0.135975185,-2.304092299,-1.161733696,-2.27914055,0.294087321,-0.081796752,0.63012321,0.807409976,0.961471935,-0.225040187,0.085412781,0.578942021,-0.79472802,-0.938012447,1.54006724,-1.806164208,0.500004085,0.341211717,-1.123320575,-0.667843058,-0.35684103,0.216672286,0.351671269,-0.030929544,0.188392632,0.659450268,0.61326323,1.534306406,1.043135736,0.017791324,0.640682068,0.423823145,0.16440658,-0.868598432,0.162255875,-2.065248687,1.072325184,0.350347717,-0.159185034,-0.420718277,0.654502551,1.83751408,0.375079897,1.902247856,0.784354216,-0.805402496,0.487729253,0.39006809,-0.805992119,-0.407726356,-0.427550292,0.100225479,-0.280038775,0.268666846,0.430686253,1.267668434,0.549139792,-0.701940819,2.111102914,-0.695467234,-0.387592378,0.59749582,2.895299688,0.401585451,-0.641581872,-1.639326419,-1.705824283,0.010958188,0.54474577,-1.419813337,0.221972201,-1.313572032,-0.924404836,0.631748321,-0.74762643,1.310081733,-0.584378063,1.109441855,2.265215184,-0.745681378,2.466028674,0.013486111,-0.632567301,-0.296041108,-0.403445365,1.4017903,1.317837392,1.305968152,-1.299412908,0.189302691,-1.54969431,1.011098533,-0.483653307,0.503078151,-0.501858507,-1.755852948,0.885153245,0.962391147,0.139369122,-2.111400445,0.750354311,-0.737588107,0.516576314,-0.490602799,-0.387961165,0.497617505,-0.820904924,-0.166684126,0.509598858,2.166449128,-0.074469318,0.839489315,-1.171808148,1.694632844,-0.808038092,-0.132191545,0.511215374,-0.779914209,1.080908399,-0.661807347,0.830623923,1.067701974,0.578428889,0.708430968,1
0.173180926,0.38531738,-0.823861311,-0.351513377,-0.76914528,-0.934005502,-1.613016814,0.069478116,-0.568705707,0.966278739,-1.447396092,-0.542083555,1.812907221,-0.939609517,-0.236533252,-1.215843983,-1.348427513,1.547310983,0.171039493,0.133678838,-1.696316235,0.358741388,1.157421946,1.149477061,0.66833323,-1.129485578,0.313123417,0.66758496,-1.794443585,-1.121279591,0.888157322,0.876045777,-1.548583034,0.795021459,0.095303399,0.781008955,-0.634521323,0.645183496,0.843828774,-0.351334935,0.017752546,-0.64852163,1.651638949,-0.120271939,-0.922024325,-0.715825914,0.126770601,0.753331172,-1.335826845,1.847660003,0.308675294,0.466455973,-0.097189544,0.019258967,-0.148283138,1.017795969,-0.007928587,0.767050218,-0.433847523,0.195640528,-0.803920344,1.216528233,-0.833747241,-0.324979444,-0.314960412,-0.353951388,0.722495769,-0.316657765,1.393924531,-0.818475086,0.16937747,-0.775785989,0.420972783,-0.015949727,-0.155062045,1.188474967,-0.654341871,0.586515158,-0.768959913,0.1126852,-1.195575328,-0.662517146,-0.082143046,1.814649167,0.10080387,1.654668316,0.220323292,-0.387084244,1.539356523,0.437017622,-0.642721594,0.470571459,-0.29259475,-1.989034196,0.935973159,1.094934056,1.83794203,0.422143692,-0.248723424,0.834989427,0.849820365,1.638281183,-0.044627623,-0.165578973,-0.71554442,0.537462087,-1.548261668,0.776087373,0.587835122,0.585070202,0.138225237,1.532978248,0.871993465,-0.607077191,-0.58917905,-0.879673813,0.551283333,-1.000138921,1.083392144,1.322973308,-0.879016269,-0.185548535,0.016620981,0.88398316,1.609343376,-1.685492393,-0.318180718,-0.266016696,-1.400669855,-0.485110019,0.427768944,-0.278678903,-1.544621169,2.874082698,0.266177865,0.11169413,-1.097926363,0.260706162,-0.164213784,-1.888523413,-1.07025544,0.794926018,1.94401765,0.367165405,1.103083278,-0.155755309,-0.086546161,1.090979028,1.662777289,1.301096693,0
0.650201178,-0.099175864,-0.132984351,0.479017831,0.925076508,0.369821817,1.761665307,0.438519696,-0.534444205,1.284077456,-1.219564256,0.534111828,-0.15014423,-0.858166495,0.209289325,-0.285480078,-1.845746537,0.184198663,-1.032187189,0.122483673,-0.127156563,0.430527815,-2.272422405,-0.990898842,0.107445408,2.882997456,0.138822891,-0.440033681,0.873128574,-0.589072699,0.432596027,0.051995637,1.071997718,0.661622412,-0.479166026,-1.502061413,-1.069200569,0.296400448,-0.051784886,0.027283108,0.254157343,-0.81885216,-0.104461774,-0.010000355,-1.437713905,-0.611732529,0.391427519,0.698974673,-0.807779531,0.499428661,-0.614447198,-0.879085315,1.910180343,-0.415066408,-1.474847418,-0.438035108,-0.266256117,0.912723381,-0.358990283,0.378397659,1.062794797,-0.583444693,0.290914321,-0.06295909,0.225246645,0.100926544,0.146140421,-0.285541235,0.025163666,-0.272804673,2.331210603,0.605163759,0.002292559,-0.337912929,0.978694392,-0.815322198,-1.283385695,-1.358468782,1.297491934,1.245550836,0.159828103,-0.56026506,-0.549497918,2.042065356,-0.090801246,0.343044882,-0.439976045,0.090417178,0.377857974,1.806256829,-0.086943789,0.516667748,-0.357306049,0.186194912,0.341880148,-0.204513312,0.236896595,-0.709243387,0.502717188,0.055626876,-0.552397688,-0.11741315,1.307476076,-0.104543723,0.427610151,0.424674857,0.579795378,-1.104616623,-1.035193576,-0.748304633,0.606886615,0.261954328,0.211730974,-0.120897719,-1.32472614,-0.600379321,0.211166969,-0.170468578,0.178668316,-1.557182345,-0.013204987,-2.087131839,-1.303957676,-0.971321097,-1.842703591,-0.80157173,0.276893247,1.166156472,-0.53548412,-0.656711192,-0.120274176,-0.268062598,-1.012944677,0.541608734,-0.294299415,-0.6590204,-0.568794096,2.351289117,0.774751467,-0.339496656,-2.436309743,-1.704060383,0.086490792,-0.290702992,-1.152103963,-0.131969295,-0.744698736,-0.641175581,-0.173319222,-1.016119012,1
-1.200296407,-0.334501236,-0.461513135,0.384750534,2.354711398,-0.585206897,0.145148696,-0.944880501,0.0820869,-0.780217148,1.046800903,0.147318859,-0.93539726,0.840567698,0.179666039,0.952818777,-1.147662628,0.368824412,0.773341695,-0.42337749,-1.259002727,-0.041607495,1.228115294,1.125930331,-0.428428435,-1.283085436,-0.43117972,-0.468477651,0.446446783,-0.105001503,-0.753264212,1.104263067,0.140425867,0.435415653,-1.724985434,-2.424264871,-1.437545781,-0.480543426,0.576356018,-2.34224687,1.592852064,0.170566027,1.360294993,-0.885970082,0.503859934,0.08519593,0.817686313,-0.233791368,0.473215209,1.102195319,-0.651176294,0.242244232,-1.887862237,0.702503019,1.954662543,-1.244436048,-0.09138126,0.880481301,0.031417473,0.165099551,-0.390999442,-0.428152253,-0.086694154,0.041671422,-1.181441262,-0.066021986,1.568533939,-0.419133794,-1.237254983,-0.151416068,-0.714612812,-1.338341825,0.139168462,-0.710282037,-0.624714167,0.15342738,-1.533174595,-1.74156965,0.670872195,-1.930833601,-0.976677695,-1.799839535,-0.486136467,0.428058748,0.112337949,2.391873389,1.086915618,-0.93115785,-1.197055005,2.706687941,1.062572006,0.589369607,0.074851812,0.273521567,-1.482073275,0.15703917,0.071231397,-0.904138843,-0.538526454,1.515176393,-0.12517492,2.071171303,-1.740679436,-0.522130186,-1.547278551,-1.209422454,-0.828205706,0.315309627,0.266826171,-0.67929032,-2.227799557,1.477692873,-0.285764716,-1.11629017,0.274930781,0.204445171,-0.322676465,0.148531016,-1.15502984,0.759912843,-0.996867095,-0.605569655,0.648801816,1.203958965,1.585774568,1.055798238,-0.324072184,-1.541033069,1.405055586,1.370695989,-0.671976153,0.921189038,-0.332177794,1.501276884,-0.514864662,1.978651288,0.786120548,1.797544845,-0.46379727,0.405029604,-0.969279198,0.843989252,0.899041533,2.397023918,0.482039797,0.724094203,-0.470830377,0.541379373,-0.379891209,0.115860759,0
0.224092482,0.012592401,2.253935916,1.232784272,0.768971892,-0.659724671,-0.238006191,-0.001677317,1.314346114,0.402782766,0.525913801,-0.167654935,0.792665067,0.302322747,0.044022733,-0.743084172,-0.113571742,-1.079532704,-0.040139006,0.088911358,-2.404518385,-0.230339539,-1.175880205,0.498639326,0.637159744,-0.426339818,0.549022087,0.591066936,-0.229715839,1.534286975,-0.725074937,1.471365703,-0.225199429,-0.843326353,-0.351548476,-1.099389228,0.784557867,-1.602768978,1.389608554,-0.935867202,0.836653372,0.024225861,0.270815283,-0.590043371,0.352808,0.134974289,-1.457911068,-0.962500003,-0.540912111,-0.754996518,1.252810945,0.007014184,-0.778671348,-0.490769824,-0.504463084,-0.288049472,-1.075329405,-0.813931111,0.766606911,0.185343103,-0.152337547,0.002622817,-0.045560757,-0.209131105,0.517104839,0.443159986,-1.571762973,-0.131562186,-1.505819399,0.635577203,0.767666557,-0.610778898,-0.116758955,-2.111440297,0.972789814,0.70967374,1.150085262,1.48654414,-1.224109293,0.888044202,1.479304444,-1.494577871,-0.171211212,-0.363401983,0.855461864,-2.393941066,1.815957696,-0.112537064,0.916094402,-0.060237238,0.492125051,-2.321418259,-0.384882373,0.847761211,0.288732347,-1.636841093,0.061424894,-0.818742326,-0.905419251,-1.520694273,0.618702622,1.113014444,2.120143134,-1.474048392,0.767372161,0.83317137,-0.580504677,-0.917578385,-1.085742321,-0.527353243,0.202621596,1.360112011,1.105338338,-1.615416944,-0.788843249,1.299640374,-0.731092833,-0.056914163,-1.705288935,1.153033416,-1.912748206,-1.642810581,1.050817061,1.92006168,-0.290611085,-0.046862812,0.90827956,0.289447815,-0.373218179,-0.485453621,-1.566797957,0.232941772,-0.091916822,-0.437846179,-1.001814796,-0.900530853,0.618376921,0.881663648,-0.327116156,-0.432479573,-0.853648047,0.936820044,0.03099577,0.367900979,0.35847013,-0.307701621,-1.1653601,-0.996133156,1.127885533,-0.725684315,1
-0.450065471,0.622849932,1.439735746,-1.609414143,1.365870433,-0.877342529,-0.057921203,-0.295216388,-0.520152486,0.689784148,-0.005189213,-0.66769876,0.15399553,-0.696086727,-0.537775499,-1.497263089,-0.450308993,0.494204526,0.037124918,1.815063669,2.612817474,-0.464218396,-0.833317758,1.129816546,0.335208242,1.135874277,0.398830731,-0.194357847,-0.188685048,0.432776778,-0.211113896,1.219501243,-1.30233724,1.214143636,-1.873400748,0.145102286,-0.331042731,-1.516355704,-2.060019417,-1.09751467,0.045684327,-0.602184129,-1.040948901,1.352281083,-1.232184678,0.679117332,-0.888997008,-1.122805933,-0.603838627,0.619916047,-1.371465757,0.287455261,-0.960759998,-0.78076687,0.400641589,2.17348283,-0.91101699,0.719880584,-0.312712377,-0.474743455,1.07137601,-0.843522811,-1.154113227,0.460175795,1.594783796,0.749994705,-1.407017381,-0.615333044,0.979598242,1.581110218,0.228711325,-0.579172534,1.646018839,-0.074593585,-0.605808574,-0.774932538,-1.195018347,2.833580429,1.420957865,-0.656293316,1.731825927,0.533302173,0.474108001,-0.71791703,-0.514127178,-0.042424035,-1.965548994,-0.486820143,0.004489631,1.309518906,-0.616547546,0.812138111,-2.06049382,1.167030175,-0.900346967,0.130272969,0.406343119,0.210179557,-0.106779759,-1.241516285,-0.889540918,0.996431943,-0.597377459,-0.103295593,-1.492086257,0.858573362,-1.31948304,0.915962809,-1.062711761,1.01450803,0.010192915,-0.558757396,1.600401755,-0.068854993,-0.361812293,0.909117928,-1.480457112,-2.527165604,1.157979974,-0.836302079,0.864622425,0.046162372,-1.163989464,0.60728242,-0.41017019,-1.077340336,-1.051296372,-1.732838754,0.403024882,-0.935400744,-0.034722128,-0.181722495,-0.941556681,-1.522899714,2.533710829,-0.048532526,1.823382953,1.164936784,-0.321165301,0.180964637,0.151915782,1.844200689,0.829833692,-0.807272746,0.351618837,0.804314341,-1.175319049,0.494149345,1.345488956,-0.857472652,0
0.077368308,-0.861284201,-1.040565665,-1.00833401,-0.720064494,0.906004155,-1.75454648,0.43348428,0.257947333,0.968343764,0.257048987,-0.378839325,-0.815309725,0.990411674,0.496948084,-0.493135659,0.908911724,-0.445878215,-0.000941865,-0.604483709,0.533841904,-0.99419135,-0.298588688,-0.654553783,0.263711962,0.388487918,-1.104160927,0.406431389,-1.476723384,2.191973171,-0.511473069,1.049260665,0.201166393,0.241795501,-1.166073926,0.843440859,0.048647132,0.470139689,-0.090714323,0.130043063,-0.887171594,-0.152891077,-0.419889208,-0.705571198,0.13452574,0.363386956,0.25077201,-0.102260795,0.411109055,0.242164212,0.097527204,0.16615102,1.18300299,-1.205073561,-0.31859617,0.338174609,-1.582735902,1.382584483,0.254817876,0.956901764,1.119761879,0.412452929,-2.232593705,0.147694222,0.211886914,-1.086866756,-1.789673457,0.461669303,-1.249190337,2.061417209,0.263137282,1.351511718,0.031163399,0.751538828,0.053263931,1.00557293,-2.038331902,0.888147844,0.668764161,-0.154151658,-0.409163885,-0.299102251,0.282766968,1.214039365,-0.534189208,-1.701767091,2.484580984,0.671574565,-0.391211614,1.188846719,0.933693902,0.492282374,-0.477051692,0.667322519,1.089558824,-1.720072732,0.224494982,0.298175703,0.266076661,0.046183617,1.186073075,-0.211316933,-0.002785449,0.315665318,-0.178069527,-1.386001257,0.214130044,0.225456377,-0.365165081,-0.132314917,-3.17987024,1.208406049,0.901030176,-1.33783118,-0.675467245,1.448521361,-1.154850677,0.478458689,-0.492016731,0.410141957,0.050138025,-0.283231829,0.388521873,-0.493047186,-1.784232873,-0.927722269,-1.047858625,-1.604119158,0.369400066,-0.172766691,0.353941066,0.520751356,0.756468837,0.406921741,-0.979608597,0.579525525,0.221804739,2.190104779,0.00791834,0.382899786,-0.094825609,0.048895851,-0.018613354,-0.434623576,0.177353658,0.621760442,-0.419506679,0.835573289,0.71431033,-0.880262252,1
-0.158007899,-0.42688107,0.8132938,1.117029488,-0.175549875,0.055865321,-0.343293318,0.996342208,0.39173569,-0.558485161,-0.51255834,-0.014812973,-0.332283443,1.441772856,0.808215017,0.80611193,0.233917198,-0.826505812,0.696107554,-2.098182585,0.1740552,-0.812118933,-0.88911686,-0.463334156,-0.083936856,-0.023415622,0.790238153,-0.17388478,-0.101733535,-1.395612796,-1.265388121,0.287069044,0.630668381,-0.260471875,0.932957966,-1.407891921,0.398538723,-0.851777606,-0.930750169,-0.764915924,-0.080765569,0.43889693,0.362979209,-0.290482184,0.632267342,1.686741393,-0.119411201,0.094795774,-0.611729978,-0.391958541,1.248347265,1.258658218,-0.201067479,0.490251666,0.920457287,-0.446517039,-1.305908251,0.68930895,0.896387616,0.7492788,-0.374148824,1.523110871,0.284264758,-1.147589568,-1.596087459,-0.297194216,0.22481153,-0.287946183,1.993562399,0.403983526,-0.973148736,-2.270341758,0.235014049,0.98895409,1.863767209,-0.202411746,1.721999105,-1.358927639,-0.343908046,-1.014397454,0.792100909,-1.30107738,0.401749625,-1.241829371,1.757781553,-0.374256038,0.377965849,-1.788772623,-1.494802215,-0.773396471,0.850518128,0.659090486,1.085389961,-1.509730823,0.506869373,-0.559897468,-0.808104336,-0.537227664,-0.116467794,0.661044416,1.122805301,0.521072128,0.633270736,1.823049548,0.697073092,-0.213834831,0.581104735,1.707645904,-0.870360665,-0.430936958,1.450127749,-0.290472917,0.764289675,1.289087257,-1.255820479,-0.408422611,1.204689284,-0.126426599,-2.018592492,-0.509969773,0.794462455,1.2764931,0.050845299,0.483781608,-0.369060126,0.903184214,1.425195557,0.7681999,-0.118166747,0.434111065,0.952487901,0.027701688,0.800529016,0.370308978,1.419357803,0.700137646,-0.498557397,1.40449401,0.460055192,-0.139735939,-1.354003693,0.231378929,1.834888894,-2.72937625,-2.689713133,0.767339353,0.236172309,0.672383716,-0.526385928,-2.141777335,1
,,,,-0.991392349,-2.153390114,-0.638961748,-1.323089793,1.64201516,1.009817089,-0.688150345,2.252435805,0.981765487,-0.324831384,-2.499405715,2.290942573,-1.389572467,-1.645398747,1.022570432,2.439752406,1.384272819,0.56390912,0.594754342,0.853415559,0.75892859,0.281191424,0.104201104,-0.062593128,-0.753964589,-0.280675077,-1.692956814,-0.098339627,-0.988591107,-1.103589317,0.179894151,1.392002286,0.918316606,-1.570500604,-0.989628137,0.940771188,-0.982487394,-0.22463315,0.550052099,-0.968344455,0.105375506,-1.334025495,-0.601367644,0.319781934,-1.592993734,0.440474738,-0.019637799,0.552489954,0.223914134,1.36414043,0.125224503,-0.429405541,0.122297503,0.543298029,0.04886007,0.040591691,-0.701991688,-0.662900918,-1.402605272,1.749576743,-1.243863235,-0.692905198,-0.718407266,0.894924377,-0.294949678,1.247742073,-0.673490624,0.278994162,-0.835347053,2.145149128,-1.187598419,0.30982071,0.633776881,0.413799097,-0.185287659,-0.1298207,0.043811472,-0.147002002,0.963879117,2.210523002,-0.557491785,-1.36980298,-0.088282048,2.579709338,-0.803674568,1.639116805,1.677700814,-0.553588242,0.568983079,1.628396623,-0.379127741,-0.20358036,-0.581680914,-1.014756731,-0.649277545,-1.223940267,0.034083468,-0.769973231,0.233785912,-1.555895646,0.330880232,0.833528962,-1.993735643,0.37405657,1.227668992,-1.209641019,1.672572387,0.419019009,-0.705011856,-0.055769078,0.558326913,0.076005391,0.538755992,-0.920673593,0.169360824,-1.413714497,-0.111226061,-0.903907641,-0.735529943,1.236093175,1.091310121,0.609138121,-1.092312765,-0.31640845,1.2130977,0.141716914,2.31932954,0.393317839,0.192049116,-0.309116464,0.133540905,-0.152469836,0.708108677,0.956702317,-0.785989461,-1.331232954,-1.836205373,0.507991327,-1.103366606,-2.152890593,0.388578605,2.492999517,-0.006070912,0.838490774,0.081829359,-0.098889653,2
-0.53975968,-0.778304725,0.689033631,2.283725357,1.811164105,-0.467929962,-0.65911242,1.729934625,0.60069378,-0.467813584,0.1266813,-1.249358673,1.008989492,1.399844517,1.540078972,1.125819544,-0.320396715,0.894145309,1.460737388,0.94509015,0.853261689,0.191244869,-0.905864782,1.855325107,-0.036652314,1.214202846,2.478006076,0.908425214,1.174904461,-0.935612556,-0.727404783,1.264974092,-0.549582993,-1.341364321,-1.660787899,-0.216645867,-0.229297914,0.997877719,-0.989124593,1.377450801,-1.212614359,-1.185964718,0.138456851,0.053139428,0.579664774,-1.175654994,0.353066119,-1.678157382,-2.195179355,1.828021251,1.046554168,-0.00373187,-2.022585378,-0.45806354,0.448752047,-0.460223737,1.561250213,0.629230432,-0.923159682,-1.595826643,0.874635349,0.841028742,0.756063878,1.685347266,0.457669801,0.093821063,0.764463993,1.234783232,0.687423435,0.031439536,0.968275954,0.096155142,-0.48792254,0.121469767,-0.319093746,-0.085848143,-0.846094716,0.99901578,0.213822624,0.710527318,0.482285193,-0.902158332,1.323178427,-0.225183168,-0.36113446,0.214484618,0.234027572,2.600673739,0.596490343,-0.485560798,1.898057259,-1.630171335,-0.482008185,-0.555671484,-0.004281099,0.346197379,0.435670067,0.417188973,0.629904258,-0.06021039,1.289585711,-1.611942267,-2.552305851,0.740742514,-0.33120808,1.717332651,1.042647809,0.588814105,-0.486750312,0.675837583,-0.396408639,0.059639284,-0.326292092,0.259147096,-0.250896152,1.000684789,0.452690736,-0.509185173,-0.447414209,-1.270026185,-1.952282382,0.932779612,-0.356156157,-1.217341185,0.444438519,-0.721458198,-0.069302132,-1.292206806,0.649081405,0.088055073,0.499734935,-0.427673725,0.247126821,-1.45536799,2.274511776,0.41475321,1.707493493,-0.266104226,-1.049866617,-0.491543376,-0.043817676,-0.116579283,1.861562288,-0.855728342,-0.604772155,0.713004011,-1.586664281,-0.040505462,0.141720433,0.43334974,1
-0.790474455,0.471468357,-0.083227926,0.146498283,-2.614441076,-0.294912268,0.853269472,-0.61587497,0.486525578,-1.208744644,-1.562785069,0.417817579,-0.054464952,-0.335886951,0.846466417,-0.311840751,-0.632619249,-0.740820006,-0.952345181,0.466647707,-0.312098062,1.142520943,-2.952331669,0.922840272,0.359629615,-0.090824118,-1.291413266,-1.659877321,0.751090624,0.242146607,0.223218732,-0.102470841,0.849807633,-0.585871844,-0.336405147,-0.176595592,-0.213659886,1.336572491,-1.254437939,-1.954570518,-1.454026237,0.683650951,-0.100774624,-1.598720537,0.09966503,-0.323985376,0.559494596,0.794266403,2.518158955,-1.18215082,-1.862760159,0.589117544,0.986712637,-1.275694385,-1.274728819,0.344366287,1.714482819,-0.87660875,0.087066795,-1.899144727,-0.198585541,-0.113647749,1.467540445,-0.706677794,0.686410394,-0.771761899,0.090332261,2.077321187,1.793101429,1.960567938,0.397572208,-0.210262464,0.284925682,0.466048273,0.389314723,-0.711386541,-0.751559783,-0.596257915,1.070315427,1.179037127,3.183433918,0.425645772,-0.788429127,-0.47889008,-0.15750217,1.506248623,0.732938818,-1.346808607,-0.056843579,-1.471476532,0.592477947,-0.706807794,-0.611234082,-1.878731321,0.756818405,1.208666715,-0.692942262,-0.162014956,-0.479306929,-0.218259886,-0.819655383,-1.1002513,1.368619713,-2.6397155,0.504114269,0.283332225,1.653918941,-0.23638587,-0.371302909,-0.808461087,0.355563689,-0.708231559,-1.128785427,-0.73708391,-0.946813166,-1.005956693,0.085308865,-0.194536596,0.549592694,0.147229876,-1.202721716,-2.122550772,-1.056158468,0.763766464,0.741109876,0.98467752,0.837939963,1.087145544,0.406316384,1.802940984,0.293650581,1.999263818,-0.626388575,-0.651939426,-0.192382551,-0.037479454,-0.321244021,0.539667878,-0.102320617,-0.607175275,-0.396028219,1.217623175,0.317165844,-1.676276892,1.510624419,0.43350861,0.639130791,0.929071434,0.980732112,-0.919113591,0
-0.445502521,1.453384477,0.015000858,1.810697197,-0.523062751,0.590893164,-1.469972931,0.075200011,0.815296533,-0.525404667,1.119594533,0.920194729,0.143822468,-0.271266648,-3.083977206,-0.648624115,1.100807764,-0.27340067,0.451882762,-0.463997664,-1.426868913,0.747871754,-1.228324359,-0.262253729,0.364359168,-0.678248596,1.57036346,1.972307469,-0.809557067,-0.770300927,-0.43850114,1.153048353,0.485933644,0.750992201,1.315325846,-0.905559266,0.502739978,0.0513164,0.43009548,1.149143265,-0.151705945,-0.696748167,-1.051101461,1.754184827,-0.042023854,-1.367849593,1.382991308,-1.709931724,-1.549916429,-0.315989166,-0.546840043,0.311932447,-1.926365325,0.326073528,1.278408359,-0.981913357,-0.378365545,-0.801552371,0.32038276,-1.075463894,-1.200796218,-0.151106243,0.337031776,0.150488614,-0.439596161,0.668329417,0.23036522,-1.169195301,-2.675859585,0.521625964,-0.256576279,-1.109948336,1.625362921,1.614870573,1.273559787,0.226187118,-3.16435843,1.175266761,-0.920554006,-0.559158676,0.899219221,2.03181396,1.541079843,0.172659584,0.738953834,-1.105724774,-1.622592811,1.07997303,0.322589106,-1.448316421,-0.047998069,0.61694814,0.906784879,0.628170642,-0.363181037,-0.848332041,0.117120534,0.802140879,0.905248258,1.580324991,0.035004305,-1.110281866,1.08649828,0.082973169,-1.282699556,0.623718429,1.411874054,0.383027161,1.424075191,-0.484516163,-0.727540171,0.854523428,-0.352753028,1.205203749,0.170766145,1.21870878,0.631269761,-0.900054702,-1.991518585,0.781938315,0.565150433,-1.017964822,0.798578085,1.390610669,-0.7073176,-1.933529598,0.970620838,1.272421871,-0.733885313,0.774004201,0.331616732,-0.109533682,0.580564425,-0.502060099,-1.101340817,0.405840062,0.268124613,-2.546865661,-1.181151815,-0.672201557,0.524923057,-1.522599318,-0.31962498,1.937667809,0.066794968,0.129090399,-0.061006335,0.982054245,0.041734886,-0.219899959,2
-0.247177383,-0.681984248,-0.149176261,1.269483906,0.507892622,0.010761757,-0.316506826,0.80284152,0.031168598,-0.452475062,-0.723140375,0.699396649,-0.471635137,-0.29992219,0.553257427,1.070897787,0.595152945,0.852762836,0.709577461,0.008302704,0.394583915,1.825892142,-0.195936743,-1.092449341,-2.526377054,1.935575417,1.980806952,-0.990857344,1.285964186,1.032536381,0.641223574,0.503197454,-0.744633366,0.129316823,0.347967914,0.06973726,-0.054730643,1.300391415,1.015685869,0.874243191,0.932385941,0.229325679,1.165998046,-1.198116371,0.069557618,0.708049465,0.54344708,0.37435288,0.927087591,1.44104202,-1.063541451,0.300359175,-0.722331187,1.07003918,0.723987541,-0.970333955,-0.00667786,-1.501135325,0.949860007,-0.535826596,-1.130209662,-0.345613317,0.583854839,0.286899931,-0.489106836,-0.104944346,-0.291766895,-0.934080206,-1.86566448,-0.006440646,0.585006774,-0.015941923,2.049746825,-0.595784693,-0.041885311,0.486097161,0.440701132,-0.255893437,-0.054216655,-0.083325751,0.683264014,-0.694901413,-2.433742165,-0.343113649,1.687847335,0.801281191,-1.56863071,0.675099344,0.208432168,-0.374933589,-1.078120355,-0.813590468,-0.55993508,1.835251152,0.64010508,-0.709586325,-0.542001857,-0.037448528,-0.433176694,0.015679375,-0.145732927,0.097271158,-1.998316475,0.800290433,-0.560131615,0.90684907,2.196073122,-1.452669212,0.098430347,-0.420077465,0.394812784,-2.107347004,-0.35823901,-0.818622259,1.627028714,1.859302469,-0.286121073,-1.147256199,-0.838593888,0.03905378,-1.401334823,0.519058575,-0.196269231,0.356326054,0.394395058,1.379416198,0.635023138,0.292958588,0.249245214,-1.978267078,0.179660474,0.612141587,-0.121221034,1.664823631,-1.485397727,-0.739860068,-0.63522682,0.009265952,-0.646482994,-1.240548986,-0.355783623,1.014793082,0.754186231,-0.694916044,-0.373347142,-0.777636637,-1.261460482,0.42697695,-1.281115398,0.662856256,1
-1.260883954,0.917861947,0.332620785,0.101737206,-1.680779625,0.747610245,-1.143671302,-0.418009129,0.959575892,1.029758164,-0.466507527,-0.408915535,-0.699318873,-1.197853745,-0.634795482,-1.613130019,0.683062582,0.394523605,0.560529285,-0.954404051,-1.195070564,0.053514274,0.064102565,-0.147269828,-0.289483269,1.710775778,0.426025012,1.970678391,1.268965025,1.703270926,-1.074462766,0.593170991,-0.431765489,-1.663386711,1.49600317,-0.293692526,-1.05510163,-0.414563863,-0.796224123,-0.693697968,-0.22160339,1.730815193,-0.666317217,1.659270664,0.848836796,0.396271564,0.748120032,0.013655664,1.286050104,0.566980263,-1.664665985,0.296251932,0.783973143,-0.289001219,0.126255873,-0.612857995,-1.377625656,-1.550376871,-1.537067987,0.669044742,-2.490281708,-0.666479927,-0.765653285,-0.282159536,-1.85643155,0.403888095,-1.273161394,1.132405541,-0.621765688,-0.095613023,0.003773857,0.244241053,0.037014377,-0.427110549,0.343048531,0.46614713,-0.765134667,0.426367819,1.191720302,0.705894196,0.932375242,0.171920849,-0.936150446,-0.80964446,0.319887968,0.942763725,2.785911914,0.981821944,-1.170435757,-0.767272572,2.278517316,-0.214388932,0.047514635,-0.96041692,1.565103406,0.500333207,-0.774601348,-0.993825289,0.307203946,0.044206175,0.832110217,0.546968473,-0.264480349,-0.543801595,-0.159942148,-0.550680847,-0.130195533,0.016440929,-0.897930893,0.630679862,-0.370427714,-0.84188435,-0.351607428,0.242258157,0.0830382,0.422118115,0.898346125,1.304940204,0.285486163,-1.069402387,-0.269110803,-1.004318384,1.696854074,1.987400883,0.650311197,0.858458843,0.250943193,0.366055915,-1.597454218,-0.073932365,-0.881153062,0.281356538,-0.059609845,1.946821962,0.916627689,0.284511983,-0.266939687,1.676021459,-0.029954646,0.331673962,0.042249604,-0.404153906,0.036506222,-1.961966851,-1.547706401,0.349630542,1.568199691,0.348221104,-0.720368855,-1.442853754,0
-1.583902823,0.760414656,0.112988219,0.530335917,1.009851671,1.523651105,-0.290992952,0.592825605,0.47507065,0.10665249,-0.186464695,1.604005063,0.26303491,-1.217397453,-2.904986358,0.954175772,-0.430325077,-0.152193607,0.407843945,2.46081247,1.353748693,-0.226701018,0.73072734,-0.60230852,0.773858966,-0.822654455,0.182624982,0.215961777,-1.051561811,-0.588507409,-2.174437057,-0.379225533,1.115572343,1.998906891,1.491670153,-0.385708217,-0.006876287,-0.07122899,-0.209512897,0.974319002,-0.551443382,1.452397258,0.138743265,-1.165954132,-0.097210627,0.479020631,0.976931455,0.754226855,-0.316239822,-0.518449417,1.730468534,0.02653236,-1.13364627,-0.585413422,-1.962062301,-1.628817706,-0.529796686,-0.795716506,-0.68656322,0.770241458,0.874100735,-1.164647205,1.891538998,0.100646448,0.007790632,-0.791931996,-0.30034755,2.028607689,-1.081253124,0.267308348,-0.542433267,-1.809663023,-1.535867726,0.610689511,-1.722647114,-1.234919496,0.821882608,0.701135762,0.058609364,-1.178075579,-1.1817471,-1.324002489,-0.13368842,0.641152599,-0.424118015,0.884802973,1.610041868,0.391094364,-1.253366122,0.085986093,1.353525597,-0.630930543,-0.657821101,1.13986681,-1.436012927,0.198453436,-0.617612442,-0.432822523,1.703345712,-0.480885122,0.121591913,1.031473563,-1.282134579,0.835969243,-0.448138924,-1.280188984,-0.492355775,0.062182573,0.240130508,-0.749016451,-0.216043778,-1.392797124,-0.707782287,-1.361999121,-0.079278938,-0.837501785,2.074711902,0.382918513,-1.626275872,-0.746273688,0.7024553,0.244596905,-1.571048845,-0.787252223,0.643291233,0.371234129,0.576189278,-0.279998599,-0.856578913,-1.276020781,0.949581011,1.943566204,0.277005066,0.935790554,-0.798989807,-0.020854097,-0.062956508,0.384970084,0.077623503,2.777067449,0.799624872,1.299295246,0.27082876,-2.125915312,0.448316203,1.095255578,1.39346148,-0.067220565,-1.435204472,-0.289280747,0
0.366598246,-0.939879786,0.847059921,-0.77264519,-1.482127599,-0.751817686,-0.533365918,-1.082669548,0.217476514,-0.079022281,0.789705241,-0.445859835,0.558064769,-0.492270794,-1.129612362,-0.543019135,-1.618267189,1.78821564,0.142499748,-0.79540689,-0.377644162,-2.450463983,1.434353225,1.336548044,0.107541904,0.319462296,-1.267676777,-1.194969895,-1.697296149,-0.161068086,1.061035405,-0.383214629,0.34769583,0.978833895,-1.624100678,1.845565425,1.157320387,0.513892718,0.924094531,0.971076303,0.292639887,1.428277953,-0.452660349,0.461811205,1.321642801,-2.691199756,0.437963346,0.724604978,-1.708441366,0.281820086,-0.79370598,0.396806282,-0.094999296,-0.946328169,1.109663664,-0.418365024,0.269963794,1.314047623,-0.916694494,0.008049248,-0.495327145,-0.272179645,2.156085208,0.456775884,0.313592677,0.524087334,0.430259628,-1.825813539,2.296760821,-1.464369525,1.732594266,0.618015365,0.180779018,-0.305484976,2.605160551,0.60448956,0.017688065,-0.535262705,-0.655148269,0.050610847,-0.930603032,0.679651048,-0.645642367,1.004955514,0.982587381,-0.055435679,0.58030223,0.63036391,-1.462331609,1.731692989,-0.255743714,0.695573513,0.723623511,-2.489537092,-0.656929195,0.84036882,0.062252459,0.688969336,0.092366561,1.229381794,0.114033888,1.424089097,-0.980028577,-0.127640069,-0.593399569,0.388636064,-0.278667945,-0.229514187,-0.704766363,-0.460735517,-0.010277064,-2.021345151,-2.301763856,0.059145942,-2.769176565,-0.193142277,-0.377163761,0.54203787,-0.672018379,1.569514769,0.848162873,-1.512294032,-0.284346357,1.527185144,-0.697631905,-0.052892325,1.404127576,-0.540595616,1.12297994,-0.909999603,-2.88761385,1.228529316,0.43873504,0.504564275,-1.092962791,-1.013352616,1.15043652,0.243207307,-0.117456057,0.220926662,1.50850553,0.723688227,-0.474645197,-1.403487861,0.588053762,-0.923968011,-1.182376938,1.315749187,0.872405747,0.385685927,1
0.208863595,-1.959670124,1.192735165,-1.257868156,0.731380253,0.590422061,-0.142146537,0.338687318,1.029457482,0.87231538,-1.143019312,0.820158187,-0.064688605,0.072874098,0.073196991,-0.150242989,1.191707497,-0.08371796,-1.119546128,-0.393529856,0.178694717,1.229214784,0.603094685,-0.850535279,2.485189917,0.264775311,1.275390738,-0.151714434,0.533359245,0.839468505,1.218194712,1.057368305,0.872197,-0.315086731,-0.571746042,0.33260751,0.933128072,-0.222720701,1.065171966,1.452616745,-0.916320919,-0.836920704,-0.140375059,0.307612668,-0.524567014,1.352202679,0.424066862,0.039447048,-1.435909524,-1.315815816,0.28100925,-2.132595626,1.01263741,-0.158153844,3.24309297,2.307916251,-0.181449069,-0.106337003,0.995581514,1.70317261,-1.638029057,-1.786375465,-0.622034806,0.582737583,0.496873591,1.069771455,-1.199697528,-2.316143863,0.858014195,-0.828196273,-2.018487864,0.145063746,0.793175688,-0.122057132,-0.457848386,-0.159362232,-0.370582762,-1.348047112,-0.714680677,0.521279905,0.321678541,0.168059806,-0.995148482,-0.181503162,-2.177065046,0.178476664,1.428857708,-1.474132132,-0.585927673,0.329106779,1.252842634,-0.448224616,-0.692250329,-1.968923142,0.103438129,2.04207604,0.277358462,-0.022278979,0.322082311,-0.011092004,-0.813014372,0.823279916,0.225761523,0.017613252,-0.975366027,1.303507932,0.664702745,-0.552920837,1.001824854,-0.497570838,-0.782003493,-0.759703117,-1.771068553,0.47154238,-1.831144878,-1.228443831,-2.075588009,-0.086069693,-0.15032046,-0.326696213,-1.042577695,-1.172233753,0.464369864,-0.550551932,0.316358322,-0.885248686,0.181062743,1.303278037,0.5861658,-0.412413818,0.25719897,-0.240665175,0.007880185,-0.325611052,-0.164335206,0.212093353,-0.9933587,-1.015878827,-1.388542554,-1.600271105,-1.217282692,0.159462507,-0.892787515,0.513614464,0.034713749,-1.968504213,0.654975584,0.810798646,-0.993862675,0.420191543,1
-1.703382439,-0.055547699,-0.094684061,0.593588486,0.811850193,0.91959368,1.775588033,0.661885523,-0.066986489,-0.529645915,-0.133828283,1.48401649,-1.386966303,-0.819008116,-0.218986744,-0.83231547,-0.408771985,1.806234538,-0.29809304,0.411648565,-1.65819685,-1.102437269,0.93268361,1.668028439,0.221410597,-0.306016259,0.496161631,-2.597434516,0.229121344,-1.0461106,0.794092982,-2.192298908,-0.628375976,-0.040975838,-0.761791183,-0.3754844,0.904434351,-0.024496015,-0.930580805,0.940400066,0.250980869,0.29248748,-0.892511025,-2.547606673,-0.906131233,-1.007868578,-0.613296957,-0.841855666,0.112698509,0.880877471,1.076161427,0.837211858,-0.897624976,0.058900793,1.565165848,-1.584734333,1.348230044,-0.996103336,0.293765288,0.412785117,0.189913037,2.228472894,-0.3008319,-1.639487875,0.356447068,-0.170039985,0.554801208,0.882095242,-0.033689672,0.436310431,0.144237932,1.791887444,-0.370561753,-0.687070198,0.880730903,-0.929179815,0.392157806,-0.169589154,-0.101320685,2.437304624,1.234086745,1.021579533,0.53057064,-0.691514121,0.261481687,0.583324301,0.19898543,0.094750327,-0.397449299,0.27345865,-0.525571351,0.70342318,-2.015771201,1.358743566,-1.311665902,-1.067255024,0.408854186,0.53994183,2.078277976,0.296284529,-0.040454766,0.191299379,1.590487761,2.424399991,-0.184800299,0.542772416,-0.074389184,-0.094266341,1.879050624,-0.925731724,-2.334281209,0.317444359,1.201006529,0.219896626,0.502203551,0.752393381,0.110911073,0.556307623,0.539611899,-1.958604597,0.113866894,-1.572782833,-0.038171505,-0.495280949,1.034011254,0.244412759,0.473192846,-0.191450718,1.052181263,-1.597325341,-0.895502452,1.286307122,-0.435648499,-2.145832005,1.452641277,1.076936071,0.710969407,0.094406007,1.660747018,1.258618429,1.547856069,0.69550048,0.122795851,-0.399164871,-1.268923842,0.502045615,0.585357335,-0.349781332,0.613681028,-0.332177832,0
,,,,0.599511241,1.060559878,-0.968186751,1.8384369,-1.743694507,0.709601021,-1.909582767,-0.790331382,1.56102293,0.831364254,-0.546220415,-0.518837043,0.100622111,0.514140991,1.251579383,-0.456234005,-1.611785063,0.156968627,-0.457430838,-1.300633705,0.297668915,-0.213113754,0.306512206,-0.8944442,0.48671053,-1.317098197,-0.82773139,-0.242914231,1.741818415,0.784825369,1.077192504,1.417077033,3.602832136,0.041589068,1.420400923,1.012635254,0.996032503,1.774239618,-0.419313031,-0.498685024,0.319765513,-0.182699772,0.318500853,1.562748785,-0.478146723,-0.304678963,0.174311004,-0.228318426,-1.914005828,-0.580127643,0.687373242,1.437546751,-1.154618568,-1.159282399,0.030233803,-2.075595065,-0.444970203,-1.73604206,1.3690613,-0.769331154,1.652834186,1.113521353,-0.646317298,-1.071959637,-0.193545749,-0.104646624,0.346146944,-0.77654329,0.746394874,0.265328055,-0.340395157,-0.712040655,-0.184884983,-0.816901252,0.058438695,0.085438685,0.261707283,1.76624241,-0.13244472,1.004597867,0.229587397,-0.238244302,-0.11915927,-0.058826409,0.279767708,-0.959320765,-1.465340383,0.654297393,0.898123833,0.745635833,0.154972019,0.767224627,0.713429026,0.787629359,-0.859540821,-1.096951797,-0.388569247,-0.01738411,-0.241921127,-1.876690331,1.721692612,-0.274045989,0.172704417,1.244548991,-2.34497227,-0.511693872,-0.387117274,-0.336310045,-0.173486591,1.447134798,0.673458876,0.958035269,0.047120272,-1.399373046,-2.079697035,-1.529407723,0.359765704,0.031769713,-0.210163648,-0.368576907,2.011721575,-0.822903591,0.927819456,0.001912936,-0.060939512,1.176637549,1.462530383,-0.239549457,0.799202719,0.363891362,0.007437139,0.204254943,-0.688008815,-0.306099393,-0.58063528,0.901376716,-0.095201116,-1.297714025,-0.723437223,-3.199264645,-0.494492602,0.037645065,-0.136135849,1.980154352,0.574906041,0.530451853,2
-0.033126973,1.794557864,0.215551965,1.110004295,-0.971277776,1.406175598,-0.383415525,1.158110684,1.670125009,-0.907260451,3.65E-05,0.789113193,-0.286681947,-0.258812603,-0.398397052,-1.860593028,1.057484778,-1.009679,-2.289263401,1.046889424,0.48481333,-1.318078483,1.086209367,0.665477694,0.000321125,-0.350368171,-0.122358663,0.206499515,-0.788648338,1.118049159,0.555637427,-0.135023197,1.743095238,-0.301566354,1.549283916,0.292675884,0.757597218,-0.36711405,-1.869675289,0.47929902,-1.187924298,-0.612697294,0.07581732,-0.641761076,-0.031712486,0.199562998,-1.474207006,0.274184026,-0.621201087,-1.068052275,-2.001379453,-1.554377401,0.023958619,0.042459877,0.518395638,1.7157444,1.35611273,0.995769403,1.186431361,0.180825689,0.162733603,1.537261698,0.216415396,0.237759633,1.165700757,-0.276522573,-0.13452618,-1.361331317,-0.462563533,-0.329706318,-0.273278032,0.810475003,-1.008733035,1.489125478,-2.060167799,0.598193117,0.816645319,0.691960993,1.095561663,-0.211632363,1.253015554,-0.690795416,-0.606910497,2.069000867,0.176816811,0.951751078,0.496131267,0.723319898,-2.0052568,0.376309358,0.01577315,0.973304296,-0.795706411,1.193264094,-1.20640377,-0.451706556,-1.578292666,-1.080557622,0.006947453,1.368406464,0.034971379,-1.283943714,-2.110887295,0.673601367,-0.657386617,-0.523706299,1.076652712,-0.134884132,-0.298637422,0.161557809,1.481949893,0.254013736,-2.159300091,-0.817955328,-0.284508831,0.863439154,-1.242603986,0.148832919,-0.081835529,1.016530943,-0.996926501,0.167280894,1.533110964,0.898943139,0.599280668,-0.310544874,0.151386952,-0.112800841,0.856568663,0.526455579,-0.627524996,1.745435008,1.204353799,-0.866588915,-0.343894596,-0.158419386,0.816278579,-0.809111979,-0.669188275,0.878364414,0.558672776,-1.948471024,0.657596247,-1.474271631,-0.634624327,-0.364841565,-0.469282891,-0.649353885,-1.037774516,0.512415775,2
-0.269874935,-0.978763716,0.462052635,-0.524552016,-0.38458295,-1.483477227,1.795035984,0.268910871,0.18194919,0.203847533,2.090149465,0.299500509,-0.192532842,1.799111539,-0.12965511,-1.691584104,-1.527006454,-0.191709809,0.291638708,0.821945544,-0.918302231,-0.225258682,-0.80965005,1.113714057,1.282419603,1.958262119,0.351535014,1.865295993,-0.692902518,0.215941825,-1.060819145,0.573334075,0.284743605,-2.453846776,1.109607057,0.855350025,-0.555641663,0.281217858,-1.493741741,-0.770220506,1.66907943,-1.154346485,0.009546318,-1.396361002,0.33794522,0.562745105,0.724130216,0.467984004,1.42683554,-0.55402827,-1.058274498,-0.587172721,-1.346230816,0.078779692,-0.139621647,0.477537342,-1.616241473,-0.013012375,1.214480865,0.572229445,-1.895535876,-0.011708956,-0.73277496,0.012861885,-0.380653172,1.739296409,0.085713183,0.316758714,-0.044063609,0.474450616,-0.216885336,0.773517813,-0.391925483,1.376453373,0.496447097,-0.152557283,0.842091831,0.493030048,0.827315151,0.085743879,-0.241187768,0.135276182,-0.500376609,0.979328645,1.469186814,0.579037518,1.41815761,1.126864546,-0.268251746,0.8357925,-1.282965894,0.18606878,-1.182354357,-0.109655904,-1.439694796,1.094304053,-0.394884133,0.906322553,-0.075520629,-1.844204747,-0.484162118,-0.530711658,-0.014777498,1.508035229,1.673616756,-0.231232158,-1.260278725,-0.744108766,0.479609169,-0.108242463,-1.575322447,-0.50359259,1.311573922,0.292255957,0.047291419,-0.388793935,-0.459957641,0.543960569,0.142060706,0.771016191,0.546647279,0.019720122,0.384209801,-0.59253248,-0.048168631,1.340950422,0.010710028,-0.21719055,0.210484429,-1.165570335,0.220848285,1.696044016,-0.808614354,0.26705515,-0.023494241,-0.049087395,-0.067127749,0.714308884,-1.098121341,0.688673757,0.069134463,-1.76272264,0.379838247,0.11391989,-0.871753798,0.160571609,-1.31626482,-0.684703756,0.036975667,-1.685617437,1
0.028744823,1.278451863,-0.035358117,-0.805136277,1.273847403,0.726452022,0.487821025,2.311448074,-0.697395401,1.276765176,-2.223979288,0.643761654,2.258335468,-1.049775573,1.643999129,-1.382724484,2.078166163,-0.46057645,-0.740563567,-0.53554091,0.031873052,-0.152025853,-0.052348784,0.31613435,0.239600688,0.006216791,-0.442271339,0.428364138,0.375804277,0.328824358,-0.001703708,-0.692886929,0.073948608,-0.27757951,-2.066231964,0.999303861,0.259832156,-0.020251452,0.524768554,-0.75487794,1.359422099,1.206712302,-1.162120505,-0.632380524,0.675096454,0.246702161,-0.017634676,0.439705383,-1.871849926,-0.921792518,-0.601966187,0.762854689,-2.153892478,0.181093092,-0.376698106,0.651214741,0.80812588,1.698120254,-1.17372113,-0.821490283,0.048741676,1.410086551,0.437239334,0.105469333,1.224421072,-0.397324872,1.169535272,1.735057014,-0.153084175,-1.549579146,0.145650717,1.64428068,0.493560727,-1.375880361,1.270269378,0.795396585,0.999613485,1.132942272,-0.542537004,1.058555249,-0.645536554,-1.181635619,-0.828909859,0.692781339,-0.40914809,1.47558058,1.114463661,0.673955229,1.380055527,-1.175055241,0.956540085,0.57421445,-1.273420972,-0.720084549,-0.158738384,-0.187367913,-0.041094753,-0.619417471,1.479139051,-1.234390798,-1.204987338,-0.942510672,-0.635399031,-0.713410759,1.679700774,-0.658545024,-0.121576153,-1.262285955,-0.469194792,0.601370585,0.680476989,0.984161445,-0.997638567,-0.673375189,0.817622897,-0.02417521,-0.060456209,0.590119064,0.996645296,-0.698629123,-0.103701785,-0.119861757,-0.968749595,0.29968318,-0.539112816,-0.005198618,0.649474998,0.268586734,-0.887015461,0.203761155,0.138756204,-0.561229015,-0.863150115,0.153983507,-1.397201108,-1.067952912,-1.283331457,-1.211988405,-0.47887481,1.062012989,0.618334558,1.12315839,-0.610790528,-2.011020382,-0.597357925,1.127647488,-0.393563433,-0.021825219,-0.214658661,0.697392746,2
0.559790448,1.080780726,0.069714661,0.364880384,0.465079483,0.425187873,0.846510812,1.190709104,1.57833553,-1.925759635,0.467171301,-1.210070513,1.40615489,0.066058022,0.276331936,0.117218876,0.210376549,1.647355028,1.239640517,1.604467321,-0.194696117,-2.124730479,0.747294869,-1.116477041,-0.362048122,-0.062127827,0.002026721,0.643773605,-0.923398428,0.626528509,-0.190271985,2.602132396,-1.590169023,0.127492277,0.614850409,-0.411205786,-0.573813808,1.324550258,0.84096492,-0.798783049,-1.482921841,0.588434852,0.322776684,0.570935821,-0.131203554,0.85877303,1.600371614,1.530455447,-0.818917491,2.499601554,0.658179304,-1.426498818,0.437322738,0.229507897,-0.116587616,-0.203360038,0.702206099,0.706123777,-0.586675527,-0.535844532,-0.575002666,-0.174782474,0.886445898,1.202543469,-0.2142892,1.09892869,0.441693905,0.133044454,1.867531588,0.329115228,-0.135392995,0.835700949,-1.23085276,-0.219348436,0.26176576,0.719371367,0.241062328,-1.289052396,-0.884953849,-0.43100684,0.241573959,-1.296924455,1.409093491,0.312908044,0.285723473,-0.173162638,-1.443322701,0.090811313,0.748234024,-0.153265626,1.069158136,-0.062324975,0.696026117,-0.110727219,0.379347219,0.868125738,-1.080414495,0.647316967,1.054310299,2.190387763,0.071151812,-2.099206255,-1.780836699,-0.8871563,1.282422099,2.19675312,-0.406453219,0.05325174,-2.58124297,0.651367707,0.134414584,-0.250030885,-0.96356885,-0.352404741,-1.345234943,-0.860759235,-1.270624621,-1.01693743,-1.155145361,0.577066144,-1.149827983,-0.052303501,-1.091955401,-1.052738748,-1.092113285,0.977613596,-0.182544061,-0.747170775,-1.004116143,-1.344333219,-0.718359976,-1.436565892,-0.434621748,-0.707819948,-0.779224302,1.238226425,-0.244026573,-0.182083931,1.281980461,-1.358740337,-0.487037016,-1.549232543,0.070273837,0.607143858,-2.424900722,0.859991355,0.311038479,0.036484965,-1.24184631,0.771943532,2
-0.434496227,-0.309172123,0.855836822,-1.833600862,-1.760857411,-1.433986785,-2.731171433,1.896665964,0.120484264,-0.670455573,-1.290154859,2.201214067,0.655018946,-0.128386535,1.219519173,0.388760026,-0.50197958,-0.606412341,-0.590399129,-1.016022959,1.111575442,-0.517981305,1.353184676,-0.828686224,-0.599019936,-0.452414438,-0.899076401,-0.586427598,0.550575803,1.201992947,0.29906581,-1.190682358,-0.59950282,-0.578620234,1.700505779,0.985555297,1.214210738,-0.708951197,-1.273452878,0.573377311,-0.460212403,0.291585798,0.41246819,-0.39511244,1.004110856,-1.460399559,0.109396471,0.678490153,1.702266373,0.134814402,1.257428777,1.191760121,2.336801519,0.323734693,2.052079518,0.810065126,-1.534137663,0.028735277,-0.91655156,1.530256696,0.168577485,-1.319554781,0.882771307,1.321549705,-0.403173665,-0.447040086,0.201667974,-1.810679517,0.709719571,1.691311662,-0.650693544,1.843059168,0.994824677,-0.077022862,0.634835773,1.597688589,0.141818145,0.39257134,-0.535477073,-0.119876429,0.700800093,-0.180351102,-0.503437763,1.150986528,0.482503446,-0.480113096,1.752802975,2.113616636,1.014600215,-1.194656643,0.407035212,0.588620439,-1.584962962,1.192069904,0.209159923,1.122574472,-0.305535049,0.484220686,0.531909874,0.188587764,0.491383298,-0.137107923,-1.183038427,-2.041687239,-0.617349164,0.790813583,-1.03884309,1.060805205,1.391185826,0.47271839,-0.16595596,1.024708251,1.157018146,-0.225107041,0.084812669,-0.813496151,0.286200637,-2.066957338,-0.292536235,-0.853226081,-0.088083089,-0.795204944,-1.913078007,-0.653890512,-0.475672763,1.065229715,-0.641073289,-0.847524676,-1.191892327,1.142549381,-0.223016495,0.272327535,-1.543785728,-1.754842195,-0.901875727,1.623223655,-1.091407544,-0.626116939,0.012912558,-0.625157525,0.4784639,-0.831078149,-1.101011726,2.717826377,-0.936760517,0.795161999,-0.942237574,-1.540947033,-0.090258961,-1.340904769,0
0.256029734,0.982690984,-0.620188823,1.572081466,0.028862222,-1.445805238,2.194034271,-0.569786504,-0.071531916,-0.68474366,-0.955572023,1.295982177,0.196227605,0.315307729,-1.27952082,-0.299275584,-0.622026541,-0.825654409,0.467312484,-0.337863981,0.692633758,0.720736941,-0.435012867,0.453958183,-0.462197423,-0.787910104,-1.060264818,0.085972417,-0.741992167,1.378145616,1.625984674,0.474923697,0.243511302,0.018576037,2.373730629,1.962429414,-0.204584302,-0.198895642,0.326931934,-1.179596776,-1.799896591,-1.337958349,-0.301699062,-0.944962694,1.454856877,-1.469256212,-1.335464681,-1.834423934,-0.645310116,-0.398322626,-0.079560113,-0.034798667,-0.621789353,-1.052456833,0.418856756,-0.899701489,0.781166799,-1.482408707,-0.748163257,2.042238901,2.178597924,-1.361062564,1.207452634,1.613542626,1.063117472,-0.066822781,-1.929935135,0.08470695,0.411500155,0.238415564,0.47695626,-0.81209942,-0.483819605,-2.39410446,0.890221496,-0.897664628,-0.2490885,0.253165949,-0.560574024,-1.072516122,0.255850291,-1.783466035,0.766850125,0.660442458,-0.549721728,-0.494027673,-0.987762137,-0.382193563,-0.200831229,-0.318469398,1.44866548,-1.749055963,-0.90802235,0.731423363,2.054904104,-0.864014843,1.012130249,-1.150121142,-0.389345569,0.010162188,-0.690515763,-0.419235241,-1.363597998,0.674294208,-0.898046661,-0.663847508,-0.781943852,-0.728772284,0.144525727,0.062739895,2.518602056,-0.245081119,-0.100425445,1.336994584,0.224884705,-0.098723231,-0.133558596,0.193983882,0.974774626,1.345347231,1.031537169,0.466879724,0.210761084,2.038158703,-0.474464913,0.698234562,1.174213214,1.044306694,-0.762393419,2.815124275,1.670540347,1.0599819,-1.006430202,0.979771033,-2.311431266,-0.232211619,0.106668609,-0.449204425,1.583302834,0.103755243,-0.961219178,0.75313049,0.3984167,-1.753217654,1.337955282,0.101288778,0.985255911,0.410525984,-0.336860108,0.424247262,2
-1.778720249,1.496044311,-0.150362928,0.288012896,-1.671682913,0.708660067,-0.318727423,-0.596197302,-1.864855472,-0.267577168,0.512030257,0.141572135,0.170812854,-0.339043664,-0.060548522,-1.107461328,-0.004766039,-0.491101519,-1.124799201,0.754719239,-1.575000095,0.524285599,0.587148143,-0.52723883,1.030408964,-0.548340112,-0.611156022,-1.20035524,-0.008443449,-0.958657743,-0.791646243,-0.065374208,-0.023507382,1.255933632,0.931032852,0.550992241,-0.146549617,-0.404015954,-0.026592523,-0.556282357,-0.700930205,-0.078793147,-0.878383594,-0.816925432,0.954874089,-1.379679092,-1.039777605,1.273273827,-0.39213921,1.376026013,-1.167365121,0.073782171,0.771827216,-0.905971535,1.674332816,-0.390349783,0.509089951,-0.678054613,1.49161385,0.30335971,2.097279901,1.179072011,0.837032894,-0.955117043,0.083854114,-0.316677317,0.026227258,0.147720778,-0.90069747,-0.15656246,-0.096388831,-1.010228409,0.800417183,0.222485213,0.81325321,0.48721854,-1.713625489,-0.833305156,1.653211315,0.785089101,-1.621639235,0.470011033,-0.831914921,-2.096489488,1.657209002,0.075325818,0.216978381,-1.256771118,-1.153137496,-1.591637195,1.416976082,-1.643328644,1.616784968,-0.986763755,-1.227879253,-0.055372337,-0.684209372,0.097295538,-0.877156527,-0.31348275,-0.758393174,0.861225723,0.512622991,0.247719221,1.053547423,0.263179524,0.178799422,-0.119953725,-0.716248148,-0.714042355,0.147120841,1.017906792,0.570363744,0.564618162,-1.106156129,0.522831863,-0.399207459,0.175736627,0.55201487,-1.1562072,0.157403715,0.236262334,0.998634764,-0.51687546,-0.061214328,0.169964282,-0.516785931,-0.535047754,-0.57364256,-0.127723033,1.747087219,-0.092075426,0.487539993,0.031592886,-0.307526435,-0.024197702,0.76934561,-0.053467436,-0.160934529,-0.234773366,-0.99348014,1.040090157,-0.446936071,1.46940953,0.244705997,1.405885389,-0.19994269,-0.733177576,1.043227689,-0.561014216,0
0.830335817,-0.856083826,0.101424044,-0.042278023,0.163045648,0.502491302,0.236818861,0.380476247,1.112211633,-1.649664848,0.699966495,-1.045702456,-0.642398987,0.121085593,0.411321016,0.52905404,-0.945121845,1.631193757,-0.417852493,-0.719407188,-1.271935865,-1.370513182,-1.399799135,0.314358375,0.604179089,-0.864205021,-1.141878817,-0.211645555,0.097286403,0.262977484,-0.964286615,-0.167196272,1.567177554,-1.194764112,-0.029128386,0.499981067,-0.967877145,0.611314346,-1.339235349,0.6345173,0.043356519,-1.419420764,0.687665668,-0.895860384,-0.153310822,0.630166889,-0.964443576,-0.528287499,1.126159227,-2.069807275,1.418673232,-1.464254392,-0.699270467,0.282412347,0.603139851,0.297990027,0.047265385,-0.436044994,1.561290761,0.772956371,1.175604899,-0.4213573,-2.328211902,1.020030321,0.356433567,0.182861302,-0.567374834,-0.348118587,-0.599049749,0.045167831,-1.135677471,0.76261088,2.036629087,-0.597652596,-1.592790577,-0.102015048,0.315223337,0.453253894,1.602510486,0.81580294,-1.811581903,-1.235973432,0.405653785,-0.454153134,1.515127059,-0.937132687,0.960709953,-0.649340182,0.262193188,-0.82792586,0.558859578,1.072711305,0.252995214,1.909132537,-0.720436218,0.097968546,0.845849401,-0.949777854,0.06228758,0.66403989,0.92919986,1.141843241,-0.869062868,0.288258395,-1.314911061,-0.724374211,-0.174113088,1.144027584,0.527915236,0.040091002,0.448656711,0.52120389,0.369023366,-0.575076955,-0.956689598,-0.223290361,-0.793861152,0.621278253,1.528956165,0.563640504,-1.81013847,-0.633250871,0.018149066,-1.434796421,0.031196506,0.469319397,1.408858598,1.818707025,-1.191524141,-0.116588138,-0.103966513,-0.713008914,0.098648469,-0.080069666,0.613802896,1.35661393,0.13236395,-0.490049781,-1.025517877,2.042460873,0.906875608,0.399710901,-0.165980712,1.611878674,-0.159624184,-1.712117068,0.265026421,-1.227806124,0.268760682,1.344134153,1
-0.575637826,0.122009815,0.556899778,0.573160223,1.508218261,0.553995428,0.248939777,2.43338701,-2.127947014,2.200708834,1.741934659,-0.148446383,-0.707042444,-0.658293572,-0.288529702,1.196356518,-2.466774761,2.00973535,-0.000932299,1.176794594,-1.229600982,0.723641674,0.386735301,0.564017803,-0.691800846,-0.382656412,-1.235062026,0.764093125,1.342550881,0.282313764,-2.679357228,1.35671209,0.119133559,-2.654394308,-1.703274065,-1.053666826,-0.000409449,-1.02149977,-0.889949184,0.913928621,1.187384844,0.949482842,-1.635998891,0.943001327,-0.478901065,1.962553014,0.260277048,1.2163944,0.556147047,0.432836705,-0.368091653,1.20745896,0.930995037,-0.331069407,-0.440357224,-0.712448399,0.817551927,0.236344882,0.287662671,-0.360500262,1.457796552,-1.488907045,0.782137771,0.981924723,-0.317426002,-1.449854701,0.382512875,1.196489491,1.771976912,0.657109237,-0.613729542,0.693305457,0.500530315,0.321855902,-0.884636105,0.598466181,0.469903754,2.427664224,0.087503315,1.695370647,1.391306081,0.049942056,1.237195544,-0.783386427,-0.19217423,-0.535778884,-0.157533337,-2.00428725,1.799379309,-0.304506447,0.786950019,0.245326847,-0.271627418,-1.277144807,-0.914056242,-0.235671202,-0.474641285,-0.973784867,-0.68709274,0.461158076,0.876888076,-1.166472665,-0.880093644,0.215023461,-0.163458345,-0.366247292,0.922398749,0.184813175,-1.623153981,-0.799491767,-1.661083505,-0.179185332,-1.328116676,-1.761106405,-2.055245886,1.98440229,-1.365366518,-0.315657604,0.059479084,0.119044119,0.620892165,-0.051007867,-0.453599792,0.219743062,0.209430769,0.050708729,0.64089093,-0.625737163,-0.200796745,-1.325819138,-0.244933485,-0.638148805,1.055359026,-1.462456398,-0.47522673,-0.524172992,0.670806926,-1.27637751,0.003720982,0.078653388,0.923678562,-0.854894248,-1.307401876,0.475048347,-1.394814935,-0.522739082,-0.238619257,0.615744358,-1.541756718,-0.296112432,0
-2.081929408,1.696456368,2.204708759,1.316958339,-0.762909701,0.104812505,-1.751811798,-0.964946862,-0.015301295,0.219755807,-0.692990782,-2.751673124,0.193562857,0.728171626,0.766123119,-0.205851834,-0.135161556,0.246505642,0.408899154,-0.093449325,-2.322982199,1.397047572,-0.464338018,-1.22389957,-0.392584507,0.111686208,-0.609081726,-0.540038912,-0.324635478,0.361811868,-0.798988862,0.337442491,-1.38027916,2.005885452,1.072315979,-0.274669394,0.334750001,-1.168169084,0.561821679,0.845408558,0.266327303,0.902284319,-0.00703166,-0.101383571,-0.659868321,0.555903657,-0.836558522,0.414358928,0.303222557,1.343983311,0.583502861,-1.756802479,-0.6635189,-0.68948622,-0.731884019,0.966601181,-2.203359064,1.424453326,0.998534872,0.185754538,0.349199061,0.075010584,0.158582653,1.12634344,-0.223703842,0.600339277,-0.871251932,0.53253746,-0.272737533,0.427985377,-0.864570716,0.449245971,-0.046770677,1.564853817,0.258950411,0.493232395,-0.44152075,0.312091072,0.474009233,-0.354240702,-0.432234901,-0.806622425,-0.076051641,-0.653159002,0.292256865,-0.790405152,-0.122491868,-0.945751703,1.144392408,0.024850052,0.015923547,0.595479947,1.775244939,0.08109562,-1.490890782,1.181935191,-1.357314122,-0.496439622,1.192519601,-0.335222863,-0.57227025,0.281301562,0.009685953,-0.69338262,0.877596992,1.227975635,1.387922049,0.551760864,-0.701066806,-1.255279925,-2.316886131,1.033114802,0.19456899,-0.418915748,-1.933301599,-1.183101327,-1.765497867,1.441905271,0.635697062,-1.305942964,1.635069583,-0.722142589,0.349279759,0.351619332,-0.093907352,-0.3030919,0.033994606,-0.279979237,0.249099485,0.288785739,-0.524225276,1.10124518,-0.837036838,0.39020113,-0.339377741,-0.868993131,-0.277418205,-0.66082809,0.658730933,-0.094552094,1.369218907,-0.951411155,-2.196869904,0.394758816,1.72263952,0.488795738,-0.942409097,-1.022920246,2.025833224,-0.379380446,0
-0.471931866,1.088950597,-0.491263028,0.299520419,-1.064045927,-0.17858227,1.40220959,0.428254398,0.130542292,0.214864709,-0.389135096,1.99615232,-0.812157131,0.210926162,0.115025566,1.008762507,1.103173939,-0.032018804,0.290666493,0.328534754,-2.272141656,-1.588989602,-0.605063691,-0.561598676,-1.199282422,0.749582571,0.002118421,-0.214694547,-1.256155275,-0.044544864,-2.626684756,-0.162956311,0.063183669,0.241914984,-1.564101763,0.224816737,-1.04143127,-0.812469832,0.717931386,2.014113723,0.051358759,-0.817095459,0.188670448,0.939029157,0.620997566,2.743112872,-0.715337569,0.25223148,1.548917953,1.486159237,-1.950077927,-0.00335762,1.484520766,2.89064299,0.703795884,-0.367863294,-1.009203152,2.218743358,0.728741586,-0.848066927,-0.203156366,0.310186517,0.543806654,-0.899618658,-0.614190418,-1.652934562,1.03976229,-0.341618467,0.466321649,1.422258509,0.219870142,-0.112970476,0.193921477,0.063193604,1.246164998,0.310838398,-0.54440102,1.047849057,1.230484356,-1.338330627,1.532783885,0.364711773,0.28326995,1.006624632,-0.566976391,0.954164514,-0.37677547,-1.47495068,-0.997756279,0.567021833,-0.94546834,1.610076123,1.189283453,1.333439166,0.12477858,0.257861617,-1.193711854,0.99578351,0.379833455,0.567305625,1.688311811,-0.605962984,-0.12614155,0.326670922,-0.935435405,-0.187598821,0.49294981,-0.325421271,1.30898941,-1.510924562,1.12277124,0.661185475,-0.568828588,-0.924408568,-2.080282617,-0.795175012,1.047176655,-0.056085726,1.16298088,-0.619871071,0.70710616,-0.717498602,-0.965575006,-0.107127217,-0.664966511,-1.542822149,-0.182314701,0.106435416,1.268358611,0.936805677,1.219943199,0.720357498,0.332612759,-1.228944906,0.149872198,0.596793777,1.457437949,0.686288542,1.240383435,-1.031997891,-0.326417626,0.429350714,1.160952691,-0.145228646,-0.082445959,0.687140306,-1.125870827,1.60740455,-0.879136093,-1.918589424,0
0.32271856,-0.827230944,0.49660241,-0.970350091,1.435989124,-1.455965042,0.059465927,-2.216120647,-2.154383706,-0.839351958,-0.698210082,1.465726413,-0.040591836,1.292406901,-0.379786595,0.606085183,-0.725475317,-0.793473069,-1.820850139,0.335753994,0.262083415,0.777312887,0.214918287,2.026195977,0.176027637,0.991826714,-0.324109083,-0.908470034,0.71769517,-0.089147988,0.832043046,0.352936542,-0.793013327,1.074337878,-0.871189954,0.625326263,1.281611112,-0.384594838,1.155994454,0.397616834,0.851943778,-0.836755691,0.214300232,-1.40808131,1.711300515,-2.013998322,-0.35475182,-0.931708594,0.674700415,1.923945946,0.654915099,2.961283697,-1.377940177,-1.301184133,-0.893114232,0.121244695,-1.026922375,-0.751662754,0.620483524,-1.239171883,-1.133196013,-0.398538753,-0.304443071,1.010015717,-0.900639748,-0.720279984,0.581670116,0.801394324,1.428724467,0.469120355,0.13036406,0.575038407,-0.267412806,-0.274767594,-1.774110312,0.893415957,0.211458945,0.777039266,-2.815810494,-0.047101708,-0.855881506,1.501362505,0.614216915,0.234235411,-0.431932969,0.39720831,-0.928185629,-0.099725348,-0.578363387,2.266489655,1.469947756,1.063047484,-1.490311022,0.864157112,0.187666675,1.22346014,0.322395095,-0.006717666,0.233784296,-1.805633292,-0.767403272,0.373335539,1.139388358,-0.550493116,-0.04080688,-1.600992445,1.459310813,1.113741732,0.652102619,0.406806188,1.552549065,-0.805010991,-0.913161556,1.061519786,0.994313382,-1.193495586,-0.531359882,1.689093131,0.411667328,0.787161518,-1.159046543,0.656644525,-1.419541546,-1.979821366,0.72682396,1.43444517,-0.253786076,-0.546550682,1.710848656,-0.194783369,-0.065768724,1.693957226,-0.353584813,-0.654027609,0.815508224,-0.711856154,-0.144601538,-1.319158602,0.185397088,0.068097487,0.968020275,0.857256537,0.551518008,0.394255693,-0.073254114,0.609555969,-1.112332174,-2.348966072,1.161917671,0.674160462,1
0.823170584,0.073317967,0.000886886,0.899873723,2.190735779,-0.444462471,-0.876239774,-0.98905897,0.476824172,-1.090518987,-0.373222351,-0.28527998,1.556399091,1.192860218,-1.536715196,1.584824258,-1.216151219,0.160291007,-0.834543587,-0.388304609,-0.980408945,1.675522521,-0.140095543,0.225589819,-1.072276218,-1.415064873,-0.444144473,0.521460069,-0.121452151,0.974539496,0.124170891,0.006465216,0.535112686,0.100299531,0.944029205,0.555210788,0.910964922,0.716456749,1.360270611,0.828934155,1.74759554,-0.541185484,0.834784152,-1.38071678,0.947073045,0.05644458,0.936800591,1.679511047,0.801096716,-0.412745602,-1.087972071,0.536010855,-0.285937041,0.663599095,-0.506740563,-0.929477857,-0.241739814,0.500952176,0.122198705,-0.813085725,1.800514113,-0.138742901,-2.261824167,0.932297388,-0.011103904,-0.170521974,-0.190394307,-0.184762932,1.66897664,0.464532135,0.260377859,-0.262739023,1.728473827,0.842930563,0.989054018,0.278167972,0.999937522,0.393184232,-0.371289238,0.369415816,2.097085551,0.203818334,1.270169728,1.191379719,0.562869676,1.65677437,-2.172924568,-1.836377787,1.72782654,-0.647426057,0.111772072,1.750578222,0.199650231,1.689608768,-0.388239683,0.615894335,0.058135208,1.490633608,-0.261615187,-0.964303351,-0.467619014,-0.423252624,-0.647150039,-0.688723046,1.121717276,1.407819509,0.391927496,-0.647329542,-0.584030509,-2.072911298,0.379685711,-0.682730219,1.471100354,-1.378113901,-0.592352433,-0.095561669,0.465229553,1.802945663,-1.370430901,-0.301937986,-1.428169081,0.789951591,-0.646894181,-0.10330372,-0.172263538,0.116286938,-0.156270345,-0.971682036,0.084899975,-0.794387175,0.814563202,0.057413561,-1.03974278,2.406875666,1.658851872,2.443472635,-0.342895309,-0.835186074,0.806499163,1.108028111,0.196727245,-2.103740299,-0.981104573,0.422504646,-0.660173314,-1.365010244,-0.25765564,-3.246638381,-0.603305588,-0.426023293,1
-0.637739984,-0.530996955,0.222842282,-0.164348777,0.791379594,-0.146592117,-0.22294345,0.991276277,0.210255466,0.668327444,2.498567514,-1.985197978,-1.027465343,-0.927782196,-0.853569907,1.423133469,-2.667135895,0.481667326,-1.532718134,0.02557241,0.259398684,0.906288749,-0.265525342,-0.173106347,-2.04950707,2.280142357,0.306427086,0.43878677,1.0730356,-0.067451266,0.423859741,0.7153472,-1.474757023,0.530631604,2.075166366,1.746833549,1.53206441,1.91052936,-1.259593184,-0.524874381,-0.911431369,3.495113214,0.24392277,-1.414260556,-1.101667699,0.107109102,-1.362946701,1.868682723,0.790518822,0.313086745,-1.053603772,-1.321053477,0.349166855,0.13745283,-1.28335661,-0.053851381,-0.051278394,0.738065795,2.106398599,-2.079524859,0.801174796,-0.696493908,0.421541809,0.130709313,0.500134138,-1.243096632,0.969621284,0.040857788,1.391732961,1.59244695,0.236837236,0.989888269,0.903376451,1.338707425,1.266319056,-1.16398518,0.278234616,-1.38833154,-0.521908494,-0.481337493,0.585103708,-0.230161996,-0.159629321,0.999150537,0.879426451,0.275961921,0.749169172,0.645941108,1.964852356,-0.208780528,-0.75196014,0.203896227,-0.95037247,-0.367949484,0.450122264,-0.507355666,-0.228096364,-0.272968686,-0.433281291,-1.096472026,1.01223398,1.370078638,0.951613477,0.942734083,-0.415697288,0.175218977,-0.779373326,-0.134803365,-0.045917423,-1.385121732,0.132147483,-0.530841332,0.265229085,-0.235093193,0.346417574,0.697790555,-1.253378002,-0.319611162,-0.647984153,1.178318979,1.697783906,0.042421271,0.404499605,-1.473980332,0.303093644,-0.25876496,1.358553841,-0.227486735,-0.820595667,-1.342802827,0.181057064,-0.543438738,1.21729321,0.633242856,-0.100970215,0.627270633,1.743199731,-1.159909422,-0.635088824,1.94165437,-0.754431236,0.662327489,1.18704345,-0.015773316,0.689450545,-0.293927585,1.816664768,-0.441877287,-0.954590866,0.888717455,0
-0.524520266,0.489374561,0.135831582,-0.178995535,-0.504166156,-0.042235444,0.690068384,-0.668261919,-0.800954805,0.599593199,-0.848044695,0.151163753,0.098211883,0.000410763,-0.642658092,1.73390595,0.398330988,-0.514407345,0.330936915,1.832225086,0.089512758,1.533351885,-1.147753936,-0.851149168,-2.140400558,1.975763657,-1.701856464,0.174203476,1.737638298,0.971163132,0.376292665,1.283123624,-0.668387769,0.517686013,-0.11264797,-0.133245921,0.190588388,1.175320487,1.566539716,-0.26701487,-1.088692348,-0.819579934,1.94779486,1.480776447,-1.091280994,1.661009126,-0.711659193,0.664605261,-0.7124078,2.162870003,-0.570140922,-1.049809958,-0.456524469,2.626877291,0.2605544,-1.02821484,-0.788380667,-1.747679468,0.540132358,-1.250542881,1.105658698,0.790085565,-0.10001901,1.236121197,0.925589397,0.156910523,-0.768149164,0.413534003,0.407698182,0.49145493,0.079032411,0.327154185,0.302149815,1.362091164,-1.274100303,-1.00158847,0.07513,-0.759988357,0.210872664,-1.113154853,-0.955380237,2.060495992,-0.229332618,-1.171241664,-0.114822723,1.036420964,1.205530502,-1.461071609,-0.767043293,0.222706834,-0.033974189,-1.600006238,-1.437990003,-1.06760322,-1.770887746,-0.458471114,1.194496702,-0.665843234,1.08225561,0.029696584,-0.183382107,-1.665739537,1.169817018,0.116427361,-1.599892666,0.381854631,-0.587835389,0.061321533,0.240134154,1.215735684,-1.127278665,0.57188215,1.328297441,2.520486771,1.049559952,0.361406461,0.275021819,1.55210167,-0.286436992,0.795902546,2.194102661,-0.109374474,-2.013952217,-0.860813386,0.293445409,-0.836950438,-0.347213977,-0.295045845,0.560949303,-0.945965851,-0.583764695,1.40704719,-0.481962091,0.725785529,0.013938101,-0.023117749,0.738141566,-1.862462265,0.443344408,0.552762336,0.848443604,-0.375470739,0.000525631,-2.452530609,-0.669841297,0.1755853,1.470661473,1.845778913,-0.342447899,0.874031593,0
-0.469474386,0.542560044,0.436559804,0.903934841,-2.362932436,-1.009730705,0.619154261,2.05749547,0.020793708,-0.728002941,-0.182896441,1.374876419,-0.645964179,-0.799192007,-0.482743522,-0.953328608,0.122670316,1.624678458,0.323079273,-0.252353502,-0.291811269,-1.563190809,0.883109777,-0.077837197,-0.180479914,3.193107568,0.298752908,-0.75179105,-0.426357596,1.148445709,0.113270411,-1.438277978,0.919228935,-0.668144086,1.873297776,1.080048066,-0.447321896,1.281016362,0.067855511,0.852773675,0.484732817,-0.846356655,-0.643549832,1.029960818,-0.334775332,-0.403648463,-0.955122579,0.423599066,2.062524919,-1.067532914,0.024219457,1.412220555,-0.079641391,0.452371796,-1.062393528,0.428307097,-0.187144265,0.985729996,1.187386052,2.589563642,0.579633173,0.325796317,0.194384302,-0.353166293,0.338483843,-0.29540141,0.168460976,1.317597536,-1.006542565,1.139878561,1.317115067,-0.118068527,-2.121854899,-0.607821987,1.296994547,-0.022868062,-0.999302232,-0.504774921,0.840620027,0.546733568,-0.238932099,-0.366824412,-0.391758149,-0.922410184,1.615375689,-0.322320469,1.217158521,1.521316052,0.998310898,-0.431620313,0.40373009,-0.024195606,-0.903701861,0.324359282,-1.179039791,1.187679388,-0.464617297,0.201159656,0.283287872,-0.258904974,0.586693801,-0.474903657,0.871297297,-1.34597968,0.12637958,1.938928999,-1.000331325,-0.677744971,0.51390785,0.179581782,0.350630099,0.48918713,0.634721469,1.109699842,0.409818657,-0.241257655,0.672573701,1.899881935,-0.132633746,-0.974529305,1.107080669,-0.120381164,-2.172669546,0.847421677,-0.535328186,-0.090533282,0.331980331,0.19049968,0.709451817,-0.435486371,0.513105798,-0.259546678,0.738810481,0.615367484,-0.935438702,1.085982116,-0.535963445,0.808057798,0.367287313,1.838183677,-0.223465982,-0.349316796,-0.019419606,-0.303179783,0.799941902,-1.616310608,-1.053682419,-1.067802922,0.950307592,1.710613373,0
0.186766764,-0.755382932,-0.643716001,-0.527658784,0.361960373,1.105406572,-1.661376049,0.057572621,1.991746552,-1.098980947,-0.200408263,-0.615991782,0.70332496,-1.250477432,-1.570482622,0.832036503,0.238658294,-1.186194809,-0.06847239,-1.281832813,0.922283786,0.278286795,-0.714661323,-0.580154232,-0.459193755,-1.075009364,1.339984825,1.163142991,-0.401263003,-0.314508722,-1.122929976,-0.160617855,0.489245758,1.181193059,-0.896130339,-1.684740823,-1.007147925,0.556214688,-0.043509143,0.992383034,0.041588493,1.61570607,-1.585658738,-2.490382059,1.353222494,-0.795786816,0.137590805,0.134390073,0.326817452,-0.473723781,-0.951866451,-1.031871601,0.603663783,0.77149866,-0.250089836,-0.59679929,0.568670931,-1.481622435,1.949698107,0.452375756,-0.159475057,0.829901378,0.630663681,0.23505444,-1.890255397,0.410950096,1.455885798,-0.555218789,0.958649005,0.849035432,0.294074136,0.170164844,0.55984549,0.415831932,1.890860398,0.966755222,0.707112389,1.057193437,0.707797847,-2.080816907,-0.116753885,-0.619569349,0.32796951,-0.556710988,0.591118198,-0.421118222,1.697683237,1.65007008,-1.446737058,0.322871486,-0.46187948,0.252014084,0.58668945,-1.278751733,-0.973605402,-0.849165721,-0.551417976,-0.522254843,0.796765359,0.222491421,-0.871155284,-0.319626068,-2.369671655,2.01971465,0.018069052,0.992603153,0.793171134,-0.036067753,-2.381910599,-0.557929989,0.353614656,0.06050926,1.040374712,-0.001961339,1.842065334,-1.059644602,0.517680036,-1.028933873,0.914082656,-0.753101944,-1.756577866,-1.486315875,-0.472066743,1.55863666,0.741391141,0.446885184,-0.065065654,-1.12631571,-0.932805555,-0.551751436,-0.642359693,-0.656769722,-0.951413546,0.006081232,-0.751256144,1.131635405,1.121573583,0.601020198,0.485581175,-1.552201355,2.290825417,-0.28159306,0.793713604,0.83296997,-1.041207038,-0.627847801,0.397910093,-1.54607369,-0.089375079,-2.39510257,1
0.6141667,0.75750771,-1.509238594,0.932959153,-0.814691767,-1.577068268,-0.493678158,-0.511098967,1.320171076,0.865633915,-0.737387103,1.397954343,0.125025858,1.060835635,1.327178508,-0.2625929,0.571319574,-0.406758464,0.930102262,0.090275144,0.960322219,1.524756664,0.547231832,-0.093459856,-0.076827877,-2.957031751,-0.71279432,0.93257352,0.969881207,-0.734567658,0.164574618,-0.189266422,0.689602379,2.208614763,0.708468578,-0.670177455,-0.078419528,1.401928253,-1.408676924,-0.615057665,0.709963932,1.294331253,0.608967902,-0.606694915,0.536535301,0.414292767,0.350821767,-0.097073677,0.052994308,-0.907499861,2.480204225,0.156999441,0.548512281,-0.217911216,0.845310329,-1.298432942,-1.745605536,-0.030471507,2.054055275,1.208320835,-0.80844643,0.51608741,-0.635989478,0.426416687,0.504393876,0.926479121,-1.565663697,-1.265587989,-0.075570558,-1.032423336,-1.10972207,0.271857379,-0.916035564,2.25765689,-0.533165987,-0.270232084,0.297540541,-1.507955381,0.508504512,0.34146765,-0.349305515,0.273927308,0.428282513,1.435190712,2.500261468,-1.061500988,-1.29734741,0.102749611,-2.078918481,0.649415232,0.113080763,0.367286599,-0.303571935,0.255015766,0.472239578,0.200023406,-1.345098615,0.172005827,1.853964686,0.240892058,0.137055613,1.560037658,-0.745615558,0.88967764,-0.530157353,1.086583343,0.798048154,-0.412278863,-0.265961126,0.977811541,-1.855450901,-0.44192911,0.620417484,-0.308106771,0.13486338,-2.041150946,-0.854478096,0.679452672,-0.751007377,-1.302459711,1.061608533,0.515684054,-1.088533353,0.138503844,-1.055947795,-0.152459057,0.17598819,-0.808496399,0.742332934,0.897351702,0.263565525,0.413982152,-1.452828838,1.362187227,-0.091324988,-0.935256365,0.145835812,0.745469992,0.512349567,-1.084690365,0.75763789,-0.060659082,0.501204182,-0.801551501,1.045911589,0.182715526,1.188823314,-1.534868109,-1.40141912,-0.240027847,2
-0.544382725,0.11092259,-0.256179752,-0.241497446,-0.0617642,0.479441518,0.874517074,-0.649765227,-1.203200855,-1.042044412,-0.487202921,-0.351921318,-0.769996066,-1.296116664,-0.456120827,0.18142662,0.595029466,-0.557423053,-0.412997822,-0.926698309,-0.03143917,-0.848428634,0.573127813,-1.785866492,-0.359629672,0.301107339,0.183834516,2.693033664,0.349800025,-1.004054597,-0.095464247,-1.776246333,-0.080599749,-0.833056057,0.915390276,-0.549540275,-0.116765916,-0.635557841,1.738851352,-0.321242766,1.832557043,0.814151762,0.482066727,0.368733147,0.393797298,-1.927672579,-0.278883394,0.845157971,-0.048897183,-1.405189847,-0.052404451,1.704105516,1.246891716,-0.062004009,0.951449277,-0.36650702,-1.703871587,-0.924465988,1.562888769,-0.273993082,-0.243383979,-0.299838196,1.90413659,1.625958915,2.218780233,-0.15904521,0.295624489,-1.516642549,1.476934426,-1.167779551,0.216775564,-1.097302528,-0.588866827,-0.837262431,-0.607875261,-0.539122703,-0.548268795,0.833333912,-1.104862793,0.220541427,1.217959152,-0.513196365,-0.717918891,-0.230524625,1.179725208,0.194107631,-0.531214295,0.483876651,-1.10229215,0.68135951,0.408607308,-0.307808471,-0.838585798,-0.886680922,0.534817336,1.228980502,-0.637307747,0.458386704,-2.087027019,-0.584617731,-0.031058933,-0.909683417,-0.936506375,-0.667779556,0.292192728,-0.187329018,-2.238231233,-2.120700153,-0.606865178,0.457686586,-2.747504843,-0.499730176,-0.526247857,1.388337778,-0.385021812,0.382988985,0.14125714,-2.13056648,0.768207217,0.215396505,0.50826864,3.926237706,-2.084112939,1.72469665,-0.287447519,0.287328904,-0.045512245,-0.424236333,-0.569832928,0.329508736,-1.517173697,0.750579168,-0.416194405,-1.130069339,-0.450012858,1.257149217,-0.535335087,0.358453618,-0.730956276,0.75792185,0.685507739,1.848608833,-0.175563945,0.668654805,0.09806754,1.295871782,-0.718832388,0.745005313,-0.194697296,-0.064188177,0
-0.245743064,-0.27272357,2.530874549,0.416544272,0.109839304,0.336232934,1.271326718,2.329275286,-0.166465745,-0.912379325,1.162549437,-1.363088136,0.257758779,0.304625099,-0.107337141,-0.048540177,-1.652493606,-0.868281374,0.937090828,-2.041268794,-0.085994212,-0.312565884,-1.992438655,1.692376449,-1.030268092,0.548926713,-0.468897608,-0.844859779,-0.235980565,-0.356354079,-0.186733513,-0.786951784,-1.013984577,1.004456424,0.006935622,-0.060313467,-0.891478061,1.574398857,-0.087428576,-1.895709191,0.275823647,-0.764193836,0.910833963,1.038431624,0.922933772,-0.461406906,-0.11289835,0.248605622,0.892661317,-1.037753188,0.093425959,1.867922939,-0.535393603,-0.02607077,2.613487555,-0.241236613,-1.538794057,-0.057380629,1.672929555,1.0567146,-0.979691019,0.415394714,-0.175844851,0.812033728,-0.615397434,0.494517703,1.910252823,-2.612366377,0.592892594,1.319067074,-1.556336982,-0.720596857,-0.393703639,-0.730910147,-0.805813663,-0.374742919,0.851694843,1.487652324,1.302654087,0.99380084,1.832115093,2.031327645,0.166059117,1.430965256,0.423919199,-0.216239043,-0.049768712,1.012517466,1.465591165,0.580454365,-0.396037885,-0.489478927,-1.853284482,0.360934032,0.292892594,-1.044637351,0.473104921,0.456333362,-1.483712419,-0.321743978,1.409045719,-0.633180524,0.017641683,0.160456804,-0.026336195,0.688704049,0.935221704,1.264582691,-0.313497928,0.523866606,0.839829287,-0.118333432,-0.719161695,0.143578187,-0.605731532,-0.704228094,0.220133908,-0.188316318,0.175521895,-1.551226568,-0.175547129,-2.260264902,-1.045470175,-0.088933551,1.213122565,0.536850861,0.090276868,-0.376744972,-0.250592461,1.305779198,-1.106348596,-0.725538261,1.06675541,-0.343927147,1.939085986,0.690699884,1.154957063,-1.625627521,1.059426623,-0.849389683,0.71576457,-0.363701301,0.222803419,-1.106230282,-1.720580399,0.15055643,-0.293799892,-0.893795623,-1.682049988,-2.675054028,1
0.624119817,0.628345509,1.75404305,0.537984273,0.133484495,-0.516397485,-1.010600041,1.109578242,-0.153449851,1.150703275,-0.329551878,-0.649288661,0.420798889,-0.076535939,-1.205528605,1.81736833,-0.626983774,0.927591521,0.841856629,-1.259462765,-1.002387645,-0.30150934,-0.865646545,1.726456372,-0.200175637,0.889749043,0.513637389,0.264022449,0.040321211,1.237130708,-0.825092973,1.72633531,-1.287223181,0.781511726,-1.40516386,-0.315705552,0.093309938,-0.486695349,-0.18166957,-1.386970448,-0.987450469,0.498264707,0.029671825,-0.690528026,1.324277763,-1.2199309,-0.361590466,-0.505656278,0.615037628,0.048163691,-0.108165247,-1.844216704,0.865034481,-0.217825815,0.115661018,-0.74856322,-0.905828763,1.499287758,-1.773238578,-1.054199028,1.480492153,0.640746381,-0.325462532,1.246596314,0.446860116,0.232660092,0.225562017,0.465238217,0.505692501,2.195973053,-0.194892812,-0.164047188,-1.236893188,-0.051897387,1.8628869,0.984485002,-0.543667744,0.030041365,-1.296438376,-0.969119344,0.149441153,-0.494454603,-1.044599789,0.489840765,-0.082250087,-1.567550372,-2.075146966,-0.570011499,-1.588265143,-1.868911406,1.128969201,-0.09771089,-0.265446378,-0.188405816,-1.137832151,0.410976165,-0.130700327,-0.757408656,-0.607628685,-1.227458713,-0.406242873,-0.239627881,-0.432283329,0.055154557,-0.078511705,0.230768539,0.943097037,0.593023477,0.954589841,-0.84773423,-0.508614894,0.653596684,0.671477671,-0.678620618,0.611583926,-0.943532117,0.481055724,-0.026296201,-1.384435604,-0.434073822,2.18226781,0.202780363,2.300449977,-1.44392653,0.750741793,-2.534336192,-0.000235485,0.631217378,0.837890095,-0.799269725,1.039090422,-0.53371476,-0.164097251,-0.433322219,-1.136389351,1.569719587,0.048017817,1.087318379,1.044711242,-0.967940214,1.216127248,0.503414244,-1.040901864,0.448850831,-1.022967885,1.606458368,0.813786745,-0.071148562,1.264803618,-1.581987645,2
1.163163752,0.010233061,-0.442790938,-0.630498514,-0.977268862,-0.102038201,0.574826484,0.490257444,-0.008232365,0.057053837,-0.081550795,-1.297211539,0.160134897,-0.583625585,-1.347343219,0.370705567,-0.611730036,0.227753921,0.847637815,-0.950238721,0.092121282,-1.810422882,1.532533091,-1.359066497,-0.514819662,1.338379904,-0.234522926,-1.197397686,0.713073232,0.690532462,-0.633186339,-0.524926521,-0.435408971,-0.207023961,-1.892971077,-0.181423861,1.783914198,-0.895969967,-0.583493593,-1.183617663,0.612161926,1.203197358,1.180317839,-1.248010589,0.49979173,1.433750034,0.509663108,0.478409683,-0.471642579,0.220109824,1.23631818,0.328208968,-1.248274756,-0.456041674,1.209279539,0.32474332,0.119062078,-0.554015533,1.188599181,1.662412598,1.263189123,1.442591621,-0.358706241,-0.500169097,-0.156345173,0.038573242,1.43101978,1.165886739,0.538469387,-1.431186766,-1.688021845,0.240462745,0.880263206,-0.079567049,1.914904505,-1.082441044,-1.208351949,-0.664280974,-0.702297213,0.526285869,-0.421711852,-1.547840461,0.891578457,-1.759951926,-1.071218223,-1.622706571,0.207121277,0.186047712,1.916454321,0.913826656,1.441646183,0.288609651,-0.976931821,0.128107602,0.592421007,0.703807382,-0.472412144,0.488786474,-0.933027971,-1.043277594,-1.115784711,0.024625989,-1.177836355,-0.42474439,0.902916551,-1.029129678,-0.504312034,0.071631277,0.246886902,-0.499290591,0.786860069,0.590452301,1.139856604,-0.081601924,-0.512818809,-0.682632022,0.307027518,-0.377155783,-0.569169778,-0.448287264,-0.683690485,0.199021113,-1.412583183,0.303016292,0.67654876,-0.580879138,1.92203694,0.017621311,-1.561342983,-0.281242906,0.062656145,0.448967556,-0.257430524,-1.011570276,-1.094980618,-0.653599285,-0.557775363,-1.134974165,-0.732813161,0.659458524,1.648412608,0.755461714,1.305861086,0.974118468,0.833130328,-0.337796263,0.140910878,-0.420619342,-0.219107162,0.0681671,2
1.179440121,-0.469175652,1.220858321,1.334874423,-0.648280776,-0.207962008,-0.611702075,0.895096463,0.332889229,1.069144864,1.112738803,-1.727259491,1.350770131,0.950860958,-0.369224883,0.349792767,-0.123669572,0.616055679,-0.371396381,0.478927241,0.067305305,-0.432193903,0.190136245,2.706469573,-0.68553663,-0.249943591,-0.6681124,-0.563216386,0.815774353,0.71588246,-0.005863503,1.026296585,0.793443295,-0.162334186,-1.533864742,0.829783008,0.169664621,0.022223464,-0.46604802,0.744648949,0.348496252,-0.236828043,-1.225454547,1.067929102,0.604905223,0.2554029,-2.656773995,-0.037894257,-0.241203703,-0.618495685,0.754235279,0.714860034,0.436824717,1.037890915,-1.022298514,-0.453654057,0.074792263,-0.622002019,0.727169222,-0.522200848,1.298370004,-0.931159402,2.13198365,2.029297356,-0.094753146,1.146170451,-0.400428061,1.013286498,-0.175978331,-1.285439899,-3.532818188,-0.268713446,0.279062509,1.330316426,0.036625032,1.002910135,-0.453941547,-0.33727897,1.054035683,-2.464674485,0.012983829,-0.39996135,1.360611205,-0.528246295,0.51658497,0.921516969,-1.492595994,-0.139370308,-0.431636434,0.946293247,0.675081841,-0.23320203,-1.04740805,1.038146696,-0.067652777,-1.618376566,-1.532380399,0.43763343,-1.275806193,1.859647494,-0.937070284,-0.000360725,0.159111966,-0.729377739,-2.239827031,0.190895098,-0.75323999,0.116538428,-0.122331052,0.263291248,1.561870121,-0.546183013,-0.468844654,-1.665797303,-0.195183951,0.409869989,-0.483494878,0.4164305,-0.177508525,-1.302266238,0.311985071,-0.205832134,0.122757821,-0.566949883,-0.655402523,0.157410808,-0.230599912,1.724278249,0.798730512,0.545004259,-0.177480802,-2.026023448,-0.807594928,-0.647293453,-0.274984386,-0.033359499,0.656074965,0.273145561,1.159203191,-0.311901974,0.257162944,0.343844228,0.245726284,1.281890248,0.803774323,-1.31940322,-0.114331099,-0.013973682,2.151541064,-0.329791181,1
0.500917188,-0.977555245,2.238721096,1.380584609,0.909096385,1.439312176,0.404611999,-1.703252997,0.514851681,-1.480675392,-0.528362279,-0.078082098,-0.911062518,0.94604447,-0.213757577,0.409308231,-0.009413162,0.12617916,-0.886867284,-1.174041445,-0.15376867,-0.966114277,1.393555705,-1.376435084,2.337002311,0.302025128,0.069326905,-0.540266249,0.656921032,-0.204275011,0.300474194,0.841823167,0.669309469,1.239861201,0.537841074,-0.951267688,-2.079789336,0.211033729,0.225463154,1.925929815,-0.115840617,0.374492303,0.777176406,0.513408121,0.843943792,-0.818209308,-0.976366334,-0.280560831,-2.17406639,-0.03957959,-0.659583092,0.322213334,-0.265068789,-1.015432813,1.310856863,0.082519104,0.862858841,0.183514461,0.463995131,-1.360995725,1.278103504,0.87868165,-0.018840301,0.288002094,1.00260586,-0.372000204,-1.583080415,-0.353263974,0.152389492,-0.032439792,1.317566157,-0.959902389,-0.83329063,-1.058046502,0.428741095,-1.526033753,0.743756398,-0.932884521,-0.77310236,1.77022526,1.232579729,0.119213318,-1.311038151,2.014422457,-0.196321552,0.247580976,0.911933769,-1.962895207,-0.640037332,-0.06807474,0.130719712,-1.303606842,0.326337661,0.033740404,1.667317649,1.000290789,-0.269255787,-0.196069487,1.01449677,0.283624289,-1.371133411,2.093790835,-0.989868693,2.478969543,0.427954922,-0.63544129,-2.367032684,0.776764469,-1.550310586,0.357294558,1.933632703,-1.137678865,0.738055412,-0.811599615,1.133149537,0.06582268,-0.019063398,1.207288311,0.625292441,-0.804689039,1.787113422,-1.535826484,0.275697096,-0.822864691,-1.487224708,-1.13418101,-0.04923952,0.349726764,1.058931831,1.476036509,0.277687147,-0.443193279,1.039017307,-0.614641484,-1.595614529,0.939011512,1.323911852,-0.821811648,1.960823163,0.583052319,0.433961978,-0.516686099,1.017288768,-1.524378127,-0.339790446,-0.733163236,-1.30893275,0.862987455,0.341138477,0.804691505,1
-0.11232805,-0.2209696,-0.539568235,-0.491800011,-0.76852146,-0.760439738,-2.000943835,-0.223675094,-1.955579322,0.750559119,-0.559917844,-0.119409579,-0.373209633,-0.244113775,1.263374816,-1.351496412,-1.623316922,0.119372327,-0.495879724,0.359623921,0.71657724,-1.106343257,0.603388843,-1.021943487,0.074575191,-1.236913724,0.132143757,-0.020877281,-1.102929489,-1.358411341,0.750638584,-0.453000453,1.012030962,-0.54339373,1.302179736,-0.948389555,1.472746558,0.174371863,0.399796741,-1.004024613,0.729215183,0.763928132,-0.324434858,-2.133995392,-1.113328566,-1.113480661,0.449352818,-0.46503234,-0.445609716,-0.56631227,1.469290278,0.045351961,0.197740336,-0.619389511,-0.029638657,-0.975689343,0.343724678,-1.146553578,0.744219846,-0.734952273,0.948392813,1.907294258,0.001101112,1.311615122,0.751448949,-1.432782039,0.110927778,0.501198706,0.597715315,0.178206805,0.165311396,0.005087358,0.133176086,-1.22367897,-0.236210781,-1.452981355,-0.497627683,-0.590805551,-0.654662974,-1.052008158,0.269277274,-0.318070306,-0.420426256,-1.407573994,-0.297861192,1.1455328,1.16080631,0.37351258,-0.295153975,0.55898283,-0.667353588,-0.299252256,-0.742522443,0.908366427,0.780005961,-0.034682259,1.731252309,0.412514581,0.356227546,0.249120247,-1.262286818,-0.894279831,-0.054637954,-0.046383479,0.5897627,-0.667867109,0.070686701,0.088560131,0.128195082,0.016414517,-1.403840019,-2.261218464,-0.941763636,-0.531123023,-1.178451869,-0.055673869,1.090106969,0.726033165,0.466333295,0.985310739,-0.924623044,-0.45679627,0.614846863,-0.474530009,-0.41982649,1.862419122,0.095442078,1.7636262,-1.823296666,-0.630866305,0.408816581,0.09373258,-2.055546263,-0.229579181,2.473017597,0.246912772,0.604436,-0.643943168,0.243284147,-0.012328198,1.118814432,1.087000887,0.407516145,0.070965816,-1.679107536,-1.713955437,0.081910913,0.874634111,1.331746057,-0.88973875,1
-0.730366632,0.21645859,-0.034171882,2.11577081,-0.509345096,0.194774006,0.906648386,0.280291292,0.292484188,-0.362402434,-0.231877975,-0.960010522,0.846045009,-1.741491657,0.971088338,-1.403698385,0.962607274,-0.353817526,-1.231868688,0.579298645,0.928767535,-0.438078648,0.720610549,-2.285084495,-1.32059629,1.29240893,-0.223669274,-1.862213326,-0.69886618,-0.923400473,-0.165961731,-0.370750984,0.178931729,-0.069466052,1.359739255,0.4245486,0.457671611,1.165157124,-0.38876875,-1.261877443,1.206970325,0.135841748,0.139351208,-0.633329922,-0.616855333,0.846722339,0.984655798,0.783823406,0.792961605,0.569029537,0.13152273,-0.175379684,1.21032385,-0.37372087,0.369979214,-0.804012998,-0.659299037,-0.236154568,-0.803938377,0.797851825,-1.348034252,0.099229623,0.132508097,-1.810799578,-0.441023821,0.255699538,0.428727993,-0.204307209,0.676888204,-0.109316257,0.013652912,0.251653869,0.926999629,-0.675718002,-0.486821873,-0.668896492,-0.332197716,1.426234258,0.572725319,-1.131089745,-0.600446966,0.372767224,-0.906507781,-0.725340041,1.344959666,-0.613375628,0.954666816,1.25532319,-0.733462091,-0.889962557,-0.276132086,-1.088627721,0.121033879,-0.205651912,0.360580016,1.396943456,0.817484981,0.489239775,-1.966048413,0.443375982,1.722627661,-3.010522516,0.689382543,-0.159358575,-0.849795003,0.801128584,1.709705901,0.775230729,-0.371191951,-0.943469824,0.144627634,0.873169292,-0.387053026,-0.290382992,2.82200025,1.078651946,1.150128678,-1.460285906,-0.707188679,0.074681639,-1.001137558,1.600397299,1.410312307,-0.533545337,1.783918607,-0.004252097,2.589389717,0.144686131,0.57619275,1.399903441,1.27763335,0.510732066,-0.141140319,0.5141327,-0.816184172,0.152133719,-1.109307532,-1.78088164,0.050426764,1.262277891,0.925804642,-0.081912296,1.746989698,-0.569061391,-1.917832662,-2.182101294,-1.181190941,0.816624743,-0.634802683,0.460958642,0
-0.792520738,-0.114736441,0.328009718,0.339529948,-1.180626045,-1.044085936,0.941256397,-0.589143545,-0.494911873,0.963951251,-1.049913545,0.269235133,0.042907326,-0.002685726,-0.518435632,-0.579855181,-1.078364164,0.482665026,-0.668149192,0.968744621,-0.224555042,-1.058450489,-0.237813882,-0.410857199,1.009103412,-0.369000189,-0.276210381,1.411546705,0.508267321,1.662706016,1.259045004,-0.887162588,0.989950854,1.525303292,1.532813132,0.988095984,0.967522995,-0.302661044,-0.837382084,-0.352217319,-1.664789001,1.342795315,-0.283292959,1.291330729,-1.231499577,1.082624921,-0.494880658,-1.284369408,1.627118052,1.107311669,0.21179242,0.033937885,0.439510019,0.194628578,-0.792275954,-0.41205227,1.960717832,2.672156743,1.562668505,0.47822394,-0.337749033,-0.798185894,-0.73228241,-0.553267659,2.151164041,1.806282296,0.74627839,-0.960613176,0.893055927,-0.238617029,-2.153009439,0.287100637,-0.841913041,-0.808053429,-0.250407994,-0.498322973,-0.034256819,-0.08233055,-1.875809093,1.520277989,-0.983376723,-0.952398385,-0.328553252,-0.108334847,1.458979817,0.269423452,0.566465484,0.274536188,0.231461582,0.309729503,-1.932734143,-0.249918485,1.162261111,3.942331011,-1.204308933,0.42307996,-0.571046578,2.047651904,-1.353782761,0.62493949,-1.4072111,-0.318566668,-0.034313331,1.069691682,-1.077166826,0.663383049,0.018777723,0.272793386,0.958332715,-1.282556693,0.810594973,-0.568904853,1.095873455,0.334557635,-0.209528382,-0.590025969,0.823294994,1.260951685,-0.532851541,-1.133006566,0.694211043,-1.448530942,-1.305512438,-1.062700276,-0.415450483,-1.336331889,-1.938799909,-1.135444194,0.642474447,-1.271544072,-0.340269678,1.946698462,-0.04917413,0.34253099,-0.946040018,2.163474854,-0.541294489,-0.228104684,1.317058678,-0.181734245,0.047888783,-0.281688321,-0.274832378,0.370502011,0.552943189,-0.643248431,-0.766080456,-0.609136089,-1.401254014,-1.590430259,0
-1.348185422,0.743264094,1.141397597,-0.311990544,0.408580363,0.410655925,-1.836395554,-0.266497431,1.718433544,-0.775876284,2.271471028,0.544300977,0.516943595,0.239364077,1.046061968,1.101442634,-0.018588556,-0.430327042,-1.424815602,0.813753425,0.065689674,-0.843795458,-0.580456443,-0.068375355,-0.981448882,0.04858192,-1.620101484,-0.532414086,-1.161877646,0.200355438,-0.977837025,-0.559004908,2.259787812,0.864998835,0.60063534,1.297579725,0.512470519,-1.404308024,-1.316497046,-2.709875282,0.201942212,-1.060152448,-0.570421448,-0.319873544,-0.608491494,-0.0344963,-0.282978217,-0.382602389,-1.54800842,0.241712376,2.175866503,0.276295017,2.269044071,-0.56831499,-0.25277522,-0.019860233,-0.169794216,1.164930704,-2.190831433,-0.454697133,1.663373896,-0.496639849,0.928584903,0.60411666,-0.072591645,0.316597943,-0.085493003,-2.126327741,0.459972559,-0.616097184,-1.376804101,0.386999616,0.320980526,0.981401745,-0.261197937,0.858755746,0.021208438,0.345262212,0.427751815,-1.330639668,0.377083553,0.103905144,-0.271153556,0.11433613,2.549581156,-1.919439428,-0.131549579,0.811848041,-1.246079543,0.37104797,0.302323851,-1.589025516,-0.584312399,1.783417619,-1.590671245,-0.438933075,-0.165164985,0.004248152,-0.413018479,0.082294837,-0.035581339,0.710242538,0.844535765,0.4395205,0.236695696,-1.563504267,0.115778081,1.113991956,-1.610797238,-1.317177713,1.491923415,-1.497873356,-0.102738862,-0.551640777,1.431717218,0.30290614,0.791246035,0.055687355,1.995225517,-0.743964932,0.343560351,1.257073218,1.483818944,-0.267982422,-2.025087385,-0.384114401,1.743596503,-0.763259104,0.291198403,-0.307112718,-0.072254167,1.312138883,0.254480014,2.041936732,0.976275049,0.131239091,-0.094148325,0.331765914,-1.23317969,-1.057651152,0.75701169,0.919559929,-1.322982178,0.859515175,-0.175714532,-0.831229548,-0.314590291,0.888278984,0.608784447,0.29731402,0
-0.513866917,-1.059213522,-1.238397061,1.789266061,1.028868315,-0.303785601,-0.515280058,0.078489741,-0.478418667,2.211853957,-0.385528375,-1.067882872,1.588415858,-0.569061833,0.786430108,0.675387606,-0.058562051,-0.972996765,-0.048182927,-1.169861106,-0.023717763,0.772781466,1.717780066,-1.087849116,-0.250458604,-0.524811084,0.273739378,-1.521808376,-0.928662677,-1.692016558,-1.438304541,-0.660437794,1.670882613,0.347600477,0.064995874,1.346886004,0.383597881,0.477576111,-0.473024465,-0.637328356,-1.31112695,-0.601089566,-0.280523414,0.344718948,-0.036758415,-0.365069466,-0.911676752,0.399126808,-0.497766087,0.353796508,-1.91327211,0.336421163,0.746906903,0.619530859,-0.196720425,0.915318315,-1.272958883,-0.089206065,-0.193395801,1.036399689,-2.020493171,-1.058129718,1.747250809,-2.430566124,0.814423972,-0.700327163,0.254702604,1.413782404,0.293206871,1.434533377,-0.492349181,-0.360176256,0.786842249,-0.43943046,0.597346381,1.183804217,0.868336894,-1.578911565,-0.341380777,0.281832484,-0.24389354,0.079366013,0.295070744,-0.526568121,-0.19343888,-1.181034728,-0.477841787,-1.526678603,0.116496696,-0.193222204,-0.915795212,1.785259809,-0.245411483,0.286552944,-0.638633165,-0.414348021,0.324413471,-0.33225105,0.003303357,0.806824615,-0.51802618,-1.332161183,-1.52626429,1.438439036,0.931146701,0.655799667,-0.436052806,-1.333080011,-0.282301613,-0.093354371,-1.131551667,-1.469656313,-1.730312606,0.657393188,-1.205358315,0.309410321,-0.397799853,0.589637909,0.335824512,-0.231937418,0.130453425,-0.110336108,-0.615347151,0.980082785,-0.423073753,-0.086850146,-1.4151251,0.274044604,-0.610581597,-0.476848659,-0.839560861,-0.123996448,-2.006472615,0.682357013,-0.038664775,-0.467285601,-1.548230666,0.433066686,-0.63432756,1.30608687,0.486318962,1.534655689,0.136970041,1.077822761,0.462771045,-0.450981412,0.187210018,-0.833986266,2.068779433,-0.10086511,1
-0.489439443,1.044160877,1.153197886,-1.160369252,-0.29058598,0.456591078,-0.462180307,1.080338689,2.671327338,-0.807044929,0.133891378,0.004987643,0.312803822,-0.603402506,-0.650185714,-0.626517106,-0.461462641,-0.445648691,-2.505217514,0.088614207,-0.301193629,-0.718442797,0.093035,-0.005493872,-0.397672331,0.008772561,-0.581894048,-1.168995028,1.961083227,-0.495937147,0.265541675,2.596460023,-0.413697229,0.460199265,2.326691397,-1.64995589,1.333822434,0.222124159,-0.505179861,0.048478062,-0.361836205,1.576252474,-0.016010559,0.69782082,-0.528905119,0.292371086,-0.38280701,-1.419918287,1.308407866,0.348124086,0.771224845,-0.72841925,1.184713499,0.467832969,0.150232075,1.029270481,-0.329248673,1.294731948,-0.662252106,0.033274078,-0.936500126,-1.148217645,-0.465760758,-0.160888288,0.55177785,-0.643048578,0.586907955,-0.319948393,-0.494070245,0.629441942,-0.544438098,1.825204929,0.432331917,-1.367596588,-0.119191455,-0.647211854,-1.641293646,1.057880187,1.080901531,-0.724764491,0.710622493,0.876966723,-0.012645271,0.952280258,0.294513267,1.145443922,-1.172471792,0.147968482,0.201531941,-1.156487579,-1.060849326,-1.584050226,0.045202921,-0.440343476,-1.290764618,1.217258733,0.400303216,-0.724549325,0.20324196,-0.237982743,-1.562385862,0.273864762,1.639857795,1.41200735,0.103382489,-0.435990625,0.562865535,0.266542801,-0.138612103,1.86012445,-0.396106773,0.957118771,0.143858525,0.148686806,-1.650926883,1.10141725,0.836755111,0.188019077,1.034799157,0.415546083,-1.2974038,-0.970594226,-0.060615205,-1.691452037,1.122433777,-0.215550144,0.136930171,-0.981489066,0.646497386,-0.14271419,-0.326081902,1.410953255,1.309432861,0.749716985,0.209054963,-0.516089848,-0.288828295,-0.334752771,0.392170586,-0.031727184,-0.006801246,1.540889141,1.143722365,-0.781193916,0.296977003,-0.775729372,0.602704935,1.929207884,-0.356059595,0.790597769,0
0.326133022,-1.251113576,0.861877013,1.974573286,-0.458634057,0.156268678,0.233331765,-0.326947301,0.403218917,0.478424375,0.478879743,-0.326493086,-0.209322,-0.567095046,-0.750822172,-0.063949066,1.516532101,2.039049226,1.313858229,-0.463878306,0.407671756,-2.046913462,-0.155003748,-0.388553744,1.874337155,0.260409289,0.050721606,-0.068434081,-0.290862569,0.531557199,-0.662402269,0.549868129,1.431756694,0.112640617,-0.314331218,-0.075320299,1.200685461,0.139217476,-0.609334058,0.808653564,-0.710691572,-0.233427579,0.229162889,-0.807030293,-1.786411146,0.449443286,-2.191839461,-0.926561875,0.778186039,0.419199274,-0.157930473,-0.895494589,-0.431015756,0.576486577,-0.132366418,-1.235158646,-0.87992676,-0.434622275,0.366981453,0.104561452,-1.246453761,1.347056325,-0.742900928,0.441046508,-0.947363484,2.481931643,1.325017062,-0.774413516,0.088460595,-1.029227348,-0.355986243,0.422946255,0.845047321,-1.238386585,-0.748557555,0.941765368,1.323912934,-0.773127085,0.956855202,-1.235592487,-0.297501055,-1.144408022,-0.405735913,1.909272287,-0.054900944,-0.281931467,-0.564774404,-0.299818079,-0.808507794,0.136803674,-0.032593982,-0.457407695,-0.545268876,0.182836159,-0.729325233,-0.24013526,-0.451218598,-2.206096149,0.860091699,-1.832651736,-1.768283074,0.895336922,-1.10846465,-2.076483179,1.337375547,-0.638019259,1.214732517,-0.915271006,-1.643481488,-0.321643966,-1.208004932,0.404253691,0.67615618,0.929707183,-0.311618762,1.380337056,-0.927679032,0.134101691,-0.138358479,1.972626102,1.207796582,0.032156317,0.198445411,1.535577507,-0.751587073,-2.033064697,-0.967651833,-0.414497854,1.360761009,1.035774012,-0.043860311,0.466580288,-0.708903754,2.088529918,1.213083502,0.053550559,-0.073605322,0.701507184,-0.057174556,-1.821380364,1.533263412,1.168638767,0.372004133,-0.419605579,0.009817142,-2.643881406,-1.107390163,1.767098321,0.517269601,-1.948699208,1
-1.519369966,-0.484234073,-0.531875793,-0.286706322,0.670167262,-0.031395937,1.908776273,0.693825413,0.628813828,-0.049504646,0.874754677,-0.322607773,0.282377751,-0.916293047,1.039441392,0.290604697,1.982513064,2.392298384,0.763319451,0.068425311,-0.946064512,0.904749803,0.210284564,0.538034839,1.729787387,-0.824423289,-0.924304168,-0.236425938,0.82120115,0.55486724,-0.895688512,0.756552901,-1.201212819,-0.837741674,-0.115457317,-0.553431246,0.889859489,0.286378483,1.765561178,-0.247185365,-0.122202151,1.210382609,-0.090920803,1.494005248,0.54082821,-2.35278647,1.177570414,0.912726813,0.951332606,-1.910978379,-0.662989961,-0.588704834,-0.841121368,1.741922532,-0.011767838,-0.036560943,0.55200831,0.569301668,-3.334892711,-0.646357537,-1.412788578,0.400306093,-0.288892414,0.015387565,-2.078519749,-0.309852225,1.115130252,1.409449483,0.71886342,-1.335465293,1.259401803,0.724002255,-0.117189034,-2.025036315,0.953594951,-0.59216633,0.346165821,0.068393861,1.538394984,-0.125366986,-0.01511359,1.57861539,-0.658222244,0.814322851,-0.198615723,-1.002541962,0.001160987,0.691705114,1.35370984,1.474693985,-0.294764074,-0.987249232,-0.3187389,-1.181530753,-0.217386199,-0.341665284,0.727490204,-2.20593518,-0.733607946,-0.725518304,1.187127252,-1.113844377,0.22665736,-0.128128414,1.043042527,0.595831865,0.121243732,-0.554666875,-1.852342503,0.247085656,0.530489799,-1.574867612,-1.233694164,0.252329973,0.339141686,-0.99064731,-0.574064714,-1.836488839,1.377263904,-1.299874407,0.542259391,-0.034960696,1.28959362,-0.792254093,0.06125271,-1.698426909,-1.938526837,0.596333584,-1.785025839,-0.228217534,1.011295448,0.746684856,-0.664585488,-1.588503136,0.509494862,1.342256783,-0.662238079,-0.803312858,-0.524901963,0.571608711,1.228517606,-1.239606811,-1.498281809,2.339996322,-0.177322788,0.252892796,-0.691930841,0.489962309,0.960060875,0.299796172,0
0.018418379,1.676437312,0.881041819,-0.008854409,0.99726809,-2.100650019,-0.704745501,-0.521795923,-0.529885499,0.518677838,0.587164973,-0.074051482,-0.049296378,2.440511662,0.324593444,-2.225207269,0.770112399,0.55946522,1.159344912,0.598398228,-0.904754617,0.890004553,0.099305956,1.046164314,1.547899047,-0.121866263,0.875796966,1.033653479,0.158749868,1.95809023,1.045543358,-0.585388011,0.260079352,0.860168903,1.92008942,0.62085659,0.28946012,1.263814336,-0.219454259,-0.989982105,0.703756358,-0.378168258,2.715768937,0.252969934,0.709868988,-0.628325096,1.264600423,-0.026949056,-0.124536388,-0.100522111,-1.2914043,-0.250526621,0.5461658,-1.545386239,1.021669024,-0.268338454,0.244726734,-2.234014397,0.224987061,-1.043146882,-0.351458365,-1.567465543,-0.881881563,-0.163558315,-0.271752423,0.88453035,-1.868071124,-0.051369296,-0.099082623,-0.457807064,-0.913205887,1.102177082,2.047713566,-1.714061191,-0.924184989,-1.004360538,-0.281521701,1.255845673,0.527670472,-0.153852573,0.016362562,-0.319012654,0.73864683,0.860335129,0.591297915,-2.196541289,0.013140757,-0.1865357,0.991303613,0.239106546,0.556738543,-0.495297046,0.939398379,1.23381473,-1.626991378,-1.29618902,0.762453697,-0.172392295,1.028713687,0.241820794,0.692867714,-0.74723738,0.339793842,0.342631897,-0.688894,1.001693477,-1.89532164,0.207707037,-1.29407734,-1.022301642,0.985986888,-1.099924837,-1.142139005,0.580322207,-1.110784084,1.018209527,0.644605182,-0.777643862,0.980375682,-1.938569151,0.472491381,-1.246231524,-0.523299413,-0.458709933,1.281397318,-0.501279259,-0.078619398,-0.438173473,-0.982640147,-1.030301245,0.308728328,-0.026388954,0.762516581,-0.242063443,-0.209658877,0.76575294,-0.372107591,-1.439590398,0.847546989,-0.677141021,0.06688656,-0.626513756,-0.972501718,-1.898721726,0.339165655,-3.393914513,1.298344776,1.032016094,-0.909502202,1.58825291,2
-0.832355573,0.471415556,0.774042659,-0.979874247,0.811932249,0.607697446,1.439225528,0.174142633,0.306425353,-0.923319532,-0.000547727,0.611375293,0.706087423,1.713146353,0.461485433,-0.092761163,0.556666149,-0.55742194,1.325059431,-0.693526981,-0.405162025,-1.075498132,0.082856282,0.645184975,1.653274638,-0.057387736,-0.224414846,-2.668557782,0.223133834,0.027599654,0.01579821,1.5058063,0.546130025,-0.416097854,-0.905756122,-1.157322539,-0.445571101,0.374011051,-2.10969576,-0.135047097,0.801828867,-1.035312869,-0.178165724,-0.99158047,-2.708174036,-0.80036046,-1.063538146,0.775103407,0.480536328,-1.04180255,1.29264911,0.725204755,-0.256443048,0.330055628,-0.945371909,-2.461952324,0.090876088,-1.364106529,-0.226834639,0.411008406,-1.943655854,0.206652729,0.826445747,-2.078960467,0.705437759,1.898980892,-0.255077094,0.740418587,-1.004679564,0.920232434,0.510138439,0.217753861,0.160860244,0.394448728,-0.064000027,-0.972930135,-0.147851302,-0.047684332,-1.173906392,-0.110483387,-0.061751477,-0.520620847,0.352290708,0.589527417,-0.663683965,0.149130111,0.909192162,-1.010369066,-1.663219665,-0.941149225,0.526892268,-0.456713195,-1.238541669,1.269398059,-1.180343439,-0.170577214,0.736573649,0.670135369,0.417315003,-0.667951925,0.557899538,0.014767478,0.406559035,1.370641082,-1.193747512,0.38523278,0.142141504,0.944353327,1.778316095,1.747159568,0.835005341,-0.598686207,-0.42230449,0.721389291,-1.28655223,-0.233492252,-0.738195388,-1.176747193,0.247801683,0.789583962,0.6002995,0.118175392,-0.352264243,-0.524620205,0.871448211,-0.511500739,-0.540098471,0.411158252,-0.981083045,0.085168069,-0.529194005,-0.671448737,-0.249956455,0.754449793,0.176756199,0.293124741,0.758944462,0.623692052,-0.178587891,0.556521346,-0.168439655,0.438228772,1.041618521,0.520638168,-1.246408407,-0.496783729,0.64756645,-2.155081308,0.323585071,0.267354744,0
-0.315269245,0.75896922,0.519829003,-0.684585619,0.128098884,-0.8168615,-2.1471321,0.998304569,-1.502388982,0.107186465,0.333002129,0.326563016,-0.283079074,0.271211475,0.47096707,0.734964816,1.733441339,0.234194151,0.064048845,-0.906728965,0.435946324,0.667383103,-0.192303184,0.544612504,-0.292516194,0.670992652,0.912602314,0.898627867,0.117844326,-1.039968152,-0.611913053,0.595157324,2.448812306,-0.340720772,0.455837678,-0.556052557,-0.973967044,-0.676315864,-2.082471977,1.353435063,-2.230130253,-0.26382823,-1.178127895,-0.884380215,1.37652266,0.20106699,-0.965396159,-0.589517132,-0.76548122,-0.043545672,0.172891685,1.895574773,-1.916300766,-0.034812315,-0.315567693,0.946548528,0.354818118,0.590362208,0.345086186,-0.931991125,1.211265496,0.798504905,0.915529792,1.264050171,0.417675101,1.480992404,0.377639572,-0.219058588,-0.00660391,-0.023843768,-0.519391322,1.631888848,0.296295366,0.094738476,0.388274255,2.979854517,-1.131724189,-0.845038512,-1.380571017,-0.232599238,0.245518443,-0.465322518,-0.539726798,0.142404867,-0.502107825,0.310175827,1.114234347,0.67703047,0.881013347,1.085918412,0.28282816,-0.158641026,-0.772253071,-0.391178164,-0.523685533,0.731672327,0.346782555,0.696757863,-1.160336856,1.431749484,-0.426980372,-1.100016642,-0.439217765,2.483765993,-0.387716866,-0.325096471,-0.192104681,-0.148620383,-0.781476066,0.143213083,1.075594908,0.314289315,-1.111165299,-0.344345905,-0.5515274,0.052939468,1.330451672,-0.148882796,-0.088154869,1.777644819,0.876205992,0.574081282,1.958131615,0.489811255,-1.986527142,0.832665758,-1.592008457,0.452005369,-1.713743574,-0.46685541,-0.36378453,-0.770119107,-0.348851997,1.03256172,-0.713952912,0.54514088,-0.96564964,-0.189499576,0.323839266,-0.996528417,-1.311720433,0.491878151,1.123080399,-0.079065019,-0.457312907,0.155675388,0.055479919,0.242902541,-2.5282451,-1.069104291,0
,,,,0.038598254,0.314431763,-0.346774507,0.215987503,-0.730349685,-0.062450757,0.01712581,-1.05592567,-0.571178247,-2.099716376,-1.240668256,-0.014059623,0.959488919,-0.356999873,-0.030566043,1.161693599,0.833225935,0.818744791,0.11921769,-0.490124877,0.395761605,1.28251975,1.807448703,2.405985406,1.52969808,0.043692035,-1.202425808,0.601989331,1.096586977,-2.553321112,-1.479106115,-0.45682864,-0.768895957,-1.609057001,0.380048187,1.241189463,-0.188406772,-1.660089041,0.206285274,-1.109968016,-1.008620398,0.959737559,1.200218191,-0.289292576,0.731108051,-1.074257518,0.529084796,-0.383874252,-1.325570166,-0.907139782,0.410056361,-1.480602369,-0.281672614,1.068401056,-0.492825735,-1.54126357,-0.276998278,0.677652763,-1.297673377,1.187063102,0.763332189,0.350116833,0.577333638,0.12717022,0.334272884,0.071459606,0.882922453,1.292877934,-0.820829169,-0.701832161,-0.391275689,-0.608778323,1.133816588,-1.49961377,0.542705128,1.386700175,-0.578737814,1.472062807,1.157334171,-0.349238012,0.818793729,-0.826617243,-1.101735909,-0.463788575,1.350309906,-0.458306165,0.041675631,-1.004376053,0.866652226,0.831459939,-0.704299473,-2.317051954,-0.361727772,0.442532045,-0.013195187,0.080480709,0.34952773,-0.510955993,-1.255323785,0.739004945,-0.884899195,-1.201617584,0.500064724,-1.105814103,-0.818187058,1.580578063,1.588563347,1.191266249,0.759366231,1.156397987,1.962604359,1.094131676,0.251278395,0.872948992,-0.464941475,0.146320661,0.19079435,-0.138083151,-0.314843652,1.287861736,-0.952977507,0.147773603,-1.289328945,-2.007715564,1.195184548,1.285869561,-0.485406984,0.0506324,-0.289293573,-0.288244571,-0.488030331,0.460076757,-0.381160425,0.415012839,1.667709225,0.389556769,0.12479952,-0.57148333,-0.014387866,-1.670452308,1.539673087,-0.958055603,-1.918603775,-0.104549551,0.354220593,1.324505661,2
-0.342687594,-0.371440866,-0.751091963,0.522109127,-0.256274265,0.797530797,-0.434913828,-0.025973151,0.808081562,-0.101891659,0.058310529,0.760475092,-0.076752775,-1.584811529,-0.571040358,-1.923450466,-0.249941883,0.471312555,0.124598336,1.394657122,1.282668262,0.256735554,-2.392180992,0.671344933,-0.771705577,0.881228392,0.312650327,0.656083648,0.501669376,2.390180916,0.521183243,-1.280139783,1.071312443,-0.430442958,1.34519302,1.542885053,0.621845499,-1.277633419,-0.460318871,1.340751517,1.999002587,0.061926134,-0.274799415,-1.180127442,-1.167049338,0.232782138,0.700748152,-1.487354984,0.829336939,1.372277333,0.630590208,1.652861833,0.355469825,0.36536677,0.346262838,1.359423067,0.537639449,-0.529753735,0.423431698,0.433447443,-0.212333967,1.022583257,0.091485896,0.705287019,0.509760278,-0.725773672,-0.979550098,-0.715263494,-0.081158091,1.591527037,-0.047411759,0.373754654,0.873015775,-0.358853067,-0.414672232,1.05157912,0.568170267,-0.563988851,-0.412345605,0.085316705,0.329620856,1.243977713,0.531995011,-0.983506517,-0.786278548,0.30972252,0.142780978,-0.843971963,1.052897058,-2.247931531,0.335624139,-1.546960462,0.880698457,-0.264990028,0.747726592,-0.390994197,1.325743575,-1.865800042,0.879489651,-0.607848266,0.375099932,0.417089926,-1.392421202,0.997414997,0.393702474,0.116941057,0.385178155,0.125231535,0.834678945,-0.471422187,0.836183732,0.572297786,-0.172017661,1.846244524,0.451601636,0.195000077,0.573960818,-0.104767289,1.201100491,-0.02135759,0.819428281,-1.068280007,-1.795820399,0.402633529,-0.383806494,-0.192662998,-2.341403383,1.700625539,0.104556982,1.334574528,-1.392579025,0.098648935,0.407519389,0.13396712,0.23349771,-1.389915034,0.317011451,-0.842680362,-0.617714477,0.016507762,-0.35191179,-0.294418085,1.123975796,-0.156049877,-0.396895056,-0.123020765,-1.111487583,0.16256231,0.721840528,0.313983674,1
1.632411304,-1.430141378,0.754465829,-1.506801645,-0.213630308,-0.92878337,0.568087421,0.923153351,0.101555986,-0.268127031,0.069169793,0.208919273,-0.640099652,-1.218711101,-2.050139043,1.267182132,0.496366244,0.362511011,1.265198888,-1.25546801,-1.735630876,0.384231917,0.293271375,-1.73130681,0.359521062,-0.400222952,-0.80708806,-0.333423708,-2.441528571,-0.591374223,-0.704294569,0.557102447,-0.158230137,0.638868874,-2.549539345,-0.839098223,0.555997052,-0.308864631,0.845460533,-1.804602909,0.73111084,-0.639139218,-0.736197084,0.991047047,1.16190113,1.034699696,2.038641925,1.266803608,-0.795436584,0.141638128,-0.360197908,2.02908986,1.104869955,-0.188880137,0.877909798,-1.232198466,0.250261738,-0.937922493,-1.688592201,0.784536238,0.908591095,0.457212636,-0.182967041,-1.266358655,-1.161346871,-0.96927998,-0.233673292,1.076178734,1.060404211,-1.6485676,-0.693233337,-0.72016102,-2.531583129,0.566120947,-0.246159824,-0.113142537,1.345871058,0.088309013,-0.430730465,0.572077621,1.058871847,0.296467566,0.689189599,-0.14556765,-0.081857746,0.11302071,-0.75312095,-0.568061614,1.377879642,2.007956096,1.592197914,-1.323257357,-1.419857535,-1.190709432,0.134387442,-2.808724592,-0.588801567,1.407099289,0.982438831,-0.509094651,-0.433355441,0.567241707,0.935268755,-0.533137268,-0.234366022,-0.566009729,-1.331349441,-0.219743748,-0.29592754,-1.260644116,0.646080938,0.483320679,0.695719701,-0.768070355,-1.983575678,0.46733113,-0.664112715,-0.890668133,-1.257053075,-0.275322528,1.577327297,-0.505449521,-1.089803044,0.651933401,0.17281228,-2.119301368,0.66234632,2.128467769,-2.600535927,-1.235706024,-2.848527089,-0.075304421,0.990386237,0.10550075,1.391995698,0.83055029,1.702147324,1.160210768,-0.402943069,0.066726456,-0.868676915,-0.230656169,0.061831672,-0.084907324,1.342253526,-0.330168063,-0.932086414,-0.869611035,0.655100272,-1.403138408,1
-0.949398889,2.632382065,-0.822501801,-0.958414876,0.217281971,-1.294535952,-0.444059561,-0.680087454,-1.760131365,0.238114736,-0.219239855,0.03993663,0.830192653,0.007534047,-0.332964632,0.922615306,-0.325688559,-0.504595157,0.669561729,-0.780022861,1.167233703,0.160399256,1.568988665,-0.059901776,0.94826092,-1.639157182,1.282093882,0.689290473,-0.645464174,0.864929148,-1.267168888,-0.497331431,-0.85108916,0.919996288,1.248328962,-0.448950497,-1.271419255,-0.976874387,0.092072624,0.029281541,-0.340090147,-0.829702807,1.628424948,-0.620000882,-0.832850319,1.147327363,-0.282487432,0.511918015,-0.875166305,0.506083167,0.735193942,-1.116295402,-0.534073787,-0.904834613,-0.5280259,1.601079195,0.256893829,1.948029988,1.482775141,1.130890136,1.454380494,1.159930043,1.704519066,0.544660507,0.686322431,0.657929135,-0.4394644,0.84617903,1.257803639,-0.60041227,-0.857240857,-0.551016313,1.356738855,-0.237119385,-1.104134186,-1.038534885,-0.903828945,-0.712872287,-1.39895025,0.605613905,-0.18933511,0.534451439,-2.297421976,1.072424658,-0.082113781,0.500014347,1.521325692,0.367849067,2.11160304,-1.879724259,-0.317563325,-1.803467178,0.314399337,0.076502091,-1.092181481,2.173508963,-0.359431107,-2.20618509,0.680185079,0.695677161,-0.479493138,0.788363777,-0.950244707,-0.417145286,0.393705234,0.92433612,-0.224211566,-0.482411881,-0.041216409,-2.046389546,-0.279560594,-1.98056625,-0.841617583,-1.422395368,0.528256743,-0.730927536,1.237902438,-1.847232177,-0.243500794,0.084548255,0.490072485,2.15359128,-1.966725174,-0.757573672,1.996986549,-0.921078543,0.441755654,-0.939765186,-1.39398004,-0.815536853,1.977623861,-1.166554128,-0.298215655,-0.25463408,0.91634196,1.128886634,0.107753531,-3.189729816,-0.889231816,-1.198019322,1.158681925,-0.921054924,1.683492465,0.408188966,1.134797824,2.255771118,-0.943827009,-1.619944613,0.186999009,0.954076363,2
-0.529760204,0.513267433,0.217207938,-0.464767224,-1.177226417,0.468540162,1.7829056,-0.247340387,-2.378996041,0.670049672,0.985399711,-1.58584564,0.176484184,0.451226016,-0.073107302,-0.790770919,1.015937224,-0.403379746,-1.485186163,-2.049474486,1.26084952,0.616663976,0.087973547,-0.440274637,-0.528998414,-1.075736648,-0.431455645,-2.120087215,-0.736063653,-0.310937516,0.609880047,-0.039926463,0.794923114,1.349135105,1.058170094,0.470509847,0.011862679,-0.980788008,0.739944051,1.679747382,0.34210604,1.917259148,-1.525571708,-1.154163385,0.855201508,0.26429021,1.313782177,-0.015471641,-0.867975423,-0.213593242,-1.532683971,-1.128590673,0.972443998,0.872787414,0.363004285,-1.721077521,-0.358403576,-1.224999889,1.176533254,-0.583722134,-1.085747711,0.029796165,-0.640154457,1.48374391,-0.734810898,-1.399228259,-2.152913516,-0.030786502,-0.561930114,-1.428904607,1.189226461,0.667245147,-0.028217879,1.364326244,0.662536033,-0.822855902,-1.039220164,0.817981544,0.396366956,0.169747768,-0.846497803,0.607947567,-0.755498883,-0.101986655,1.446944146,-0.660834236,-1.572989257,-1.052547192,0.994298827,0.254731137,-0.128877379,-0.509093805,0.485359908,-0.849104851,0.305665569,-0.731254569,-0.897659385,-0.637487435,-0.375407446,-0.048829836,0.235455795,-3.688365291,-0.807650558,-0.391569977,1.505062039,-1.080002608,0.162796618,1.49503031,-1.31296853,0.393975226,-0.802271834,-0.504633742,-0.803110834,-0.731857308,2.721912148,0.844455872,1.101737862,0.491993487,-1.606256788,0.39495797,1.072929615,-0.853399474,0.965326667,0.70433621,1.852040045,-0.417783013,-1.097610982,-0.361628109,1.435570993,-1.828405881,-2.068375715,0.089395279,-0.442589293,0.007727893,0.945311771,-0.552569346,-1.873005831,2.044481557,-0.997228287,-1.059037122,1.103720014,-0.384489121,-0.063389852,0.482790124,1.083583103,-0.333460693,1.519952006,-2.135799849,0.759787237,-0.839527558,0
0.19652117,0.709003758,-0.2961325,-0.104348071,1.179359922,2.945283615,-1.684781529,-0.51093872,-0.394191947,1.040963694,0.3543701,-0.512363203,-1.416237175,1.011300729,-0.200252343,-1.157892359,-0.682199646,-0.425196387,-0.299995102,-1.044723545,-1.032111566,2.369527945,0.329504858,-0.411434633,0.3779717,0.160556608,-0.906656124,-1.915441163,-0.530880468,-0.182521654,-0.10955743,-1.831420999,2.480067751,2.40271617,0.444823748,0.025492917,-0.564820936,0.57852642,-0.117005405,1.252228449,0.914097339,-0.850573956,-0.687724152,0.969665994,0.694637642,-1.113225552,-0.457101023,-0.153959811,-0.036753597,-0.071884129,0.899239344,0.145774115,0.08075133,-0.756767231,0.167555547,-0.028721066,-0.479858411,-1.150667014,1.276947742,1.779722532,0.244502155,1.434600279,0.229534679,-1.386861007,0.300294056,-0.339504815,0.475847122,1.570791046,-0.506701814,0.387505791,0.861123803,1.354185994,0.98577064,-1.114938337,-1.116106805,0.764926989,-0.38462134,-0.983856946,1.188342629,-0.369671622,1.630369968,-0.440475676,-0.746812903,-0.064353468,0.758269099,0.292930653,1.891678746,0.171504271,-0.176526175,1.509155002,0.595195854,-0.413579911,0.238609019,0.218165163,-0.205432221,0.182416034,-1.287612434,-0.356013934,0.431257133,-0.528247578,-0.891540469,-0.04064353,-0.472719264,-1.32208923,-1.297124985,0.40807992,0.090566958,0.314030939,-0.298646324,-1.513408074,-0.874131409,-0.321938509,0.436090018,-1.748617282,-2.311206571,1.448917245,0.59788033,-0.876081893,-0.234674089,-0.421227628,0.289663187,-0.507410974,-1.14860032,0.489312561,1.81439627,0.52978807,0.075074251,-0.214260396,-0.788744705,-0.40756301,0.392341265,1.187232262,1.231893572,0.170371369,0.18679664,0.052216579,0.571011262,0.048093172,0.064468661,-0.860227985,-0.884020678,-0.691143778,0.239922811,-0.306400054,2.582378174,0.387929972,1.570807597,1.484745669,0.424669829,-0.040838734,0
-1.550663431,0.068562975,-0.421130235,0.447930733,0.457224812,1.352759031,1.198225393,-0.285541625,1.299871244,-0.714041744,0.930887383,1.810522478,1.214944107,0.105770384,-0.331778772,-1.528591296,0.310539638,-1.115217228,-0.793134664,-1.190745801,-0.460392333,-0.027969414,0.273614581,-0.600506635,1.069283706,-0.208205258,-0.787722433,0.226292267,1.963552834,0.335160567,-0.362855627,-1.527461356,-0.219412321,0.234928125,-0.387580891,-1.665384638,-0.85056539,1.454538461,1.434001004,-0.886639169,0.672756787,-1.178572785,1.404316282,0.245235848,0.949641499,-1.715093347,0.677637102,-0.007674064,0.851929071,0.914867798,0.065784689,-0.600829639,0.779696182,-0.060154499,-0.872784954,-0.920152231,-1.477164416,-0.51029116,1.102692046,0.1778298,-0.529767706,0.804855938,-0.832476622,0.095350274,-0.179630373,0.779130626,-1.577228371,-0.850197746,-1.638245659,-0.259596722,1.211427504,-0.50544721,-0.510683938,0.871724424,1.068549558,-0.088571067,0.684714854,-1.076954541,1.377974334,2.148706294,0.521215791,-2.084331621,-0.558230262,0.612825322,-0.421482997,1.272198554,0.588157264,-0.706475501,0.032264811,-0.893833221,-0.182584878,-0.55459324,1.1747618,2.116012057,-1.431188333,-1.923216286,-0.245172422,-1.518415699,0.046211604,0.748936114,1.494141897,0.201394559,-0.193155225,-1.978384917,0.026185149,0.071287261,0.638956814,-0.708488102,-0.4350526,-1.478002255,-2.291292807,-1.108497091,-1.570325814,0.336712295,-0.518134057,-0.53823713,-0.984413046,-3.232565433,1.508310749,-1.000270523,-0.41242007,-1.454892165,0.971930343,0.143428937,-0.826365285,-0.392229611,1.678179922,-0.072969432,-0.181733538,-0.941381486,-1.89458115,-0.160038674,0.325485112,1.099584464,-2.248496534,-1.125096327,-0.580741091,-0.003480849,-0.145033692,-0.121688686,0.408096059,-0.903293111,0.934141442,0.433452442,-0.319832264,1.600907992,1.556416036,0.932895355,-3.018556771,1.578945093,0
-2.038124535,-1.008086311,0.054271567,0.586406257,0.288501646,0.145000113,-0.824191964,-1.112245266,0.157847512,-0.961915511,0.794441109,-0.129539741,0.648612025,-0.985772136,-1.141198131,1.678873123,-0.149468694,0.913216259,-1.411920409,-0.283028274,1.302360885,-1.564622846,2.275315439,0.202538784,-0.818934851,0.351948726,1.109135702,-0.825560424,-0.682028837,0.249130051,0.463020798,-0.198437554,0.40233973,0.853549223,0.173307736,-0.69147518,-0.020936949,1.75623958,0.333070217,1.240235703,-0.51433881,0.26264097,0.794315042,1.497757679,1.22758873,-1.119267303,1.151852376,1.686000245,-0.574894483,-0.89446698,-0.024434617,0.179497703,-0.350069162,-1.186734822,1.472406014,-0.859960696,-0.506927574,0.109125453,-1.472480097,-1.548894102,-0.4316857,0.825630185,0.188003513,-2.05939596,1.389483508,0.797409368,0.191013825,0.164194066,0.673416227,2.326318858,0.880524198,0.29616756,-1.227101013,0.164519032,0.773312174,-0.115184124,-0.522785509,0.553645784,-0.988057569,0.867963687,-0.435563438,-2.122463043,-0.454753966,-0.057124748,0.552493858,0.437051199,-1.290450565,0.122094033,-0.53400504,-0.360221269,-0.998232095,-0.050907004,3.132434695,1.856442316,-0.998705686,0.065944336,-0.313985603,0.142026657,0.916309107,-0.129322452,-0.712231075,1.156484055,-1.234032252,0.189303859,-1.48610305,-1.026073159,0.744788783,-0.679391435,-1.87656171,-0.722690457,-0.829770971,-1.262365773,0.550086714,-1.546812682,-0.587937482,0.133407839,-0.342789901,-0.404190614,-0.722706136,-1.218786623,-0.636760835,0.657559409,-0.434045168,0.166920883,1.117118054,0.599804127,-1.276279862,0.447959882,1.047669515,-0.582199255,-1.58562414,-0.440695583,0.188055712,0.592407994,-0.520746305,-2.035488456,-1.276408423,0.359920933,1.990674689,-0.021946412,1.312877294,-1.056955167,-0.647638799,-2.340284455,0.369647436,-0.893624719,0.599101013,-0.502316101,2.021813005,1.793201646,0
-0.88951443,-0.815810285,0.055208009,-0.929847948,-2.96836843,1.349546314,0.720224017,0.520976873,-0.607323045,0.427676771,-0.704360324,0.2048573,-0.920583226,1.516288451,-1.570236654,1.23228383,0.038915828,-0.489466995,0.167002922,0.733348007,1.366746737,0.313143023,-0.890696085,0.055630124,1.816793237,1.347678086,0.908763478,0.79568702,0.699450091,1.158754835,-0.456628786,-1.355086066,0.069003501,-0.817581587,-1.055020755,-0.720278577,2.485313925,0.136124634,0.361907836,-1.222362807,-1.843752959,-0.819052643,1.438195585,0.334275466,0.598595091,0.738566039,-0.59134938,1.387965584,-0.632807599,1.406232359,0.442302156,-1.789045154,-0.748009487,-1.784938533,1.163282133,-0.024735421,-2.22834244,0.375746882,-0.537164262,-1.483805855,1.677965837,0.107285866,-0.293431402,-0.399424781,-1.513279469,-1.3045489,1.284916785,-0.47388287,0.022067701,-2.044330476,-1.318092036,0.60981252,0.37771176,1.753375199,1.342956332,-0.230710972,0.472953565,-0.316603443,2.054809819,1.149014696,0.169685091,0.200394785,1.444850287,0.579577847,1.558628017,-2.193647926,0.461228261,-0.515434865,1.756377988,1.546398687,0.032835809,1.535630979,1.78311452,0.074406672,2.471933772,-0.031341153,-0.21452095,0.865872589,-0.353790731,0.085339776,1.409434424,0.019218852,-1.695017793,0.367319388,-0.696293579,0.865271157,0.696189716,1.471400348,0.907532301,1.090244284,-0.66909676,0.803986496,1.968451289,-0.688649909,1.799738292,-0.549350091,-0.851971245,0.296200443,0.715910416,0.911750124,-0.961762421,0.434540097,-0.685554571,-1.488922256,-0.928736316,-0.750900366,0.52159516,1.152213663,-1.47320663,0.351961074,-1.176698186,0.629085409,-0.622730581,-1.051329018,0.799664515,-0.586922605,-0.315963951,-2.219989088,0.946551361,0.820908521,0.005457844,-1.527580941,1.209369178,-0.666263386,-0.45335345,2.312044056,-0.703636444,0.742209962,0.562092262,0.390172193,0
-0.756350745,-1.42225371,-0.056801777,0.197029642,0.710787892,0.60886066,1.557076766,-0.972688092,-0.232585411,-0.885304556,1.277287069,-0.502473888,1.155027452,1.452786134,0.413436963,0.293058828,0.038645145,-0.317106036,-0.437384764,-0.147416724,1.82437839,-1.041855215,0.204609224,0.711305964,-0.284375841,0.416082371,-1.504601813,1.325043146,1.131148711,-0.098425899,-0.879835865,0.792898148,-1.148119466,-1.004624066,-0.053609491,1.518041567,0.640581856,-0.64699517,-1.682097942,0.041520414,0.251421786,-0.072780082,1.80639168,-0.13192689,-2.282120374,-0.407139558,0.454644579,0.386897309,-0.176678286,-0.342218186,-1.999622885,0.085770756,-0.338622776,0.249249882,0.491289274,1.241068372,-0.955565101,-1.293982155,-0.573966731,-0.735593245,-0.825409575,1.444906441,0.148415872,1.972393463,-0.003070423,-1.171876449,-0.808174584,1.024455347,-1.133851737,0.557876644,-0.356752529,-0.929825573,1.386519732,-0.588566036,-0.827571025,-0.07889308,-0.508237693,2.214985901,1.060357293,-0.590692422,-0.475337111,-2.019448275,0.137403651,-0.747059343,0.088011382,-1.966274095,-0.026756336,1.698671306,0.054141161,-0.774682187,-0.020466725,-0.064248736,2.191833141,-0.332841929,-1.203293303,0.021458174,0.195533238,0.562295966,0.75576185,1.955526086,-0.595663702,-0.686549744,-1.854136477,0.661653767,-0.887314365,0.89176428,-0.491634914,1.725957972,-1.433506889,1.022925503,0.903842563,0.526576438,-1.117263699,0.53115082,0.126874741,-1.83025621,1.55827299,-0.345611416,1.481217696,-0.06766145,0.982326063,-0.859525112,0.214434954,0.143941993,-0.323601027,-0.869222814,-3.066800731,-0.845759408,0.700509114,-1.395229549,-1.18813364,-1.434862808,0.208888116,-0.893406585,1.220342977,0.734619707,0.200124064,0.303949667,-0.762948073,-0.762692626,0.711026547,0.913392024,0.702262372,-0.470582656,-0.391322078,-0.931756782,0.768253837,-1.961455562,-2.204236305,-2.004859372,1
1.451143608,0.959270826,-0.883257539,-0.45295709,0.675423272,-0.13203201,-0.954332013,0.540694828,0.671489716,-0.334385756,0.061348765,-0.576573069,-1.095237426,-0.497064607,0.07393235,-1.475089221,-0.424012931,0.087830131,1.19465991,-0.312592355,-1.24590235,-0.209660013,-0.566569304,0.552178555,-0.337905326,-2.710566622,3.691624501,0.142363292,0.08919151,-1.541409972,-1.464569266,-0.091948958,0.336171332,0.702114139,0.237437657,-1.185942203,-2.504466609,-0.100222349,-0.533974671,-1.262571724,0.828058224,-1.575576749,0.616968839,-1.410137975,0.134088686,0.933974322,-0.337933316,1.689919835,1.917886326,0.237175,0.541385371,1.060708866,0.544426372,0.437243218,-0.524069403,-1.687356175,-1.390095413,2.382367359,0.322458958,-0.245683481,1.263327259,-0.749457973,0.583108267,0.077192034,0.460027501,-0.336409869,-0.964694307,-0.822871073,-0.783884202,-0.002970312,-1.55613518,-1.247428615,0.135524298,-0.127675044,0.190231534,-0.045043534,2.518950207,0.126738434,-0.379079649,0.101131785,1.019955043,-0.049628389,0.684728359,0.396045964,-0.290415577,0.110875799,1.598922114,0.243078295,-0.986021024,-0.319510427,-2.11424725,0.137398707,1.312062344,-1.341405768,0.149732735,0.985431806,1.091138633,1.279801172,-1.868253831,0.504930955,-1.505565185,-0.998332137,0.82112226,0.158047122,0.726336074,-0.929116605,1.47360311,0.688333934,0.889298119,-1.080166776,1.17140124,-0.316161577,-0.61122627,0.62546354,0.583211775,-0.846818848,2.05630101,1.814350576,0.605035141,0.430403423,0.329786226,-1.549996626,0.112807388,0.099541582,-0.576011686,-0.309349172,-2.381292395,-1.09727293,0.921826292,1.731196902,-0.943380685,0.182848655,1.098382329,-0.520215026,0.676248177,-0.033789696,1.190401988,-1.28245074,-1.104576629,0.279539169,0.0962061,-0.056323896,0.57583416,-0.930649565,-1.369435612,-0.500108108,-0.388278559,-0.283747181,1.269045711,0.770417247,2
0.028318376,0.029756139,1.562303598,-2.572139416,0.625589519,0.218794285,-0.733112642,-0.671546124,-0.634683708,-0.204152421,1.986035375,0.823103637,1.43440413,-0.322077155,0.230258924,-1.071594637,-0.278444721,-0.552499577,0.488639224,-0.70685439,-0.836864932,0.396350919,-0.053516967,-0.700534059,-0.846644131,-0.700869776,0.814614527,0.417528142,-0.755177125,-0.715390821,-1.147333302,-0.393258266,0.122954253,-0.878941341,2.18731356,0.623782435,-0.032175543,0.085072625,-1.391404578,-1.199027758,1.322892114,1.635098829,-2.21539143,0.470384162,1.381638503,-0.3417421,1.519343531,0.76734757,0.450910199,-0.244658031,0.092109923,-0.447413997,0.296457163,0.252803934,-0.434287642,-1.947034364,-0.194988096,-1.017873257,-1.120872268,-0.689998143,0.826882378,-1.111131235,-0.887412216,0.706773799,-0.76564669,-1.127200004,0.80883643,-0.129465521,0.065339928,-0.223867791,0.423308611,0.685472961,-0.122986574,-1.498146413,0.29748138,-0.340006247,0.857284777,-0.895610871,-0.314394655,-1.481866851,0.78315554,1.225349792,-0.487997756,-0.194081814,-0.809679145,-0.713254297,0.693560707,-0.504151633,0.475149938,-0.01523004,0.750562319,-0.392398365,1.085309581,1.875450677,-1.700349821,-0.09216933,-0.092782137,-0.715712947,0.407507754,1.120597231,-1.974019268,-2.049684235,1.657428559,-0.239603088,0.089457147,-1.068470755,0.04433176,1.36887544,0.496424351,0.192744366,-1.769997943,0.742692444,0.009586885,-0.60799655,0.642508506,-0.847855867,0.560773275,1.216885874,0.154214458,-0.423994594,-0.572151471,0.382685344,-0.432028559,2.366489903,-1.415116269,-0.129762134,0.272571379,0.153517315,-0.560753393,1.232262543,0.666852901,0.739786913,-0.667925736,-0.402737436,0.48824952,-1.100505407,0.665566002,-0.100950495,1.064595614,-0.427619564,1.81417739,0.410503053,0.52043199,-0.692571309,0.25334031,-0.549233132,-1.540350032,-0.195654078,1.16281732,-0.064120299,0
0.324166352,-0.130143054,0.142922126,-1.097876288,0.549887682,-0.655797311,-0.090986138,0.305402682,-1.941418067,-1.609502124,0.909459172,-0.663746447,-0.616321989,0.166438397,-0.385672597,0.417588382,-0.051121789,0.19860295,-0.70185839,0.193594823,1.105089087,-0.567748216,0.9153183,-0.051560318,0.734481656,0.128771318,-0.03341092,0.349729682,1.213597562,0.236097294,0.478530831,-0.368484914,1.570886474,0.640337111,0.07770846,-0.122653672,0.977908269,-0.606204077,-1.782875016,0.072399599,1.190004573,1.591308811,-0.107293943,0.043587664,0.519530433,-0.264349419,0.516405948,-0.085401751,1.011368257,0.722980513,0.810227832,-0.205317645,1.925927321,0.483911942,0.247294053,-0.760942981,-0.09707182,0.114379761,-0.787677296,-0.292317146,-0.165800018,0.055920661,-1.76270699,-0.135270541,-0.377346183,-0.02088415,1.035276566,2.052395492,0.6783772,-1.234422172,-0.345406952,0.595963309,0.483290496,0.987325735,-0.097350994,-0.363500244,1.752424004,0.058670603,-1.016674376,1.475133657,-1.496095491,-3.495045222,0.769386758,0.910700971,0.414012942,-1.302456084,-0.058869855,-0.278168574,-0.537289011,1.412069431,-1.046666059,0.316104453,1.194046984,0.381441525,1.241118372,0.563714722,0.42934967,0.366834869,0.613443267,-0.385539097,-1.301873852,0.954043411,1.161742301,0.251978811,-0.54837562,-1.557717117,0.0858071,-1.348950345,-1.488987503,-0.020731528,-0.763769501,0.345309556,-0.159295603,-0.606634566,-1.704915081,-0.852888126,-0.81613649,-1.225307674,-0.329044295,-1.147251991,-0.163742747,0.240411214,-0.826169954,0.425408629,-1.361357871,-1.112177398,-0.113217298,0.687041092,0.867399541,1.612390622,-0.376588875,-0.127501319,-1.032675529,-1.253766332,0.228572086,-0.775871499,1.2323792,-1.462385732,0.486353206,-1.005739239,-0.820448467,0.539112065,-0.675880436,-0.515784068,-0.812158364,1.785029792,-0.617486311,0.051552217,-0.2019136,0.221417062,1
-0.544382725,0.11092259,-0.256179752,-0.241497446,-0.0617642,0.479441518,0.874517074,-0.649765227,-1.203200855,-1.042044412,-0.487202921,-0.351921318,-0.769996066,-1.296116664,-0.456120827,0.18142662,0.595029466,-0.557423053,-0.412997822,-0.926698309,-0.03143917,-0.848428634,0.573127813,-1.785866492,-0.359629672,0.301107339,0.183834516,2.693033664,0.349800025,-1.004054597,-0.095464247,-1.776246333,-0.080599749,-0.833056057,0.915390276,-0.549540275,-0.116765916,-0.635557841,1.738851352,-0.321242766,1.832557043,0.814151762,0.482066727,0.368733147,0.393797298,-1.927672579,-0.278883394,0.845157971,-0.048897183,-1.405189847,-0.052404451,1.704105516,1.246891716,-0.062004009,0.951449277,-0.36650702,-1.703871587,-0.924465988,1.562888769,-0.273993082,-0.243383979,-0.299838196,1.90413659,1.625958915,2.218780233,-0.15904521,0.295624489,-1.516642549,1.476934426,-1.167779551,0.216775564,-1.097302528,-0.588866827,-0.837262431,-0.607875261,-0.539122703,-0.548268795,0.833333912,-1.104862793,0.220541427,1.217959152,-0.513196365,-0.717918891,-0.230524625,1.179725208,0.194107631,-0.531214295,0.483876651,-1.10229215,0.68135951,0.408607308,-0.307808471,-0.838585798,-0.886680922,0.534817336,1.228980502,-0.637307747,0.458386704,-2.087027019,-0.584617731,-0.031058933,-0.909683417,-0.936506375,-0.667779556,0.292192728,-0.187329018,-2.238231233,-2.120700153,-0.606865178,0.457686586,-2.747504843,-0.499730176,-0.526247857,1.388337778,-0.385021812,0.382988985,0.14125714,-2.13056648,0.768207217,0.215396505,0.50826864,3.926237706,-2.084112939,1.72469665,-0.287447519,0.287328904,-0.045512245,-0.424236333,-0.569832928,0.329508736,-1.517173697,0.750579168,-0.416194405,-1.130069339,-0.450012858,1.257149217,-0.535335087,0.358453618,-0.730956276,0.75792185,0.685507739,1.848608833,-0.175563945,0.668654805,0.09806754,1.295871782,-0.718832388,0.745005313,-0.194697296,-0.064188177,0
0.361395606,1.538036566,0.964155884,-0.305444702,-1.72918289,1.952917382,-0.061097508,-0.748799796,0.416801574,1.167120788,-0.023050556,1.278575168,1.082999939,-1.076381187,-0.673790106,0.957537163,-2.712612564,-0.149455693,-1.430831202,-0.476553801,-0.298820089,-0.358244378,-0.552261252,-1.09714365,2.291911267,1.867462004,-1.16206582,1.582116751,-0.39946549,0.129187473,-0.06327396,-0.659748641,0.983852344,0.125886531,-0.476551423,-1.304589444,-0.893595014,-1.641380116,0.012223548,-1.196665592,-0.265560513,1.370101854,1.199299573,-0.032276894,-0.087084726,1.879874549,0.52075612,-0.32780646,-1.426018117,0.393873218,0.829323773,-0.631651525,0.291202755,-0.363573295,-0.184032399,-2.487822058,-0.221781404,0.969369302,-0.631402556,0.052526368,-0.755950707,0.360441676,-0.216523198,-0.939241541,1.332551468,0.928932014,-0.604906764,0.497788309,0.537412003,0.642301235,-1.694255896,1.006606541,-0.569698963,-0.357827933,2.637881752,0.301873381,-0.386322475,-2.205294373,1.389764134,-1.345209671,-1.003438903,-0.331352299,1.416411792,0.773239987,-0.15783751,0.308292064,-0.600385693,0.13965369,0.073336745,0.968769896,0.967178122,0.493977382,-0.362347558,0.741822294,-0.091968466,-1.081914369,-0.403287792,0.084526984,0.910215784,-0.183528172,-1.209198711,0.056741683,0.11345604,0.185837629,0.919871516,1.01892324,-0.594210872,-0.616143458,-1.040198711,0.69881567,1.448820108,-0.315081928,-0.241430565,1.466782557,0.505557853,0.436235705,-1.190916506,0.678728069,-0.929136341,-1.134020186,-0.346771577,-0.585792723,-0.221599694,-1.440981635,0.958816306,1.127686295,-1.947342474,0.978457806,-0.81052863,0.856975537,-0.068446493,0.028775564,-0.185097649,1.212129204,-1.239588013,0.607840339,1.101330165,0.716340081,2.324698914,-0.528946763,0.957304823,-0.106090635,1.233406076,-0.007688996,-0.387875782,1.306072204,-0.491561939,-1.412725759,-0.516846883,0.619032947,2
-0.839217523,-0.309212376,0.907962314,0.123479809,-0.124285777,-0.21138423,0.746611365,0.325577817,2.275825428,-0.852224643,0.518101702,-0.52920101,-0.869286987,-0.010867137,0.137352479,2.918173555,-0.184145816,-1.130178729,0.273010717,-2.074640038,-0.091956783,0.016025282,0.794600383,0.973622249,-0.503569619,-0.150614015,-0.766120831,-1.128062555,0.309894779,-1.273585549,-0.414626901,-0.99517396,0.549683186,1.801430099,-1.301587983,-1.853018483,-0.124886885,0.015697796,0.218659307,-0.446320515,-0.200639299,0.367510411,1.040430893,-1.95504877,-0.368939439,0.213808794,-0.917976105,1.731169632,-0.63540988,-0.041292687,0.556022097,-0.591284789,-1.846573048,-0.428654527,1.029440556,-0.336895127,-0.846434301,0.92567221,-0.330774896,-0.510160814,0.14945609,0.77075021,2.381713532,0.827236108,1.159839966,-0.505966199,-1.025868106,0.06233135,0.107169915,-1.078512741,-0.17529453,0.399317602,0.360393395,0.504287853,0.29096473,-0.507008659,-0.513900627,-1.198951398,1.784775039,0.013450365,-0.224853056,-0.928792081,2.935657902,-1.073328032,-0.428847926,0.415836836,0.600212966,0.957932055,1.807608508,0.506157655,-1.0560308,-0.256945125,0.307832373,2.068226042,-1.397805478,1.202576505,0.17991437,0.837830535,-0.101994717,-0.84243263,0.750872779,0.654431027,0.972056966,-0.013304635,-0.599822023,-1.558786995,0.819373268,0.423889482,-0.965782633,-0.538573673,-0.466758812,-1.482984432,-0.817682397,-1.133830357,-0.412479012,-0.738697498,-1.627004921,2.022590231,1.252540731,-0.779019422,0.272421397,0.41746509,1.191085855,-0.818605027,1.092106784,-0.547905304,-1.335862404,0.724136559,1.290758424,2.587908974,-1.199725265,0.698919685,-0.409801244,0.783358711,-1.470489551,-1.262769776,-0.775874823,0.078964046,-0.641081267,0.659054344,1.026894618,0.599577541,1.61878764,0.415826629,-1.21689671,1.363376514,-0.605156236,0.9104185,1.573734217,0.456688011,0
-0.822220396,0.243687211,-1.084824571,-0.917197446,0.240405612,-0.945350073,0.159271972,-0.245949785,0.141657903,-0.95330047,0.157469242,-0.880952583,0.160695609,1.339396122,0.26098385,0.321870382,0.817206517,-1.403558344,1.718921574,-1.055589993,0.879660997,0.746909987,-0.902166362,1.008886137,0.497812766,1.889978644,0.193378751,-0.108543332,-0.514762528,-1.743355271,-0.318227565,-0.275898394,0.262058183,-1.423103111,-0.239012211,0.576251392,0.675509675,-1.859815176,0.706406609,-0.246573913,-0.185010877,-2.36451537,1.493571163,0.176798885,-1.531460427,0.375201575,0.344478441,1.222544153,-0.309688769,0.011996069,-0.6428078,0.597948614,-0.783490342,-0.892990517,-0.067797538,-1.225863771,1.602131219,1.927266728,-0.453590085,-1.386595007,0.336592039,-0.482102518,1.174681133,-0.787146596,0.544513222,0.113993589,-0.676261511,0.240049828,0.878532558,0.086848519,0.097284665,-0.872783428,1.144204798,1.044546578,-0.410559189,-0.124288459,1.414220673,-1.133570821,0.604288391,-0.558613773,1.778077877,0.063446729,1.260378518,-0.761327348,-1.248528682,-0.234259457,0.262683458,-0.510731682,0.758307426,-0.209953568,-2.081437162,0.552811979,-0.882537059,-0.361597382,1.553131204,1.772811724,-0.575493435,0.577786631,-0.55227449,-0.286872979,-0.605775415,-1.72434368,0.095055224,0.288165387,-0.671001745,1.087791711,-0.436080217,-0.637211825,0.526503118,-1.54268199,0.906679032,-0.402169157,0.989286076,1.288130526,0.640153442,-0.811973293,-1.250831706,-1.434072663,1.102910702,-0.134800112,-0.599221795,-0.132082152,1.080621209,0.778739785,0.438506156,0.637886057,0.180172355,0.302113057,0.221025231,-6.12E-05,0.753373884,0.361282106,-0.880715031,0.528874386,0.247247066,0.611413469,-0.104206914,0.811740314,-0.061408551,0.723879687,-0.456471516,-0.387254054,0.602052523,-0.331773394,2.205782695,0.566444987,0.024923486,0.819900777,-0.48068041,0.923014819,0
2.133033375,-1.9520878,0.294592621,-2.10098121,-1.462717335,0.086333019,-0.724307564,0.996581295,-1.606120881,0.565255056,-1.37622122,-0.352104994,-1.064377764,1.90242988,-1.339492163,-0.122059695,-1.726836148,1.599570122,0.401282416,0.13697309,1.474312939,0.147422441,0.219571356,0.131725288,0.563634325,-0.492441384,-0.214287307,0.810334628,0.277372952,-0.114243914,-1.400522391,1.498050285,-0.66145411,0.987237238,0.175753652,-1.293450523,1.252275478,0.254540646,1.335345357,-0.182408701,0.70405123,-1.762527111,-0.500215864,-1.272993332,-0.37478385,0.47181174,-0.604580088,0.863842094,-0.856612644,0.885236614,1.309757166,1.013526135,-0.344189052,-2.125453598,0.582166997,-0.125234715,-0.97839294,-0.556279065,1.434425316,-1.137340201,0.468309176,0.217958176,-0.357387665,0.644532687,1.632245259,-0.295971504,-0.243180948,0.622064905,0.918242821,-0.127707207,-0.305373736,-2.217646521,-0.778008912,-1.139311672,0.684624996,-0.243902949,-0.283021606,-0.009056264,-0.87017647,1.553247187,1.298193912,1.618106783,0.683417231,-0.029478115,1.614729303,-0.680966836,-0.871208979,-0.601511515,0.522871267,-0.762105193,-0.155372988,-1.601855294,0.481097665,-1.517103367,-0.932161055,1.217167135,1.180318317,0.37431309,0.275663582,-0.530959647,-0.772903664,-0.362241698,-1.513654174,0.252448555,0.048831125,-0.933421267,1.568681919,0.60691371,0.691841804,-0.487339926,-0.001330078,0.62737267,0.152782367,1.601900785,-0.203787569,-0.504560532,0.634252876,-1.264647272,0.924296932,-1.300711801,0.638584666,-0.648273554,0.476584147,0.907342946,0.153421196,-1.199620952,-0.896775245,-0.728659141,-1.895006894,1.127477859,0.110107586,-1.135518045,1.455674857,-0.7013281,0.250572489,-0.825270545,-2.018260153,-1.364440559,-0.448490431,0.898296871,0.346533147,0.140205126,-2.010027623,1.270086148,0.223679696,-0.11941767,1.13242311,1.247496724,1.154590248,-0.247086497,1
-1.344450511,-0.918651946,-0.18684585,2.171761467,-0.206296191,1.730279438,0.296252963,2.012749844,-1.755608865,-1.082486517,-0.286972955,1.603149288,-0.239056247,-0.680183308,0.606698453,0.905911427,-0.767126918,-0.688639709,1.694934319,1.248818887,1.516411502,0.940668315,-0.853596772,-0.032966719,-1.061457332,0.97582591,-0.543485716,-1.711698869,0.113674294,1.125214218,-1.377080928,-0.125034281,-0.554529862,0.991096862,-2.047079043,1.134981668,-0.705096627,-0.159990477,0.858603568,1.478897175,0.051323402,-0.724997713,-0.531500192,1.166091973,-0.884194682,0.328878184,0.007438522,0.759265348,0.034139475,-0.433882071,-0.504090986,-0.522794558,-1.379464651,0.506047983,0.20995868,-1.4661229,-0.405625184,-0.275501364,-0.585416396,-0.119883301,-0.1069338,0.894354668,-0.004679769,0.593633418,-1.390875429,-1.061541955,-1.373784441,-0.395733311,0.055596891,1.667713347,-0.829666672,0.849310307,-0.832293192,0.023895952,-0.1522924,-0.923820555,-0.845592223,1.59749278,-0.53320807,0.998639152,0.67867595,-0.611063563,-0.003390036,0.120704391,0.486954338,-0.405044928,-1.50679527,-0.700442078,1.165564522,-0.031394534,-0.42079346,-1.475098077,1.237075404,-0.207278173,1.087496982,0.68240371,0.795255608,1.65945107,0.120905624,-0.133485209,1.563886492,0.833973156,-0.704812358,1.043360977,1.514990132,-2.299987988,-1.244496711,-0.81009005,0.723062318,0.788892466,0.519538557,0.876395061,-1.108196914,-1.206045995,1.253141461,0.103785784,1.208673054,-0.698586179,-1.056122689,-1.270865152,0.801009577,1.13200113,0.541770579,-0.483373138,0.637138304,0.609701287,-2.025235508,-0.350406823,0.279444725,1.10805344,-0.085131925,0.149041977,-0.067367003,0.265284156,-1.368790143,-0.605451499,-2.231445871,-0.441954415,0.49567242,-0.792023338,-0.251526816,0.390703683,2.722532059,-0.081621055,0.719208109,-0.186842513,0.35596758,-0.028375202,-0.422008535,-0.202518169,0
-1.280429352,1.754794182,-1.075852229,-0.557103574,1.457464072,1.161936588,-0.358333056,-1.352937419,1.65977395,1.066642739,-1.144425111,-1.144548197,1.833552155,-0.507616869,-0.489834775,-0.680524596,0.355469958,-1.400275387,0.237595993,-1.40673726,-1.399703406,-1.365634897,-1.327174637,0.722364177,0.722691132,-0.162702633,-0.631561792,1.381797535,0.694839617,-1.178685746,0.350560081,0.298986366,0.718450799,2.749007735,-0.818432075,0.55442319,1.496019554,1.718243504,0.180549577,-1.307642934,-1.794896649,0.826467863,0.342528944,0.12812857,0.282645665,0.978515912,0.546343406,0.386655361,-0.593582721,1.039479085,-0.577300439,0.967746405,-0.392654782,0.589429157,1.763612144,0.660572889,1.416349789,-0.371433891,0.096160736,-0.354614043,-1.659700171,1.068710227,0.568877836,0.497922031,1.231765874,-1.135411572,-1.375365349,1.241367213,-0.07034142,0.214850508,-1.467101711,1.47212493,0.671255451,-0.575600362,2.085702087,-1.363467208,-0.329416841,0.986961359,1.153277247,-1.493134448,-0.283368609,0.745798251,1.473059996,1.388923933,0.700434663,0.089686392,-0.179375655,0.498119761,1.43401932,-0.214020992,-0.273170673,1.145253443,1.061609183,-0.499895484,-1.318757596,-1.713443646,0.130165892,-1.104597423,0.896260713,-1.716735408,1.613630093,-0.336796158,-0.798731352,-0.54115712,-0.86476758,1.514704276,0.671629838,0.096851251,-1.202879489,-0.055042966,-0.770622653,-2.630950184,-0.693605848,0.605239741,-0.426139387,-0.14498954,1.040994062,0.861951408,1.960917212,-2.1935491,-0.84228774,0.908141702,0.431395388,0.099466278,-0.604791414,0.226451471,0.168886841,-1.851991654,0.213633787,-0.517030411,0.841064255,0.3446564,1.955905285,-7.34E-05,-1.09131112,-2.488657052,-0.938275726,0.377351361,0.632870781,-0.605202858,-0.430129503,0.069936329,0.380053209,1.020081689,-0.587577171,-0.742631165,2.024792436,1.783228479,-0.529426175,1.142539111,0
-2.0674421,-0.08912004,0.5399176,-0.074166205,0.193859422,1.523596917,-1.296931836,0.90595451,-0.627615991,-0.842479084,1.023426367,-0.883087255,0.377074717,-0.488941422,-2.356936696,0.47771598,0.126321273,-1.910080514,-0.698589542,-1.806992117,0.731689887,1.387993203,0.849490605,0.989130157,-0.517830406,0.546928011,-0.00906863,0.185314516,0.95743146,1.175487421,-0.38975639,-1.407644811,-0.187404535,-0.219273285,0.28459788,0.832995918,-1.914581965,-0.670913551,-0.963888189,1.250893789,-0.208370893,-0.51288357,0.538301692,-0.593006351,-0.015194777,1.8140712,1.786290324,-0.407384323,-0.182361802,-0.619028501,-1.925865275,1.036189345,2.421342117,-0.443449438,-0.816793727,-0.272846796,0.085046048,-1.13553011,-0.458478461,1.014897254,0.127380634,1.270386028,0.364767853,-1.088917269,-0.576013977,0.248412064,-1.122589276,-1.252319733,-1.192200553,0.515804388,-0.366240015,1.182441631,-0.896420383,-2.457400268,-0.130705119,1.64755503,0.034569417,-1.372093243,-1.624276596,1.197901914,-0.807436771,1.541795328,0.654093449,-0.769568714,1.167136844,-0.923897153,-1.447337112,-0.866745393,0.768736652,1.137966989,-0.396027263,-1.868311311,-1.556766461,-1.067645572,-1.293996879,0.265430376,1.938115845,0.795776574,-1.128230845,-0.694375766,-0.499290679,0.389214167,1.571254736,-0.467400379,1.538777291,2.103910958,-0.349906866,-0.375644621,-0.360619367,0.062489986,-0.358179097,0.884177461,-1.54883128,-0.534622095,0.329174673,0.870084507,2.195285064,-1.289025228,-0.652042414,-2.266406573,-1.109869007,-1.768925297,-0.521297395,-0.228365593,0.46945424,-0.29859953,0.46993708,0.114074167,-1.033323206,-1.686273706,0.583682,1.646502985,2.535385012,0.935454701,1.457515212,0.461459704,0.302009386,0.111001024,-0.105809644,0.607076555,-0.520597081,-0.147442452,-1.177966283,0.474926669,-0.959097541,0.03374499,0.500491094,0.585891431,0.771508538,-0.213291525,0
-0.446514952,0.856398794,1.586114131,0.038084506,0.564864132,-0.488799798,0.207929692,0.65048964,0.664552414,0.77477339,-0.36833271,-0.480359672,-1.594176325,0.523219011,1.082378711,1.61598168,0.305172635,-0.766479773,-1.697096143,1.041666733,-1.796276567,-0.340604078,-0.224306828,-0.069455138,0.0358026,0.138147556,-2.415363262,0.01465591,-2.229575574,0.732218073,-0.555125156,-2.157036725,-0.814204677,-0.570075339,1.190699618,0.196637742,0.344444944,1.181221634,-0.096144288,0.754187961,0.683861114,-1.286469494,1.472983578,-1.42030178,0.917366649,-1.517073037,0.601236788,1.861914878,-0.212978657,-0.256355643,0.610439999,-0.329396456,1.818278704,0.192192249,-0.320169508,-0.540285528,-0.93294847,-0.627754987,-0.350673394,-0.487639073,-0.658175274,2.09884123,-1.030095076,0.146632588,0.59252101,0.630107996,-0.058607076,-0.240702572,0.451547491,0.26652165,-0.258958835,-1.561878572,-0.467923722,-1.146550164,-0.66715955,0.033223239,0.358736144,1.780452751,-0.537406379,0.774625635,0.305960024,1.295997671,0.57622872,-1.008481427,-1.723046029,0.3112617,-0.528450998,-0.980313746,-1.267577705,0.160975498,1.507707699,-0.408672346,0.590270311,-0.10226635,-1.289382089,0.734811344,-1.094692044,0.021626631,-0.341520415,0.893077435,-1.058150992,0.390869908,-0.839797407,-0.511105212,-3.635200228,2.092098572,0.550556933,-0.767347486,-1.124655688,-0.495648753,0.716879535,-1.892084926,-0.141584419,1.770641872,-1.133946336,0.080385039,2.203309815,0.63215163,0.12592382,0.506636455,-0.400865335,1.299631285,-0.399330023,-1.959181609,-0.391303104,-0.96673453,-0.281194012,-0.259084059,1.1974232,0.695292727,0.263265488,-0.002945411,-1.058858009,-2.181175238,0.113160011,0.794641204,-0.108333883,-0.534854323,0.464502165,-0.083332201,1.685744192,1.232728342,0.959508057,0.757734114,-1.290167414,0.662993702,0.376325958,0.606424728,0.492609487,0.452762588,0
-0.342714517,-0.802277269,-0.435077242,-0.311675886,-1.329007637,-0.742328013,0.526981391,0.00756018,0.94293862,0.181253948,-0.352453732,2.148296864,-0.093903569,1.16300097,-0.401209207,0.709599479,0.928015659,0.208491971,-2.354482923,0.018252461,1.230460048,0.527480833,0.445838875,-1.722256934,-0.720455071,0.411357631,0.410383277,1.21466678,-0.144866755,0.405824087,0.016374242,-0.986942737,-2.255791331,0.431009692,0.173947208,-0.618175042,-1.619173057,0.629739514,-0.265920074,0.556874722,1.86404853,-2.14143088,-0.699600809,-0.209375613,1.454826174,-1.636403019,1.935861026,0.135855902,-0.096000662,-0.198059763,-0.436263032,1.048116759,-1.068520754,0.345414182,-0.384181666,-0.762133449,2.585975176,0.419050735,0.613265545,1.137776781,-1.421349945,1.752291909,-2.508957178,-0.76876641,-0.459031673,0.581723365,0.218718266,-0.166814741,-0.011997345,-0.978023024,-1.497232394,0.726511622,0.693706113,1.584494375,-0.790017097,0.69281521,-0.283706728,1.190474985,1.021962777,0.211209399,-0.339530157,0.960932179,0.646904523,-0.684440402,-1.327798673,-0.288532901,1.515413815,1.146487159,-1.11232747,-1.167757416,1.27468385,-1.135635905,0.509295324,-0.616071215,1.617044925,-0.770424799,1.14336153,0.184858654,0.252194854,-1.970308581,-2.202913353,-0.22056594,0.246906063,-1.125197828,-1.08869341,0.56147263,0.56285448,-0.13774106,0.780201721,-1.174202296,-0.355934917,1.647877606,0.06832213,0.126312515,2.305946586,-1.399342166,0.796430367,1.66398628,-0.324857926,0.859630787,-0.982019497,-0.686732396,0.384966416,0.798566673,1.120936512,1.569628587,-0.067446559,1.193611755,-0.342304843,0.902091312,0.207488798,0.445677907,0.423507874,-1.60470501,-1.124121859,0.10254144,-1.68727908,0.831211103,0.871555966,0.327170553,-1.121134013,1.380138939,2.03721064,0.147076827,0.510535378,0.201738655,0.530369189,-0.119558757,-0.03456424,0.9057176,1
-0.127917591,-0.955540441,-1.03385131,-0.728836254,1.527538858,0.333417921,-0.910436378,0.775339852,0.829738344,-0.381308101,0.959173625,1.006749636,0.851331967,-0.673752033,-1.179051893,-1.692867324,-0.655514639,-0.367810958,-0.286436086,-0.047203521,1.732988549,-0.339577173,-0.048774117,-1.817591839,2.227971465,-1.315907401,-0.706854704,0.695722047,0.246192438,1.64318627,0.720013656,-0.081284051,1.044083869,1.161307946,-0.660158761,0.963029386,-0.222261163,-0.103477908,0.142933283,-0.380780872,-0.434591148,0.984720848,-1.528938905,-1.061626945,0.674733983,-0.072899459,0.991512652,0.357932278,-1.333704659,0.062834419,0.534547801,0.234039659,-0.468274174,-0.27394032,-0.560085156,-1.325197082,-1.462739565,0.390020956,-0.871458366,0.575598427,-0.595067487,-1.313148587,-0.407943635,2.094374972,-0.095610779,0.645866668,0.16880381,-1.405198036,1.448963246,-0.24782181,-1.310512565,-0.512233508,-0.206244095,0.749479524,-0.680763181,2.6203456,-0.937168983,0.611994962,-1.973972741,-0.123698666,0.367234279,-1.119583254,1.499045481,0.434476651,-0.317640465,0.423677502,-0.593314162,1.251379902,1.015298602,0.373390067,0.611692047,-1.47719621,1.466945107,-0.099357821,1.025045649,0.749842224,1.009714768,-1.04776295,-0.920499342,2.248274769,-1.519342073,-1.097610354,0.043243997,0.044979727,-0.540018077,0.616078872,0.902083438,-0.018167633,-0.26848986,-0.02226219,-0.497360792,-1.698236942,0.300924437,0.765835714,-0.153927278,-2.265078182,-0.571715045,0.905722072,-1.438248513,0.695884022,-0.445416128,-0.018775151,-0.685899511,-1.13558251,1.434246468,0.815839033,0.64472103,0.908555482,0.502714872,0.944131256,-0.663900746,1.377686887,1.28843106,0.380481968,-0.287994548,-1.223529219,0.228657774,1.68491518,-1.160837173,1.018075149,-0.471438874,-0.386097785,-1.175458991,-0.752492927,0.646782086,0.771127569,0.235858081,-0.500812865,-1.103557202,0.061758467,1
0.632407739,0.97255445,0.345831388,0.774375673,-0.393026578,0.236106766,1.220129726,-0.172836453,-0.105416786,0.005513121,-0.44058787,-0.351653321,-0.768753879,0.429482136,-0.071561474,0.598829648,1.021762022,-1.050667158,-0.836743375,0.691882294,-0.254368889,0.080713615,0.083572964,-0.948018229,0.506047108,0.248920159,-1.008475658,-0.165177261,-0.109024519,0.74755819,1.173125277,-0.008363777,-1.680702065,0.726115805,2.198072672,0.717904674,-0.272809628,0.401036905,0.800253099,0.113004428,1.314934855,-1.132334219,-0.404029903,0.459119469,0.698319695,-0.547136468,-0.452697191,-0.666576789,-0.744611858,0.519008441,-0.037503693,1.297263179,-1.093631221,-0.157197074,0.735831745,0.344265398,-1.098209715,1.152140935,0.095876762,1.917048097,-0.132103281,1.15800725,-0.358371921,-0.236099868,0.494027379,-1.702222352,-2.019051822,-0.677000479,-1.299559185,-2.255609058,0.742525074,-0.791103291,-0.343679503,0.139187164,0.504520693,0.282900236,0.202087241,0.469468322,-0.499722642,-0.712695698,-2.317000648,0.638309241,-0.685568221,1.983509133,0.737856729,0.950085833,0.705740128,0.530688886,0.475988098,0.569073643,0.174966328,-0.616446153,-1.178684764,0.422834724,1.291529775,-0.125408158,0.151417002,-1.317556199,-0.453977271,-1.22885114,-1.159396719,0.098734583,-0.057585505,0.787656775,0.766203063,-0.873972247,-1.935588489,-0.948467069,-0.710582227,0.552044091,0.612418594,-0.046568242,0.740146696,2.562269299,-0.118465397,-0.233142795,-0.840638734,0.318793907,1.137396434,-0.498644916,-0.391123722,-0.521571582,-1.150795955,0.134206476,0.169951974,-0.04134649,1.839040535,0.400165039,-1.116401065,0.632317964,-0.33946025,-0.328883968,-0.173485259,-0.285294104,0.269932288,2.11541124,-0.368353651,0.089052662,0.234313482,-0.512664967,-0.401442056,0.993504098,-0.510285184,-0.888045839,1.782926761,-1.205233111,0.883372987,-0.201411709,-1.215248222,-0.376778042,2
-0.704343691,-1.408461296,-0.997782465,0.221578475,2.459247123,0.975538968,0.620038336,1.991496007,0.467928342,1.074627915,0.21392497,0.452022317,-1.408506127,-0.309970275,-0.561923687,-0.614964676,-0.673659723,1.431010495,-0.368541527,-0.144458892,2.264740195,0.775457981,0.007960683,1.05838944,-0.669111705,-0.424658775,-0.361662331,0.249555056,0.466713586,-0.949214339,0.406988635,0.60445392,-0.46769994,-0.165527413,-1.136950939,-1.50891436,-1.147121654,0.720636971,0.523019029,1.927544265,0.038276509,0.051709934,0.337144203,-1.066959393,0.903404875,0.382084611,-0.947360229,0.371673018,0.758462467,-1.331457753,1.057304413,-0.45024231,-3.070325927,0.971963578,1.342734626,-1.123545819,-1.671010832,1.327858493,-0.617361395,1.344882488,-1.791961855,1.40515612,1.073352295,0.540563577,-2.004257899,-0.362406597,1.007512693,-1.686998706,-0.522347376,0.396448938,-1.158972987,1.300502277,1.102607419,0.242190994,0.434025758,-0.540473955,0.589707998,-0.59771951,-0.196781249,-0.492408871,1.43552557,1.20705868,-1.003445393,1.337624604,-0.798017946,1.852869992,1.570950588,2.192772324,0.292945092,-0.280488417,-0.302763277,0.375181813,-1.014017522,-2.409633103,-0.399664341,0.040927914,0.555526536,0.39722441,0.140827352,1.169470869,-0.872622182,-0.672024505,2.109174568,-3.183769318,1.119031822,0.563409844,-0.001383544,0.896170665,0.71849268,-1.4592994,-0.973921102,-0.480681897,-2.121257064,-0.008640706,0.637512974,1.165732278,0.077969695,-0.74957015,0.224004767,-0.07872822,0.785081313,-0.045381351,0.889455402,-0.261421025,1.290226486,0.177544492,-0.597887462,-0.333135187,0.727042769,-1.270724738,-0.12954439,1.069206294,0.516885116,-1.150811844,0.311240517,-1.342004711,0.186541693,1.379847718,0.073400132,-1.131911798,-0.19098942,0.194467287,1.092105399,1.083128314,-1.089236671,-0.324088195,0.393668611,-0.604769043,0.498383215,-1.348031071,1
-0.070165711,-1.660960934,-0.992226287,-1.329389602,1.031200508,-0.702148539,0.627171917,2.171872811,0.794134691,-0.41896911,-0.743676288,-0.306347469,-1.027761689,-1.144482016,-0.804964682,0.532209801,-0.520858035,-0.225283888,0.469186512,0.727237435,-1.929310522,-1.723332728,-0.386031963,-1.11481549,0.854535829,-0.463848816,1.797612283,-0.48791738,0.308622702,-0.667060213,0.487597003,0.509600715,0.887750228,-0.134280771,1.270346976,0.299631017,-0.643151854,-0.636007392,0.728822563,1.264259884,-1.122062467,0.750980986,-1.486355994,-0.617483271,0.489733708,-0.847512697,1.465753998,0.608579932,-1.181523071,0.655465628,-1.320368417,0.003699651,0.8773197,0.709298501,-0.086351473,-0.344289814,-1.157800167,0.18259325,0.804488104,2.064726345,-0.456132636,0.846664363,0.764476073,-0.476491317,0.72096603,-0.81635419,0.257020988,-0.211293495,0.443549769,0.523168304,-0.528722135,-0.009673322,-0.128632856,-1.089461057,-0.369780694,-0.579048875,-1.127105838,-0.803823826,-0.258256862,0.055024109,-1.243675469,1.200299314,0.613347766,-0.085200157,-1.218924344,-0.212548252,-0.273258098,-1.080478051,-1.161755708,0.766457925,-0.323999059,0.885569831,-0.013169766,0.751679577,0.718326789,0.466659126,1.18262273,0.100328424,-1.494735427,-1.335215128,-0.652799209,0.741947761,-0.400055398,0.205307974,0.535676958,0.164402861,-2.291127841,-1.186913024,1.765915187,0.326060048,-2.699666867,0.069721196,1.80263564,0.273796293,0.044396106,-1.828362092,-0.270881794,-1.643221917,-1.222456382,-1.451176305,1.739440024,0.728036843,1.400982761,-1.323468607,0.190765297,-1.008093635,-0.901119587,0.469443196,0.178803253,0.286230039,-1.256125074,0.127591725,0.347706158,-0.675199868,-0.271935694,-1.645294102,-2.155715864,2.008319877,0.204836241,-0.358917195,0.798234885,-0.870110359,0.110154906,1.106250768,-1.102065529,-0.492001717,-1.380762918,0.835220946,0.205375557,1.171689072,1
-0.018513136,-0.288658639,-0.607846131,1.830016286,-0.31265873,1.037640015,-2.496798117,-1.175133076,-0.293607159,-2.030782998,0.600884449,0.312958125,-0.99082765,-0.01595863,0.80647723,-2.103049517,-1.273489016,-0.335088299,0.023723627,-0.058611422,0.889294785,0.477211246,0.696634841,-1.389875733,0.144823855,-0.307142509,1.462071882,0.174395637,-0.669053935,0.852501276,0.563297796,-0.821601673,-0.348489703,-0.33144646,1.227461092,0.203241874,0.726782479,-0.493271721,0.334800291,1.303360903,-0.361076765,0.115154804,-1.363306256,-0.76555809,-0.334442892,-1.060839309,1.321973678,-0.83800702,0.786798592,0.186836238,0.030851949,1.486163645,-2.260600297,-0.196204897,-1.080380337,-1.961420409,-1.194731734,0.017237535,-0.725347129,0.89661359,-0.213845848,-0.324738355,-0.320280951,-0.098494406,-0.418478535,-0.851253698,0.989184884,-0.62409505,-0.383526616,0.42940508,0.318741246,-0.893438062,0.754981944,0.53767034,0.177974834,-0.431316851,-0.406730691,-0.201797103,-1.231831941,-0.039268449,0.89210204,0.87637119,-0.380851771,1.064083273,1.905904555,-0.316207535,0.691514706,-2.262809963,-1.258146728,0.091121029,-1.006733063,2.039202045,0.597879687,0.965831647,-0.029026406,-1.00320802,-0.518810282,0.25438048,-0.637915338,0.671191992,0.711414969,0.004981304,-1.825635087,1.714784934,-0.212672857,2.709276648,0.652535696,-0.209955077,0.447821876,-2.019285517,1.026142403,2.566941238,-2.089233474,-0.28740901,-0.105338123,0.875228629,2.105975674,0.382882123,2.141791824,0.170432477,0.451423819,0.328235566,1.220299783,-0.422321058,0.818286759,-1.230796606,-0.284504105,-0.636743623,0.087961559,-0.316079749,1.132133692,-0.878668095,-1.731315936,-1.35728382,0.994168046,-0.969557343,0.397844416,-0.294787503,0.824244055,-0.230765705,2.764348516,1.898117016,-0.31521018,-0.452134589,3.132326151,-1.078850961,-0.055023548,0.02244892,-0.002337898,-1.738711721,1
1.477894045,-0.518270218,1.605619833,-2.080740525,1.205818421,-0.936795235,-1.372079187,1.17994213,0.731898069,1.254518702,0.800701948,2.059845002,0.558723837,-0.156477376,0.342926377,1.243469128,-0.779375325,-0.651888583,-0.308960015,-2.104582799,0.138078408,-1.886128704,0.053059313,0.865289756,-0.476876461,1.67711587,-1.460500899,1.191260682,0.675137056,-1.716033248,2.710794299,-0.063745286,-0.877484022,-1.407087195,-0.220018028,-0.127406872,0.102645529,-0.297796156,0.63322531,-0.387629833,-1.934964117,-0.149361496,-2.367477653,0.353770631,-0.97930023,0.163360355,1.314074982,-0.948748695,1.061256259,-0.433389567,1.753194802,-0.365152613,-0.840492986,0.68723845,-0.43578973,-0.841449514,-0.477839851,-0.044606532,1.342180131,-1.934087745,0.023080659,0.624903595,0.193448575,1.309865169,-0.07434533,-0.184551442,0.592329547,0.099313815,-0.390408738,0.51614404,-0.652528293,-0.611177152,-0.527994022,1.35306916,-3.221016356,0.395598835,0.034271814,-1.680870459,0.309726779,0.475751992,0.589639231,-2.651828063,1.366389412,-0.737736705,0.686567747,0.741073781,-0.876697086,0.660459952,-0.385493241,-2.071377179,1.167741926,-0.775044963,-0.854493463,-0.403065868,0.272236725,-0.057270411,0.548066925,-1.339489367,-0.74238637,-0.115997072,1.897887293,-0.113812538,1.085222264,0.038555169,-0.483658637,-0.246724424,-0.168419712,0.603645739,1.374611268,0.359680848,1.187077679,-0.964789738,-0.414630509,-0.724302534,0.314444591,-0.358958385,0.729772937,-0.931001712,0.043030973,0.686857911,-2.065302775,2.121631307,-0.283151885,-2.025039914,0.158093899,0.033443468,-0.08189438,0.991191113,0.747444971,0.297876191,0.450155634,-0.104358449,1.775490849,-1.479196018,0.139651674,0.065024631,0.813280406,-0.843853877,-1.743672602,0.156823016,0.281230492,1.489599409,-1.270362046,1.154693767,2.367414364,-0.377764888,-1.290942219,-0.406974366,0.014004967,0.563787875,1
0.645484181,2.163254723,-1.515254371,-0.115748505,-0.730221572,0.370479349,0.636137455,-0.412902029,1.050454692,0.199068414,1.461003886,0.929076021,-0.471250571,1.055172804,-0.645244355,0.626504425,0.526491847,-0.517037995,-1.99433272,1.477711173,0.418838442,0.020552523,0.018736628,0.974776484,2.185276672,0.902748442,0.367557334,0.285966018,0.364029175,-1.003786029,0.5850323,-1.310587499,0.441878581,-0.47161773,0.865738087,0.380677341,-0.350801104,-1.010531846,1.476192838,-0.086363742,1.739827245,-1.231081985,-0.252934221,-2.250684383,0.756244043,0.838180665,-0.605100433,-0.654369475,-0.388430068,-0.239882702,-0.559498944,1.080918177,-0.468850124,-1.896319974,-0.254860153,-0.512414842,-1.30780657,0.189099803,-1.926051517,0.380875096,-0.033054199,-0.563348898,-1.145916188,-1.463372999,0.881702445,-0.299474823,-1.678710133,-0.011787096,-0.273188552,1.412973265,-0.411948978,0.979402006,-0.218775416,-1.181627776,0.471545825,1.217612384,0.906889216,0.313962172,0.997286624,0.170325228,0.08192274,-1.472610554,0.212310184,1.507952873,-1.636017563,-1.312171443,-0.327082997,-1.355722616,0.684280213,-1.727542407,0.680596423,1.004341547,0.656902473,0.020435062,0.534271019,-1.155301173,0.259711873,-0.61839451,0.89077172,0.710229111,-0.810383862,0.351658739,0.393115877,-0.47407355,0.022455428,0.511539917,-0.456707914,-0.885857763,0.227843361,1.483390085,-0.152576878,-0.35217653,-0.792609796,1.150075082,0.875189455,-0.146219233,-0.787377046,-0.796635756,-0.855429032,-0.493266081,-0.560769006,-0.738086479,1.115127205,1.585264598,-1.089321543,-0.571350507,-0.947906314,0.318484727,-0.339798361,-1.030623213,1.652612005,0.48770115,-0.979447241,1.506706239,-1.14685219,0.614451536,2.417841289,-0.131192867,-0.28828848,0.167596523,2.225490096,1.476223268,-0.44338775,0.304532866,0.922912199,-0.428984983,-1.131592889,1.084348498,0.509761083,0.318864803,2
0.222133772,-0.478748622,-0.393145371,-0.795845528,1.25185122,-1.541938839,0.675886242,0.285106109,-0.229084284,-0.758155502,0.172276851,0.22528672,0.393747858,-0.269134347,-1.145022923,0.878464223,-0.003442654,-0.612881862,-1.001598442,0.922467422,1.384358142,0.575338641,0.642449051,1.172383919,-0.361858293,2.134101027,-1.059569393,-0.243364224,-0.771557456,0.063588251,1.730912351,-0.238405143,0.421584723,-2.908142879,0.427690564,0.998471201,0.122941428,-1.066299543,-1.200465004,-0.554538123,-1.208838794,1.575995751,0.467500519,1.44468197,-0.289101148,-0.764512629,-0.702928569,-0.462203713,-0.494347046,1.221791757,0.913646268,0.270877593,-1.659737181,0.29505553,-0.31079655,1.406235104,0.895431946,0.142162801,-2.097694365,-0.136095547,-0.653304687,0.405340964,-1.142122152,0.262342479,-2.218162679,-1.385616091,-0.879854965,-0.546182806,0.388915859,-1.65505181,-0.641175831,-0.615739362,0.687998853,-0.191724924,-0.967376478,-1.078829882,-0.552778252,-1.648416857,1.625875155,-0.004358431,-0.913548084,-1.054464824,-1.207317959,0.371178154,-1.653377095,-0.177990645,0.573624787,-0.585958265,-1.011871067,0.837698373,-1.131934033,-0.27768842,0.115220273,-0.604129681,-1.198384793,-0.55850969,0.340325718,-0.728551026,0.45496228,-0.255228049,-0.605058614,-0.725419735,0.232065747,1.12694668,0.121844841,-0.964756515,1.093171742,-0.885234617,1.728919939,-0.160855467,-0.878417589,0.558753123,-0.311434456,0.442853408,0.092003039,-1.379175574,-0.07007371,0.501408422,0.112513547,1.255840346,0.311878085,-0.241905791,0.210254205,-0.492441571,0.360494957,0.359119313,-1.238761592,0.772596659,2.233469052,0.545999017,-2.030041833,-0.426784848,-1.279407597,-0.291797239,0.685945241,-0.718279421,1.884703485,-2.880723498,-0.248106604,0.379266212,-1.219440953,-1.087832131,0.756287877,1.928398579,2.046032519,-0.346583666,1.351332102,-0.068779071,0.916698107,-0.210646063,1
-1.534114171,1.277676822,-1.203475655,0.777535772,-2.050293893,-0.697094851,-0.046162051,1.29979733,-0.545244569,0.427851671,-0.080984114,0.9451189,0.375585749,0.830209388,-0.550634915,-1.014024894,0.367128319,-0.487728019,0.030323872,0.31727494,1.241907531,0.786570643,-0.681009673,-1.145022238,1.707381105,-1.582659672,-0.452502848,0.64524482,1.638761247,-0.189661525,0.027342994,-0.875027422,0.126616112,-1.150153979,-0.750284953,0.763890554,-0.433576817,0.917248922,-0.153507127,-1.368840093,1.168365276,-1.315326085,-0.601787509,-0.199699082,1.005828621,-0.526484823,-0.926717162,0.162673072,-0.213965723,-0.467390599,0.216485356,-1.203596215,-1.721840541,2.138730107,0.104186093,0.174180882,-0.781989381,0.897698843,-0.53348526,-2.786147688,-0.567033341,-0.281413078,-0.170083604,-0.199011663,-0.644914617,-0.74152106,-0.297978667,-1.645476087,-1.957596294,0.09805549,0.114734874,0.87940058,-0.25556531,-1.193627213,-1.939646815,-0.890196076,0.422519744,1.441448903,0.054085413,-1.21358989,-0.879920603,-0.848705924,-0.405988602,1.120895425,1.19890945,-0.172255895,0.18307011,-0.797557893,-1.709908444,1.788338353,-2.322487051,-1.835840318,1.796405855,0.016615405,-1.125914907,0.682703631,0.773053306,-1.332685645,-0.532845376,0.876245864,-0.816905746,0.282163739,1.424812186,-2.392484832,-0.341248319,0.261635999,-1.792049386,-0.52961139,1.044498644,-0.704315149,-1.484326436,1.130831823,0.444501694,-0.068856292,-0.098391827,1.028282471,0.294528325,0.645612146,-0.692566395,-1.917355009,0.6219137,1.100927922,-0.224561968,0.887756584,-0.335212793,-0.090699161,1.752428788,-0.291520054,-0.350569393,-1.869979523,0.69007316,-0.709841365,0.147225011,-0.315039087,-0.445792715,-0.11772949,-0.04085234,1.17607906,1.520211857,0.650715102,1.271555913,0.854147471,0.494614102,1.455142935,-1.308474631,-0.684462201,-0.820901527,-0.301387917,0.685900358,-1.115103452,0
1.201213922,-0.408075373,0.949616624,0.178508869,-0.21070807,-0.810906847,-0.44311421,1.20649462,-0.837789624,-1.843095772,-0.987532927,0.60604268,-0.302852244,0.604493656,-2.00046108,-2.982541912,0.26410857,1.004692887,-1.710995223,0.526043219,1.190263574,-0.004383542,0.901090839,0.190407634,-0.262934375,0.821015541,1.912797586,-0.557841142,-0.087731667,-0.990685455,0.155213544,-0.156399369,1.158451943,1.419748169,0.787985453,1.046764344,-0.704836217,-0.954931918,0.436817376,0.020020257,1.999188881,-1.921644483,0.619580806,0.603050785,-0.761957796,-0.967577165,-0.339261838,-1.641511215,1.457332804,2.700728947,-0.341284328,-0.639295179,-1.31085835,-1.096136756,-0.589444422,1.208767941,3.193007285,-0.722825964,-0.902053397,-1.16799321,0.450789429,0.344220912,0.100925802,-0.444303717,1.359204699,0.764261029,0.72086382,0.370238627,-0.189388822,-0.715168264,0.519905016,0.423162658,0.567191137,-1.564433985,0.339278143,-0.308666847,-0.878597206,0.728426944,0.17727039,2.354123386,0.484482161,-0.297220628,-0.108285502,-1.17190127,1.230848179,0.314985286,0.33212968,-1.064218464,0.779001183,-0.935397968,-0.553909511,0.1254379,-0.580945468,-0.792330311,-0.050135298,1.010006804,0.895076263,0.707415548,0.486239834,-0.475564059,1.120872583,-1.735902537,0.433789272,0.841294984,-0.090291569,-0.722291765,-0.037059023,-0.757595031,0.514260658,0.945733658,0.446689782,0.38713555,0.760317557,0.875889307,-0.77827371,-1.537993277,0.277886657,0.924385698,-1.580898448,0.068832076,1.12833568,-0.116458096,1.521134295,1.333838924,-0.182712547,-0.367739704,-0.349335997,0.134854929,-1.173503463,-1.358371065,-2.271494765,-0.021152973,2.038884935,-1.990517949,-0.184162877,-0.214207401,-0.152066251,1.256801249,-0.888402876,-1.946253193,-0.534283051,-0.667834336,-2.230913008,0.24548673,-1.186012627,-0.083099515,-0.362840059,-1.074015971,0.890627176,-0.281459904,1
0.114227649,0.150301761,0.254733441,1.981386204,0.092379714,0.437916605,0.346431556,2.268602711,1.002700774,-1.450998179,1.229158444,-0.944926741,-0.65363195,-1.29973821,1.822334303,1.186342869,1.23066157,1.035887712,0.690742094,-0.319691736,0.20604849,-0.516342533,-0.851335275,-0.640482016,2.354172287,-0.382301658,1.000776275,2.077169765,0.780705746,-0.788019039,-0.736610289,0.118852877,2.256778526,1.423542665,0.536650009,-0.204174758,0.379444642,0.189244689,0.18290814,-0.875407262,-0.894193998,0.328807074,-1.159650675,-0.625110897,0.029644388,0.330794119,1.11574924,-1.253049793,-1.250000413,1.306314813,1.676490367,-1.044085422,-0.845223513,0.545561165,0.048723445,0.056512518,-0.78063502,0.71969555,-0.237162829,-0.270050104,-1.131238635,0.791341699,-0.361365304,-0.045151615,1.189796767,-1.046840953,-0.086677125,-1.558151986,-0.523641218,1.288218244,-1.541400433,0.235681147,1.603541733,0.548753116,-0.583803341,-1.11173253,-1.929611527,1.562326943,-0.42088249,-1.801981081,-1.021164973,-1.078096304,-0.495114043,2.388355617,0.922939793,0.484307081,1.197471549,1.833861588,0.528130428,1.441197456,-0.64076228,-0.862731338,-1.031598122,0.293948434,-2.629877384,1.324703095,-0.493667805,0.826288688,-1.391808325,1.111247413,1.38285207,0.102910855,0.527777013,-1.026234349,0.045548855,0.972286975,-0.303006403,1.526378479,-1.783199722,-0.328651588,-1.921179827,0.316162613,-0.213023269,-0.175871825,0.740002225,-0.28375491,2.806699958,0.808527515,0.030045682,-0.674709874,-0.910719789,0.437028288,-0.526539071,0.99088435,-0.082279,-0.078916116,0.114650507,-0.152019807,0.277144038,2.069512967,0.540819338,0.423342235,0.787007318,-0.108509395,-0.963652574,-3.019083058,-2.050828051,0.747943253,0.368799265,-0.147986449,2.362287842,-0.034259104,-2.361760111,0.750494402,1.160948395,0.720084734,1.175725871,-1.760880018,0.0946873,-0.830025953,0
0.048521628,-0.830950116,-0.705525276,0.49885456,-0.685571819,1.814804653,0.867798499,0.208696304,0.512671766,0.17828649,-0.36832963,0.498609928,-0.2428919,1.936688432,-0.6927034,0.508797425,-0.782726493,-0.793164134,-1.786089864,0.411475105,-0.532465911,1.083389519,0.413295393,0.148224658,-1.410498774,0.584905305,-0.662146152,-1.432838696,0.43051348,-1.258292621,-2.0911247,1.297134455,-0.560732003,-1.744488058,-0.962591811,-0.721051597,1.14422729,-1.66296776,-1.338906282,0.980402995,-0.449732796,0.227952738,-0.49092533,2.020570157,-1.289695156,0.282115667,1.502956587,-0.37498601,-0.753774055,0.767103031,1.00406481,-0.799903685,1.462196594,0.051221092,0.508761296,1.488281191,0.768780226,-0.000249175,-0.671592107,2.708505651,-0.789016178,0.318129094,0.509989387,0.557309469,2.128016932,0.047570395,-0.095065936,1.552278058,-0.135884146,0.876024338,0.194389839,0.920974916,0.725448277,-0.403112099,-1.844012622,-1.673908715,-1.840378591,-0.091196647,-2.35262557,-0.15999032,0.133767347,0.856226445,0.504379673,0.901885068,0.413905124,-0.32354154,-0.105982944,-0.851643962,0.228086528,-1.58419555,1.066035454,-0.956593887,0.153845322,0.321478335,1.16272292,-1.681163358,-0.325459203,0.549847836,1.751183513,-0.038827727,-0.594345708,2.026988756,0.802560672,1.373633272,-1.209540728,0.521129104,-1.083325261,-1.305044003,0.581880063,0.651847399,-0.482011918,1.432037229,-0.369019782,-0.269981014,-0.036038775,-0.242942777,1.277262127,-1.041703335,-0.754343191,-1.191407547,1.883517073,-0.32451932,-0.768516567,-0.287307688,0.849056101,0.663765472,-0.575178955,-0.399586173,-1.455470451,0.138723321,1.282317436,-0.581777162,0.63581303,-0.582112994,-1.095649049,0.680279803,2.347649388,0.543423609,-0.413856187,-0.34936596,1.909185389,0.30698002,-0.765916021,-0.062225063,0.215140463,0.469213702,1.512038814,1.275898494,0.198238776,-0.041495212,1
-0.552223044,0.632931818,2.727347689,0.43227958,-0.108491342,1.16367361,-0.34439953,0.042268782,0.08884948,0.600220512,-0.923285682,0.833506204,-0.525738428,2.0594368,-1.513111787,-0.757359366,-2.029289244,2.96485133,-1.226908665,0.760050674,0.727035544,-0.906002153,0.773034591,-1.068989912,-0.813553145,-1.561900403,0.669658757,-1.958857559,0.393458026,-0.123604762,1.743025279,0.032611675,0.847967583,0.511336164,-0.103194467,1.114921911,0.37989918,0.898694117,-0.927770282,0.528277825,0.801754056,-1.089003781,-0.073875223,-1.738339441,-1.586999978,-0.059876931,1.800234137,1.877544523,-0.304910261,-0.95147952,0.927141147,-2.003555683,-0.403175607,-0.748174491,-0.086318123,1.375318513,-2.588298755,0.31035599,0.343235956,-0.060988292,0.291378239,0.514263207,0.158331708,-2.035005937,-0.889199763,1.597594254,-1.167030525,0.080614164,-0.721327649,0.594806382,-0.20264104,0.654737844,0.383036789,-0.389776776,-2.229094429,-0.866399035,-1.206290747,-1.213830041,0.503525611,2.024612351,-2.465177174,-1.506257249,0.232091729,-0.253413809,0.453317947,-0.046784896,1.317544602,0.570335858,0.876957568,1.017945239,-1.192615363,0.587178511,0.642858587,-0.341689177,-0.34806693,-0.320066662,-0.879440164,-1.380423019,2.14561931,1.080138793,0.025961537,-1.467421425,0.545792183,-0.36414972,-0.1566191,2.247854786,1.897936081,-2.365052365,0.365314197,0.165574322,0.355154277,-0.557819583,0.002894665,-1.093891369,1.037502586,1.006943011,1.640981846,-0.773728299,0.269684865,2.043435937,-0.675322766,-1.009401063,0.300300398,1.16511715,-0.667109259,1.932852214,-0.915752903,0.658173875,-0.67666118,-0.465923202,0.82262902,-0.209218332,-1.519137822,-0.798655636,0.721693713,0.397479748,0.72556691,-0.602674936,-1.059958084,-0.818804593,-0.750350202,-0.046834326,-1.183972655,1.065416642,0.515744663,-0.864632717,-0.198587455,-0.88671515,-0.149311778,-0.834824019,0
-0.469474386,0.542560044,0.436559804,0.903934841,-2.362932436,-1.009730705,0.619154261,2.05749547,0.020793708,-0.728002941,-0.182896441,1.374876419,-0.645964179,-0.799192007,-0.482743522,-0.953328608,0.122670316,1.624678458,0.323079273,-0.252353502,-0.291811269,-1.563190809,0.883109777,-0.077837197,-0.180479914,3.193107568,0.298752908,-0.75179105,-0.426357596,1.148445709,0.113270411,-1.438277978,0.919228935,-0.668144086,1.873297776,1.080048066,-0.447321896,1.281016362,0.067855511,0.852773675,0.484732817,-0.846356655,-0.643549832,1.029960818,-0.334775332,-0.403648463,-0.955122579,0.423599066,2.062524919,-1.067532914,0.024219457,1.412220555,-0.079641391,0.452371796,-1.062393528,0.428307097,-0.187144265,0.985729996,1.187386052,2.589563642,0.579633173,0.325796317,0.194384302,-0.353166293,0.338483843,-0.29540141,0.168460976,1.317597536,-1.006542565,1.139878561,1.317115067,-0.118068527,-2.121854899,-0.607821987,1.296994547,-0.022868062,-0.999302232,-0.504774921,0.840620027,0.546733568,-0.238932099,-0.366824412,-0.391758149,-0.922410184,1.615375689,-0.322320469,1.217158521,1.521316052,0.998310898,-0.431620313,0.40373009,-0.024195606,-0.903701861,0.324359282,-1.179039791,1.187679388,-0.464617297,0.201159656,0.283287872,-0.258904974,0.586693801,-0.474903657,0.871297297,-1.34597968,0.12637958,1.938928999,-1.000331325,-0.677744971,0.51390785,0.179581782,0.350630099,0.48918713,0.634721469,1.109699842,0.409818657,-0.241257655,0.672573701,1.899881935,-0.132633746,-0.974529305,1.107080669,-0.120381164,-2.172669546,0.847421677,-0.535328186,-0.090533282,0.331980331,0.19049968,0.709451817,-0.435486371,0.513105798,-0.259546678,0.738810481,0.615367484,-0.935438702,1.085982116,-0.535963445,0.808057798,0.367287313,1.838183677,-0.223465982,-0.349316796,-0.019419606,-0.303179783,0.799941902,-1.616310608,-1.053682419,-1.067802922,0.950307592,1.710613373,0
-0.238948047,-0.907563662,1.164973778,-0.593839059,0.661357018,1.744357236,0.640626249,-0.222393228,2.31820569,0.230814502,1.3985916,-0.421531414,1.067802498,-0.546425048,0.323384238,-0.606740109,1.901155976,-0.221131332,-1.107932127,0.095118522,0.537094792,-0.026600977,-0.813320229,1.037316807,1.259180029,-1.647957349,-0.877026954,-0.159427647,-0.530925697,0.525954583,1.839477207,-0.38091351,1.576722201,-1.468332856,0.455814813,-0.594711487,0.477389931,-1.756809845,-1.285390479,0.475312515,-0.630000906,-0.323117606,1.836285175,0.137571469,0.901516514,-0.75927215,-1.341203693,-0.080735321,-1.490469403,-0.698589603,0.237754218,-0.111260897,0.334519385,0.600318396,-1.195724716,-0.941934271,-2.178584195,-0.370523308,0.736755958,1.491276864,0.190481869,1.373228864,0.383827024,0.107449421,-0.611290877,-2.385160043,1.223189487,-0.053224975,1.388296525,-0.949633119,2.42882021,-0.248787255,-0.692188994,-0.214522046,0.170456422,-0.069902006,-0.515330409,-1.803442556,-0.804327579,1.074435669,-0.8797227,-1.716948637,-1.055499748,-0.088646288,-0.759221167,-0.279837079,-0.798453205,1.009743896,0.490849511,2.217959567,-0.381721297,-0.284879175,1.183502024,0.391008385,-0.94150668,0.556421319,0.396528897,-1.793795888,-0.6513107,0.19032019,1.446279707,0.697998444,-0.564044614,-0.708201905,0.797733244,-2.426326396,-0.807581324,1.409308002,0.296817479,-0.758661152,-1.202083426,0.839734668,0.077811347,-0.21871046,0.373980557,0.16459805,0.087905807,-1.324187019,-1.026425153,0.748280436,0.559151434,0.382119926,-0.586512663,0.765189929,-0.370744812,1.301533461,-0.746822989,-0.525287636,-0.151448799,0.847300481,-0.035078071,0.037682349,-0.391591217,0.268091987,-0.070730494,-0.784302384,0.127291483,0.150808769,2.349800649,-0.611026079,-0.839375743,0.279034261,-0.992836417,-1.073050148,-1.43689869,-0.774573565,-0.749887746,-1.283262174,-0.250283736,-2.365981148,1
0.44001445,-0.502054224,0.67495592,1.173114187,-0.597825678,-1.554961824,0.553020585,1.245979286,-1.714683267,-0.606315325,-0.241411758,-0.982486347,-0.144618885,-1.113486724,-0.319087093,0.699367127,-2.06948763,-1.051100337,1.400691904,-0.824321085,-2.598579557,0.171180147,-0.074752832,0.148134798,0.057386703,1.272915035,-0.703061796,-0.093805809,-0.432687942,0.676362633,0.777543058,0.372403548,2.153802586,0.553304611,1.254999035,-0.88537202,-0.698210247,1.980336775,-1.353928384,0.767849476,1.286688953,1.17554725,-1.595325979,-0.350809026,0.622194035,0.742013651,-0.009008506,-0.696108257,-0.273486179,-0.618231661,-1.242724184,-0.299075117,1.849296281,-0.278868972,-1.51278498,-0.358675943,1.728039635,-1.592928437,-0.000938604,0.737740931,-1.140955135,0.190794696,-0.913264301,-1.225756115,0.622667927,1.823054657,-0.387034169,0.580753912,0.483742941,0.173995751,-0.688736562,-1.013303027,-0.797184792,-0.178745878,-0.419290269,-1.149093013,-0.205160229,-0.635705535,0.556961381,-0.390943746,0.843750806,0.229720963,-0.496656943,-0.163418826,-0.135110911,0.166160882,0.361019288,-0.450270621,-0.238525768,0.114355649,-2.957164126,0.552999724,-0.953719066,-0.289060077,-0.677362828,0.748494192,1.024726806,-0.112310174,-0.099376346,-0.038905134,-0.015715712,1.001006232,3.010409527,-0.171967326,0.568489113,-0.846746376,-0.755262989,-1.020245764,1.339461617,0.703576546,-0.384883025,0.212931233,0.764484122,1.196003259,0.408504218,0.091956559,1.318984207,-1.103493875,-1.921844607,1.256195216,-0.449240719,1.336974073,1.919500931,1.853914998,-3.012139729,0.800991057,-0.508916525,-0.652401834,0.371988443,-0.626658118,0.749269111,1.321329614,-0.202007698,0.358954273,-0.458005452,0.468002737,1.417218,0.409969613,-0.119066416,1.310485738,-0.406914172,-0.382193155,-0.66416366,-1.56868932,-0.860050289,0.055011994,0.229201468,-0.967666713,-0.510263656,-1.892558744,1
0.35778736,0.560784526,-1.47623048,0.444874917,0.642121004,-0.759651761,-1.023734445,1.017174214,-0.990860754,-0.606663941,0.887308962,0.034741234,-1.797143668,1.747059145,-0.530010759,-0.40275729,0.255784252,0.625076797,1.961104291,-1.660068149,0.825952209,0.743009694,-0.137164911,0.787273695,0.934274018,-1.381962785,1.749766506,-1.558762253,-1.135316281,-0.261787674,1.924940513,-0.30825663,-0.03193389,1.432078604,-0.300318143,-1.178436713,-0.417234835,1.370791834,0.070864997,1.930658259,0.737934926,-0.644808936,0.051076304,-0.853218118,-0.668433031,4.479084251,1.01862451,0.861097989,-0.623180315,1.569584066,1.099415602,1.881621289,1.833114148,-1.479089288,-1.109839489,-1.003787815,-0.943940643,0.323452364,-0.566803452,2.072598541,1.904679882,-0.006461594,1.955326216,1.488134627,-0.450706559,-2.009215344,-0.217968385,-0.644622131,0.206505625,0.089228287,0.063017659,0.523684741,-1.212521947,0.411360278,-0.439616153,0.1999822,0.957409845,-1.224399773,-0.281293653,-0.118534234,-0.514268972,0.899829496,-0.720388359,-0.555400399,-0.709919133,1.092055411,-0.492444112,0.460045391,1.975705101,-0.07481842,1.11206068,1.671354084,1.02719156,-0.016801316,0.642107759,-1.287378593,-0.780043158,-0.604675182,2.24061212,-0.812584514,-0.827476751,-1.04392098,0.559811762,0.142621393,1.086758977,0.671259666,-1.380389847,-0.80727777,1.365328748,-0.203298245,1.187591818,-0.149680948,-0.967656428,-0.303260778,-0.968049796,-0.565552762,0.200925707,0.51160509,-1.590191323,-0.017368008,-0.586615736,-0.648414809,0.132684619,-0.550451873,1.382137995,1.188061876,1.181828294,-0.494910195,-0.962498835,0.082029929,-0.150348366,-0.608823162,-1.175734447,-0.041517969,-0.40406945,0.688347037,0.665106052,1.100799805,-1.259295552,0.401058308,-0.727465706,-1.220414211,-0.428602237,1.06870498,-0.372318354,1.56545466,0.548878516,-0.394090479,1.160048429,0.445396772,0
-0.985726046,0.504046516,0.151035731,0.289276911,1.301808877,2.077617684,1.477022404,-1.766528923,-0.460418141,0.33581712,-0.400285652,-0.043826817,-2.145136244,0.914213001,-1.875455239,-1.572489524,-1.014670784,-0.097533954,-1.622725355,-1.060392234,1.148945042,-0.112360353,0.433546979,-1.236242784,-0.053836025,-0.135866606,-0.795270471,-0.051077104,-1.892125293,0.438608744,-0.399492718,-0.257219392,0.851765802,0.432033477,-0.318339189,-1.116586029,1.328661405,-1.340122002,0.629366903,-1.597393944,0.917873303,1.010600853,-1.912610843,0.449335053,0.366503648,0.703049305,0.365240275,-0.962315693,-0.217232967,1.664646536,-1.107813476,0.322857958,1.151253874,-0.990752809,-1.416786647,-1.266102334,0.394971362,-1.274603773,-0.135360041,1.371271396,-0.051308124,-0.777812788,0.125409673,-0.068672854,0.452657639,1.619144554,0.396768859,2.033782512,0.455301903,-0.767331293,2.288302994,-0.124818017,-1.054892232,2.323728664,-0.733116886,-0.772389432,-0.551470508,0.164626413,0.930861397,-2.648791614,0.926500485,-0.554534602,-0.412894443,1.715191811,0.21330816,0.447701348,-0.048560115,0.763642584,1.618010573,-2.475065283,1.084617991,1.547033064,0.501063248,-0.677362423,-1.152272448,2.361845687,-0.904983687,1.517641571,0.390511324,2.045830806,-0.318260164,-1.607580924,0.002170847,-1.486447638,2.677060531,0.629498224,0.778130449,0.778770283,-0.693589681,-0.132030493,0.110364631,1.943888463,-1.157091799,-0.72858389,-0.362931106,-0.673646659,-1.458926455,-2.70470452,-1.826844466,1.099029933,-0.008218901,0.835538916,-0.582513596,-0.09833566,1.613157501,1.552722606,0.941972133,0.202417787,0.517969428,0.370638299,-0.166926794,-0.404369809,1.122367945,-1.295627549,1.487358277,-0.275442807,-1.314053505,-0.545504858,-0.874407887,-0.575674352,-0.593953519,-0.633694771,-0.307957068,-0.064773332,0.763859635,-0.244952632,0.326020807,0.007531312,0.54058077,0.04667534,0
0.590654831,1.108703581,0.301655004,0.611328378,1.608878142,0.469288185,0.278989091,-0.837795044,-1.687655672,-0.863888462,1.406600587,0.032811736,1.661249964,-0.717427598,0.785375241,0.167763978,1.295257805,-0.22331754,-0.127501679,1.21711817,-2.089626894,-0.143135137,-1.661075284,-0.02946118,-0.420397927,0.602249366,0.466219822,-0.285601873,-0.96173104,0.078329917,1.305044168,-0.980278011,-1.503253708,-1.843180654,-1.534642922,-0.007255054,-1.405406264,-0.374955527,0.461635964,-2.128562387,0.986822598,1.427448384,1.864586306,1.474056055,2.412702519,0.230053829,0.806003741,-0.251177658,0.662789037,0.137479596,-1.662995308,-1.504281985,1.808990787,0.155143475,1.420326949,-0.566777207,-0.892461764,-0.085817761,0.785182042,1.392084861,0.186225149,0.653654265,-0.14365017,1.455823327,1.47102882,-0.785248007,0.383075752,-0.995576433,0.816269593,-0.394359928,-0.797278404,-2.040009821,1.083000488,0.192809648,0.251074563,0.831809407,-0.761832101,-0.91820554,0.549308846,1.158115948,0.532113513,1.602772568,0.564393141,0.509853622,0.822224593,-0.231933127,-1.242484811,0.019010167,0.713848854,-0.859475374,-1.406064579,-0.725991272,1.335350293,0.49565034,-0.125982142,-0.967695318,0.275300662,0.185160189,0.456255697,2.504160601,0.493870317,-0.694074155,-1.385078606,-0.559532952,-0.456908268,0.828778605,-0.61815415,-0.991871477,0.538041739,-0.618909408,0.576558541,-0.846018199,-0.471934844,-0.581956603,0.411322131,-0.14392517,-1.221687146,-1.305342964,-0.31594675,-1.415439886,-0.414212043,0.256384258,-1.182472018,0.848418876,1.383591867,1.083482804,0.668813474,0.421833945,0.239880125,0.369933073,-0.604978035,-0.025087119,0.148604198,0.641050407,-1.590082533,0.211008503,1.061951663,-0.602512973,-0.109456619,-1.863485961,0.066380165,-1.488662389,-0.553356308,-0.048843979,-0.606818013,-0.164020558,0.373298471,-0.03838498,0.141247912,-1.869700034,2
-0.964923461,0.68605146,-0.440483483,0.186699724,1.071840258,2.397521718,0.146903673,0.333913681,-0.823788875,-0.501392046,-0.13604263,1.177718035,0.818957756,1.929353344,-1.490226176,-1.323734971,1.102082935,1.448860376,0.033128122,-4.465603864,-0.743529162,0.335493652,-0.899412987,0.185126157,1.898555449,1.42613282,0.808892245,-0.064449279,-0.494668058,0.757751315,0.025394653,0.059704439,-1.551215613,-0.714530382,0.751860467,-1.101066841,0.265707099,0.412503595,0.470887816,0.560264216,0.627726053,-0.623793092,-1.467654564,-0.873535412,0.729921197,-1.200846594,-1.04061068,-1.046144001,-1.845974455,-1.147004366,1.000396913,-0.716764653,-1.748938157,-0.511643855,0.510547216,-1.830772765,0.95331031,-1.440980815,-0.395483639,-0.40826511,-0.561440107,-0.064801698,0.778560354,-0.040801581,-0.60567366,0.457348685,0.207263729,-0.66950356,0.042301422,-0.752342503,-0.865738728,0.805801214,0.446958807,0.770379635,0.635128501,-0.887219259,1.00128193,-0.29760711,0.929217823,-0.12511661,0.313163088,0.343227929,0.813200385,-1.634546121,-1.576397713,0.671710865,0.356362465,-0.775643648,0.364308909,-1.40796021,3.264289511,1.311571387,0.622302677,0.075630371,-0.618728045,-1.310186239,-0.113822627,-0.859760636,-0.801441849,-1.41675664,0.249663052,-0.376993506,0.535071575,0.457098794,0.22946463,2.659440258,0.823705514,-1.260566011,0.458736448,-0.054018743,-1.341530571,-1.42163288,0.453202917,0.697547535,-1.046257199,0.970167053,0.284914397,1.195859157,1.089620398,-0.158436915,1.63559973,-1.12411609,2.390294505,-0.87878568,-0.048002732,-0.567188299,-0.376790988,2.923553663,-0.462720687,0.851108372,-0.235402911,0.93655043,-0.544159518,0.256132094,0.6286983,-0.721811453,2.757725924,0.680941043,-0.225970955,-0.697234517,0.091723024,-1.215998011,1.782295264,0.431253772,-0.087986067,1.045977854,-0.721514778,-1.155959586,-0.130133072,0.127543649,0
-0.016422896,1.188393273,-1.074631081,-0.164308745,-0.031788038,-0.635945274,-1.60660319,-0.411913695,-1.49508536,0.541695074,0.549192058,-1.274724273,0.08199649,-1.344034721,-0.361880713,-0.668819787,0.48021297,-1.619307651,0.983088814,1.227763827,-0.144216882,-1.345498197,-2.09342718,1.095267627,1.983907995,0.043554665,-1.162750596,-1.095153985,1.181616192,0.168943843,-0.969300215,2.299189991,1.04541244,0.549470036,-0.557971494,1.238982051,0.881887588,-0.106492798,1.088351404,1.045746177,0.273943264,-1.146875205,-1.021354299,-1.584782474,1.324611353,-1.460800102,0.034101911,-1.590911529,1.683650988,-1.162526539,0.322783116,-1.567953087,0.870800286,1.084765608,0.017584077,-0.065803619,0.81095926,-0.609604743,1.088861287,0.296528103,-1.573035904,1.846689582,0.18401167,-0.338198127,0.16536886,-0.718393748,-0.152885035,0.789333364,0.68769531,0.619694845,-0.601031342,-0.860799099,0.387892562,0.770779776,-0.732603173,-0.227790859,0.392484046,-0.09575115,1.15719971,-1.307950508,-1.452988518,1.095868347,0.617108879,0.090531679,-0.333895904,0.470668089,0.188857075,0.299454322,-0.067597293,0.535084359,0.918347937,0.903946443,0.457257695,-0.003688915,0.444514825,1.19504473,-0.154484613,-0.272465575,0.493575976,0.738312602,-0.100495058,0.450509446,-0.840320496,-0.010964674,1.552936543,0.607724558,-0.647034434,-0.513142542,-1.243500232,1.623493878,-0.99458345,-2.52902846,-1.406570667,0.053007822,-0.717015227,0.129354524,0.341511215,-0.623984483,-0.919708022,0.910873406,0.298406211,-2.676052129,-1.537208255,-1.792790024,-0.159482211,0.202817561,-0.171497175,-0.628412148,1.021936411,0.320488904,-0.912119426,-0.847160091,-0.762172955,-0.347426429,0.035184912,0.413385029,-0.823327426,-1.356364733,0.393492773,0.828905047,1.710155857,0.404747571,-0.729933533,0.61066196,-0.150833796,-1.345225,-0.048462766,0.282613781,1.433577451,0.071346608,2
0.244966571,-0.506943175,0.895235217,1.253534058,-0.440809531,-1.222733254,-0.610154639,-0.281630516,1.667211601,2.195012029,0.344662305,0.009390608,-0.34990783,0.82469035,2.188581392,1.785850891,1.137976613,1.123302531,0.832309886,-0.047290646,-0.736548223,-0.020814089,0.422339602,-1.453633899,-0.152950729,-0.825932355,1.013841161,-0.549708402,0.328220332,-0.700020293,1.597699326,-1.700756937,0.475840377,-1.277257668,-0.50933265,0.206186704,0.255357031,0.229266841,0.151749141,-0.641844262,-0.164053323,0.031634016,0.195360397,-0.065680473,0.729590421,0.09338697,0.201325968,-0.382652348,-1.052441927,0.154028931,1.207446044,0.443861231,-0.817493941,0.814740026,-0.335117068,0.71465398,-0.368795865,0.35330644,-0.518497337,-0.493052496,-1.566265367,0.512074819,0.370169635,0.426442716,0.275330561,-0.762250033,0.965899264,0.9927793,-0.788237465,0.532123991,0.874991185,-0.470098273,-0.296035689,0.534113408,-1.510329769,-1.088517222,-0.989775008,-1.796316365,1.084939774,-1.988131814,0.343110663,0.811683395,-0.293595954,-0.668367625,0.232842451,0.001833001,1.003504862,-2.62852114,-0.918707476,0.561576884,0.050447443,0.752034159,0.262019976,-0.134737063,-0.302288443,2.325055016,1.534946274,0.495505098,0.078463893,0.538132549,0.826834718,0.418826686,-0.751380123,1.784510768,0.246208228,2.01393003,0.187147487,-0.245653352,1.384140124,0.301186958,0.133422635,-1.200364206,0.660217805,-0.493310383,-0.447791209,-0.490548845,0.439033835,-1.535376274,-0.210845343,0.980278991,-1.245668869,0.172878961,-0.63139942,-0.403693119,1.65515226,-1.650489184,0.765630338,-0.477928269,-0.527663985,-1.111562342,0.753899637,-0.191404616,-0.317669414,0.109836929,-0.170287126,-2.00068788,-0.490824183,0.895440891,-1.506616464,-1.0899379,-0.426791395,-0.725623419,-0.027885482,-1.093076752,-0.387854524,-0.047994532,0.648940416,1.244789386,-0.261547154,1.888060241,1
-0.883857436,0.153725106,-1.066363075,-0.06695889,0.277524684,-0.259677964,0.387857543,0.820576812,1.002809752,1.685870152,-0.329441105,-1.364033165,0.358234594,1.883811031,-0.47697586,0.686846977,0.695745792,0.191442047,0.006924721,-0.923429206,-2.281662072,-1.111850707,-0.390304149,1.097422687,-0.103128062,-0.519025719,-0.890985442,0.656805829,1.358357166,1.063435722,0.6061497,-1.475612746,-0.351674243,1.947304229,1.121950492,-1.537503218,-0.055590523,0.363098433,-0.762158463,-2.309204021,0.098824045,-0.787758258,-0.783841739,-0.35468036,-0.133675915,-0.009082794,-0.883989899,-0.22020953,-1.75742337,0.311039065,-2.856275413,-0.28949008,0.919186154,-1.059340687,0.716430204,1.155732712,-3.307899952,-0.151362904,-2.875773428,-0.118208446,-0.007171211,-2.482543986,1.924838362,0.286015808,-0.849023432,1.465379427,-1.795613221,-1.229171034,-2.299455524,1.801045197,0.332346371,0.65940179,0.301001234,0.573767761,0.078077714,0.270921343,0.107603436,-0.608591806,-0.046624765,0.273594573,0.11054912,-1.477772108,-1.344986669,1.082841434,-0.306994046,0.584725347,-1.09211991,-1.473145877,-0.843596613,-0.222565071,-0.665140299,1.293933523,0.179523302,1.848938619,0.404408154,-2.412550818,1.056041606,-1.509551622,0.230533667,-0.774684058,2.142711034,1.439597927,-0.741820642,-0.127357668,0.24459807,0.863414072,0.029151912,-1.024894899,-0.717558639,-0.004481796,1.234456979,0.427837861,-0.773414927,0.648372778,-0.386984839,0.890408005,2.527010418,-0.358826371,0.80160516,-0.745393332,-0.112263767,0.029562287,-0.19368366,2.463013689,-0.306593075,0.586851539,-1.930086869,0.431996563,1.142054592,-0.527597343,-2.510222141,-0.038651769,0.01718385,0.724075051,2.010903035,-0.380053651,-0.856288124,-1.166917801,0.198078617,0.479354259,-0.545655394,0.778682746,0.465384077,0.04323169,-0.902414721,-0.481864315,-2.429755298,0.235787064,0.026341289,0.188478991,0
0.181866255,0.248220586,0.423678989,1.411064664,0.837417509,0.408257706,0.028662942,-0.456533202,0.503268253,0.323489531,-0.374282034,-0.867091682,-0.053098145,1.156006963,0.11020738,0.028397509,0.423166987,0.481320569,0.248907262,-0.042080331,-0.508182043,1.004856724,-0.426961662,1.572328588,0.154358606,0.052691225,0.75997842,-0.653186153,0.573867241,0.115258255,0.410881342,-0.683594504,-0.692970413,-1.832517587,-0.457253442,-0.509706384,-0.667370335,-0.115461714,0.064265372,0.499741269,0.565789286,0.65047851,0.692299545,0.275312996,0.055226883,0.929103609,0.69328585,-1.481965843,-0.172788005,-1.803400452,-1.822958986,-0.508875195,-0.127992919,-0.424177552,-1.776089881,0.775095878,-0.706942716,0.489376197,-0.679437734,-0.497632355,0.433684139,-0.349147164,0.17050758,0.277322377,-1.427129908,0.477788731,-0.937614286,-1.111063078,-0.726602154,0.814487994,-1.600369694,0.650997841,0.339552965,0.074333743,0.246676498,-0.290103438,0.682287349,-0.426560697,-1.624859541,-0.077221807,0.801356634,0.492038666,1.81440192,-0.25318781,-0.16075184,-0.233309296,-0.776310927,-0.47314628,-1.038885181,-2.293878573,-0.580222799,0.023488459,0.630720845,-0.575655658,-0.564055891,1.030619669,-1.331173423,-0.163273215,0.957254681,-0.708412852,-1.533535619,1.706849581,0.799295319,0.830368704,-0.0893095,0.640627093,-2.490388895,-0.437293997,0.94756976,-1.395904584,-0.333453176,0.319661931,-0.784276782,0.007375192,0.385684921,0.301972494,-0.400743088,-0.829052839,0.396150866,0.339152299,0.290027013,0.114495539,0.340145415,0.876966102,0.309952471,0.097728172,-0.526860711,1.3858781,-1.123034723,-0.202789838,-0.509073585,-1.827103029,0.353812871,-0.20326177,0.031876101,-0.178826174,0.753276658,0.881465462,-1.101265699,1.765338213,-0.240175055,0.587580477,0.180314442,0.105713566,0.556835536,1.318317391,0.777056898,-0.243346087,-0.084248885,-0.563493358,0
-1.183258513,-2.039232178,3.602415024,-0.174484169,0.738445166,1.387498332,-0.195999343,-0.114941886,-0.502830894,-0.885465626,0.271859148,-0.13526668,-0.509374198,-0.450963948,0.576233454,-0.797563529,-0.246964768,0.898667392,0.24722547,-1.049559266,-0.023871069,0.437021621,0.989272191,-0.755378667,-0.558529723,-0.695159989,-0.645520199,0.405004716,0.59448913,1.050903493,-0.091174909,-1.405322955,0.669470164,0.159143678,0.059969479,-1.283403488,-0.195835864,-1.193654786,0.481964988,-0.429894029,-0.519534396,-1.537155483,1.02709587,-0.258564631,0.08698077,-0.735490091,-1.65057506,-0.531625588,-0.371541338,0.292760021,-0.355032411,-0.71834886,-1.503339397,0.048453495,-0.796560194,1.320806534,0.150146661,0.56210284,-0.248788666,0.20128029,-0.890715316,-1.178218826,0.015131077,0.570391655,-1.94581177,-0.499103491,1.842122108,0.479227552,1.537646034,-0.634044952,-0.457905765,0.96673332,0.623520355,-0.094384576,-1.262515809,1.156851962,2.510228148,-1.571866188,1.40361915,-0.468301143,-0.333468651,0.269639488,-1.205523279,-0.037138445,-1.611253628,0.47608249,2.233722038,-0.639531489,-0.168743338,-0.119478176,0.986468594,0.405572369,0.92034601,-0.506235335,0.433569005,-3.367805733,0.667462572,-1.217792709,-0.327593881,0.745251109,-1.536089833,1.089432798,-0.124304811,1.453115486,-0.902844159,-1.812787724,-0.028946715,0.587076068,0.670936939,-1.135488136,-1.62463307,-0.312323974,0.51644399,0.465786782,1.572126336,-0.373455201,-1.844896438,1.196666438,0.195195314,0.282187911,0.767090392,1.26364359,-0.023019984,1.176551633,0.552136264,-0.655582391,-0.233238472,0.616744023,-0.708824764,0.886459102,0.158183501,0.381618239,1.440505324,0.356566878,0.071411854,-0.082588463,-0.13465696,0.312299364,1.363322984,-0.61177626,-0.687457139,1.285039895,-0.56614694,0.216094866,-0.591797465,-1.679484458,0.198225193,1.115167894,-0.062054852,-1.481658563,1
1.402794311,-1.401851063,-1.704621958,-0.083133526,0.823423185,0.945633428,0.504365066,-0.541299095,-1.976821569,-0.495215098,-0.304344871,-0.312928967,0.618556357,1.985676411,0.123529202,-0.216731789,-0.259221813,0.124384767,-0.82829376,0.120198559,0.450812336,0.209686064,0.457541934,0.433747609,-1.771896682,0.636870158,-0.671014846,-1.095839163,-1.104451828,0.43354161,-0.222574927,-1.681968784,0.478037815,-1.439608131,0.139821359,0.238498926,0.885577082,1.781684786,-1.364676326,-0.052473856,-0.276335295,0.433749686,0.215668771,-0.352546243,-0.440902189,-1.116450855,0.987861582,0.459204182,0.917768198,-0.310396136,-0.656835469,-1.078315067,0.358917584,-1.039793225,1.848663069,-1.307642581,0.273660119,1.566854707,0.599089759,0.175673712,-0.968483647,-1.381769189,0.770050109,1.506147241,-0.43884999,-1.139061508,-2.458169431,-0.980764844,-0.113656842,1.599123241,0.673133692,0.305085405,-0.400119661,-0.583165717,1.405647598,0.200738541,-2.102600692,-0.673539648,-0.858216032,-0.546264009,0.56291066,-0.107444882,-0.076865407,1.313473161,-0.69646109,1.864199526,-0.671307591,0.089198197,-0.281203595,0.123419134,0.444591995,0.43383524,-0.753117331,-1.122914677,2.503171791,-0.48398434,0.699212439,-1.607641311,-0.27961272,-0.127199384,0.47281507,-2.722454141,0.166140613,-1.149741455,0.324345711,-1.036329197,-0.855482696,-0.27362761,-1.05232947,-0.475534447,-1.193375769,-1.833170452,1.017957052,-1.296048693,-0.178680888,0.752891081,-0.614944103,-0.8251659,0.226238089,1.117933823,-1.169315265,-0.150147832,-1.732494595,-0.393201004,0.034204685,-0.854624642,-0.456991834,-1.408226768,0.077078611,1.055694249,-1.09714387,-0.622671767,0.502546246,1.212090719,-1.493189812,-0.168784737,0.283130822,-0.102056391,-2.476792067,0.501090009,1.519336351,0.116661751,-1.031106053,-0.513127246,1.769913068,0.909962541,0.640026618,0.356412584,-0.661137112,-0.200571181,1
-0.392108153,-1.463514948,-0.041248129,2.159121155,0.091314729,-0.380455904,-0.630458454,1.637082408,-0.780143881,0.73526931,-0.559163835,-0.460306763,1.030249694,-0.380036846,-0.404795379,1.132804697,1.597397293,0.644689803,-0.654769776,-0.510608499,0.079915264,0.320930062,-0.98786591,0.72303794,0.08551333,-1.715708319,-0.928926482,-0.504128674,-0.072857689,1.889278796,0.238171306,-0.84077189,0.220630804,-0.352087747,0.32475824,0.580567687,1.209230647,-0.024286496,1.638960528,0.908022663,-0.707439545,2.209855666,0.326994513,-0.835124504,1.652913051,2.077777585,-0.033025264,-0.50365026,-0.172374957,0.714731728,1.277856655,0.570487331,0.101723208,1.49801177,-0.312836473,1.030919338,-0.288062798,0.431022958,-0.113562565,-0.055852183,-0.377386517,1.344854031,-0.732926038,-0.740232253,2.120993566,0.977847565,-2.385113699,-0.565258739,-1.811989338,-0.950690693,-3.138514666,-0.136989578,-1.141941819,0.059905257,-1.625121259,0.082911853,-0.414916278,1.501952965,1.411356862,0.785345603,-0.326613781,1.985380395,-1.553035278,-1.40355863,-0.0837831,2.254038109,-0.202338907,-0.183245243,-1.441910356,0.945929585,0.953176254,0.789075201,-0.629220673,-0.706706768,-1.29312225,0.083872502,-1.080407329,-1.177416505,-0.423690717,-0.489156175,-0.537978529,0.466444597,0.079047802,-0.288156031,0.183012928,-0.991527041,0.105278624,0.150602493,-1.503046859,0.995693754,-0.881433705,0.090309799,1.164411741,0.925676758,0.034333389,-0.362499003,0.947511909,0.674694978,-0.61836502,-0.794893647,-2.072355182,0.154031842,-0.082697745,1.136191375,0.359055093,1.334229194,-0.697364228,1.138150331,-0.528916379,0.777596062,-1.458758393,0.235135299,-1.984687941,-0.267137486,0.440353994,-0.520968551,-1.050437629,0.846118469,-0.10346279,-0.489570647,0.041895921,2.636669142,1.15350285,1.162573668,0.435546319,0.166485273,-2.396082288,-0.678980346,-0.480574413,-1.874892064,1
0.812525822,1.356240029,0.57934676,1.412026879,-0.628143739,0.098933787,0.338357442,-0.992578007,0.020417167,-1.465673857,-1.769050304,0.366746408,-0.383874741,0.202280408,-0.017894977,-0.976400049,-0.045254302,-1.233101305,1.390972358,-1.355970345,-0.195785271,-1.042271588,0.570421173,-0.331431371,-0.51866672,0.853201545,0.029430592,0.516644446,-0.981325937,-1.404816944,0.107207962,-0.318846355,0.626434672,-0.079908453,0.205075339,-1.62338253,1.88843694,-0.164241985,0.69758697,-0.83609167,0.308009902,-1.302844764,0.452067838,-0.355974084,0.029190504,0.69797403,-1.232540311,-0.684491731,0.457324281,2.098221475,-0.138082335,0.591136118,-0.10697147,1.942245595,-1.747221667,0.094621045,-1.625544034,-2.506571571,0.297462053,0.139497796,-0.284836938,-0.10619409,3.098299434,-0.258175138,0.510124361,-0.64936482,0.295232575,-0.238233675,-0.410518483,1.818898532,1.177184963,0.136746647,-2.304211936,-0.361009223,2.703027564,-0.230661667,1.103217572,1.441942402,0.218963916,-0.841821632,-2.435312332,0.684163209,-0.814756003,0.176150452,-1.24982034,-0.26523754,0.033719055,0.268593581,-1.114822187,1.196910949,-0.596894785,-1.67446946,-0.10902342,0.034375309,0.160589433,1.362132404,-0.236448837,-0.119619624,-1.103184381,0.820553503,0.184309064,-0.420027727,-1.904674693,1.444412195,-1.227679964,-0.591278009,0.358344511,-1.196557929,-1.493509778,-2.123947583,0.720996953,-0.545186245,2.927270092,-0.994355066,-0.921451023,-0.56539297,0.243134655,-0.470203339,0.612332214,-0.97858839,-1.381591718,-1.798214739,-2.223574168,-0.518069019,-0.300980312,-0.631437027,1.243405797,1.22803021,-0.334802987,-1.793921113,-0.566705108,-0.599821394,-0.657134962,-0.697718904,-0.653462896,-0.386541616,-0.635541099,0.208322509,0.360368716,-0.910645087,1.271065326,-0.980062302,-1.617800614,0.380778071,-0.817408134,0.321291471,-2.403668601,1.392455941,0.672293408,-1.500476549,2
-0.651836108,0.047398671,0.405676752,1.109488562,0.891219681,0.621434791,0.274581849,-0.581327212,-1.032798812,-1.191006072,0.393966288,0.49828007,1.094304483,0.561731852,1.050871449,-0.130546631,0.770842463,-1.001470512,-0.060185852,-1.831485604,0.031584656,1.224786484,0.07021065,0.721824992,0.273185214,-0.570425813,-0.18664781,1.179684494,0.716674056,-0.6175958,-1.387471546,0.206846584,-0.581879824,-0.17743501,-1.454422583,1.040752858,-0.096977807,0.054659971,-0.832930215,-0.277384706,0.122459776,-0.613257226,-0.21586175,1.386291425,-1.75004197,0.184561701,-0.785466067,1.33648999,-0.180727301,-1.047154574,-0.215610038,0.349634258,2.775622458,-2.109810031,-1.199116135,1.30521888,-1.508959643,0.009631923,-0.483364879,-0.640424047,-0.172192616,-0.332682721,1.057061614,1.328294707,0.426303964,-0.236072538,0.258469871,0.805025567,1.001698306,0.370046847,1.527661552,-0.616512054,1.139956296,0.704359863,-0.610000377,0.232685883,0.301429578,-0.14203244,-0.1529355,-1.524827632,-0.689267213,-0.238372132,-0.57256839,-0.855664068,1.061091353,-0.103925087,2.166741721,0.222747499,1.040155193,-0.208122045,-0.661674766,0.262849205,1.295516071,-0.089072435,0.446778184,0.257560431,-0.098000922,-0.046824465,-0.998474629,-0.011088534,0.653293963,0.295712118,0.184180528,0.725011446,0.19493491,0.013915939,0.735160407,0.136599618,-0.236595294,0.468270255,-0.035218406,-0.281513457,0.155422225,0.167090846,-1.103624724,0.333230467,1.846512849,-0.979611192,-0.502575724,2.780026223,-0.822132688,1.286390077,-0.228706156,0.060139992,-0.131167807,0.425700621,-1.579753176,0.186260457,-0.403361849,-1.863073895,1.120889028,-2.107502767,2.14844623,0.616953185,-1.360995789,1.338093648,-0.750379468,-0.704823883,-1.800970313,-0.8639629,-0.746168772,0.818146086,1.167193866,-1.240788779,0.270539969,-1.840254653,0.274344775,2.162080181,-1.779812429,-1.014666542,0
2.573359803,0.059218434,0.468146164,1.53941796,1.431787525,0.568973444,-0.757050409,0.776778296,1.324940112,-0.51514038,0.357610776,-0.205269924,-0.613987194,-0.315169955,0.128530579,-0.918236034,-1.082110065,-0.889606049,0.327900749,-1.465812913,-2.216979534,1.372503824,-1.013221439,-0.194009122,0.922288957,-1.43825943,-1.439441756,-0.632583133,0.961304674,-0.021646507,-0.008076122,-0.295423052,0.56213476,1.431846498,2.984024506,-0.148085632,1.525947865,0.999264806,0.266994355,-2.209993547,-0.377887164,-0.338263259,0.358800826,-0.197466776,-0.563198925,2.030009945,1.308177188,-2.022823548,-0.281087382,0.630922853,1.330906715,-0.419976758,-0.21537043,0.09478447,0.66184747,-1.535536887,-2.015377846,1.254550321,-0.990074759,2.122659552,-0.863572603,-0.18495775,0.368599774,-2.131956852,2.864391266,-0.394996844,-0.83851185,-1.166367499,0.36175348,0.290854365,-1.132629786,-1.371941626,1.055256273,-0.655707423,-1.721016271,-0.147921761,-0.401726252,1.950029923,-0.522184782,-0.308226026,0.219456185,-0.570868509,0.440956838,-1.016871976,-0.239312772,0.406813915,1.137637405,-0.586187162,-0.598126745,1.541231583,-0.551820291,-0.056741488,1.712752767,0.067457371,-0.247755408,-0.173160033,-0.740452002,0.45078331,-0.924022532,0.778508845,0.015215512,0.235473719,1.729701421,-1.449079052,0.024421992,0.638081711,-0.616233657,0.951116273,-0.544686207,0.291623065,-0.123494375,0.1617851,0.07394873,-0.031965691,-0.473467066,-0.664704789,0.315985833,0.052706134,-0.692097909,0.343384163,-0.46255334,1.555439996,2.489180312,1.389046847,1.333324535,0.81416738,-0.209831552,-1.899060383,-1.02500591,-0.676739474,1.20773712,0.256131943,-0.659523453,-1.845186341,2.318146928,0.533313556,0.908509833,-0.535660573,-0.138612271,-0.343865455,0.064336739,1.845787162,-1.204281117,-0.041264155,0.360874531,-0.116817273,0.995324848,-1.735644423,1.883769043,-1.370519206,2
-1.594427659,-0.599375023,-0.943211089,0.66667478,-0.83281938,-1.776918825,-0.031761323,1.455240302,-2.794850438,-0.288330273,0.675214865,-1.823496433,-0.213332916,-1.139457245,-1.007178114,-0.402418208,-1.12314789,-1.206300703,-0.059231752,2.227139061,0.757743317,1.010532767,0.797262438,-0.697513613,0.310832229,1.097694261,0.828337468,0.194551007,0.520046494,2.462873965,0.839443217,-0.315159357,-0.074037006,-1.054151397,2.347035948,1.603869725,0.083213036,2.180820119,0.632400045,-0.430846418,0.906452541,0.398643472,0.837856778,-1.36909186,-0.810314157,1.48847083,1.693137492,1.415112727,2.218646904,0.577368298,0.507083363,-0.913206901,-0.580531441,-1.988260922,-0.321486012,-2.058526089,1.080966171,0.388398869,-2.026169246,-0.189863692,1.967655622,-0.125666151,-0.998370944,-1.785502269,-1.755646612,0.535579968,-0.433872622,-0.350994142,-0.429746663,-0.140239949,-1.227162999,0.316104994,-1.422706244,-0.755842458,1.010827698,0.376205,0.685681846,2.150388393,-0.05965401,0.02146026,-0.264320956,-0.443414147,-1.010590827,0.084064811,0.355048607,0.410770339,0.064363827,0.926170805,0.029436691,-0.409301888,-0.926988182,-1.548975212,1.460415178,-0.699054625,-0.925667143,-0.417538228,-0.278388787,1.638512436,-0.328147103,2.633383565,0.063697205,2.057028249,0.893929281,0.36103742,1.577848133,1.122229794,0.634679084,2.31759401,-0.498392712,-0.994913676,-0.676230742,1.75227319,1.450760021,-0.525261899,-2.354651288,-0.205845036,-1.013264309,-0.493935971,-1.054409048,-1.609538077,1.883204368,-0.683668204,1.412667803,-0.22137091,-1.130804205,0.50906839,-0.391056857,-0.207101106,0.144905934,-0.812212836,-1.621136354,-0.051269615,0.963917703,-0.901591259,0.153962266,1.505507149,-0.089764887,0.086094372,0.055212354,-0.682344426,-0.993354518,-0.989262369,0.368183197,0.757872362,0.805082238,-0.378542854,1.093308541,0.30736382,0.070742222,-3.339356663,0
-0.555199527,1.881157069,-0.107632725,-0.191115782,-0.867843441,0.562038803,-0.779127097,-0.824678863,-1.865598153,-2.454957686,0.236301311,-1.32082961,-0.152707499,1.92754339,0.465316852,0.028163897,0.424254255,2.157491146,-1.886220226,-0.135939698,1.474577495,0.308064626,1.204570447,-0.625617933,-1.250492185,1.911285662,0.075151686,0.825994883,0.88842853,1.279520292,0.294444541,0.337925784,0.497411034,-0.641589707,1.050435785,-0.571470487,1.106425422,0.794976803,-2.20648641,0.806692068,0.233627578,1.333873494,1.732716679,0.110792105,0.357019939,-1.283269074,-0.168429123,1.65583463,0.00038239,0.927486142,-0.021760735,-0.116803575,0.574587271,-2.912234094,0.371681528,-2.249456304,-0.082625363,-0.835341456,-1.155198663,1.478012013,1.119602088,-0.356143467,2.37815447,0.993776679,-0.158119442,-1.887593736,-0.098687414,-0.631514103,-0.462482416,0.413511957,-0.628235988,1.320946329,-0.530062438,-1.022203652,0.649572487,-0.02785375,0.855309353,0.171271777,-1.389226242,0.303990083,-0.907950456,0.146278253,-0.598008036,-0.205475945,0.043147456,0.733871746,-0.551363594,-2.789567798,-0.956609091,0.133693348,1.181829326,0.29970296,0.995705252,0.157643193,0.218043788,-0.24205266,1.049415299,1.646055754,-0.96460558,0.224722119,-1.191929309,1.671464824,0.170950732,-0.019912321,-1.138625096,-0.225415399,-0.075603913,-1.074052673,0.150949816,-0.85869106,0.434675593,-0.986098403,0.157096802,-0.193688798,0.301382562,0.165660005,0.09476615,-0.739631365,0.554021661,0.287359362,0.637151666,-0.025335616,-0.179508853,-1.014939612,-0.660742106,-0.473256047,0.961428799,-1.244513456,-1.339405445,-0.070650382,-0.766356177,-0.382471243,-0.43963224,-0.630905341,-0.763035317,-0.931730638,-0.369482629,-1.462357231,0.605658626,-0.884369366,0.453187785,-0.659360711,1.037378383,0.040258186,-1.076606893,2.498048611,-0.417767533,-0.556548896,-0.488326357,0.397947277,2
1.030999522,0.931280119,0.711410579,3.112910201,0.808036189,-0.848065598,-0.423759682,-0.453414108,-1.795643173,-0.330090192,0.732829082,-1.274232119,1.048482651,0.487774821,-0.734233322,-0.141529637,1.598321808,0.733547814,0.008783655,-0.237683317,0.07660907,-0.511763558,-2.104749506,2.042177911,0.155324999,0.398147265,-0.05790775,-0.735116801,-0.185924481,-1.599394762,2.277086498,-1.234511998,-1.031966284,-0.440259204,1.288075725,0.014508999,-1.236135796,1.254338361,0.731000627,0.538434957,0.715734241,2.394361901,2.185094895,-0.686715343,1.623884993,0.38316819,0.499095816,-1.692270832,-0.170385765,-0.81282359,0.828058815,1.0710805,-2.074486351,-0.022034864,1.121861505,-0.186678962,0.729063645,0.351165468,0.341660232,-0.271314978,-1.216580804,-1.121530147,0.709352514,0.019458256,-0.138512245,-0.423890042,-0.305188845,1.046911794,-0.335244082,-1.341064713,0.743651776,-0.204876664,0.031395866,1.607578306,-0.020560557,0.289183673,-1.178923491,-0.219669452,0.609526045,-1.555373734,0.200845093,0.100791073,0.041287456,1.037158899,0.334438515,1.478071898,-0.993589516,0.135924567,0.084466786,-1.069254494,0.956295002,2.324673306,-0.017006074,0.505021088,0.084518476,-0.71358467,-1.820760278,-0.705773483,-1.391958381,1.704102078,-0.115109694,-0.345919329,0.889153825,-1.121751103,-0.766864038,0.068072269,1.028768991,0.501685045,0.248325143,0.078117735,0.400235856,0.201652905,-1.029972275,0.046079222,-1.073688659,0.081082543,-0.480647941,2.539381623,-0.039894384,-1.404239566,-0.134180211,0.519358746,1.673363946,-0.5894524,-1.582427974,0.816837011,-1.380598706,-0.436155442,-0.257620486,-0.069633453,0.689164457,-0.683634282,-0.273729252,-0.014270353,0.149597958,0.097827175,0.436005775,0.84383951,0.392634116,0.453585524,-1.582223167,0.050227699,0.479507548,0.728941195,-0.692350774,-0.659039275,-0.574100675,0.5364139,1.033881055,-0.407460107,2
-0.186871644,-0.439731058,-0.652796782,-1.343019269,0.931582413,0.662831927,0.878662768,-0.474793902,-1.758771681,-0.83485424,-1.347255532,-1.35778164,1.136941368,-0.2468753,0.289345404,1.103174473,-1.019532916,0.614244698,-1.452540123,0.252490721,1.067632024,-1.139318946,0.828554022,0.224851483,-0.454332061,-1.200474547,0.24180566,0.493840155,-0.317433073,-0.981000963,0.762463855,1.184547103,0.953648779,1.589066288,-0.651553128,-1.415199556,0.410607467,-0.402958735,0.987647808,-1.036978219,-0.963841877,0.068064218,0.174993515,0.67480746,-0.098363055,-1.917148754,3.451858475,0.033523674,2.888528139,-0.125945255,-1.052845365,-0.317329782,1.100507937,0.619259418,0.307611122,-0.061320995,0.129341927,-0.148963148,1.196832614,0.91595449,-0.942382129,-1.47741366,-1.226086609,-0.356275231,0.22114883,-0.054875818,0.630170765,-0.014531721,1.595707998,0.508795631,0.017958536,-1.510805346,0.350291045,0.4991422,-0.713643674,-1.156231121,1.094730023,-0.968562392,0.165568083,0.029924252,0.446574197,-0.961239375,-0.120533104,-0.967433937,0.074123562,0.504071133,0.895414862,1.494806793,-0.263577945,-0.281249144,1.272635862,0.57510234,1.237111835,1.952518094,-0.843613108,0.809297189,-0.599207967,1.563470532,-1.187771759,0.917652315,-0.553613689,0.554423795,1.26811486,-0.644001157,-1.468355411,-0.258985112,-0.387414622,-1.284461566,-2.009494888,1.216661764,1.49161636,-0.601894995,-0.292611811,0.807774194,0.823497318,1.779121357,0.621618646,-1.025359364,0.791076955,-0.697810206,-0.065607668,1.112533815,-0.905398979,-0.073205343,-1.225775498,-0.988676151,-0.546863376,1.630215898,0.033370453,2.644083076,0.954899485,0.982077481,-1.093917052,-0.15349258,-1.14300154,-0.309821648,-0.457014438,-0.041906109,0.825528834,-0.261925634,0.843533827,-1.465908923,0.448264005,-0.435716974,0.253484681,0.862927639,-1.441521523,1.469090273,-0.193648672,1.861927663,1
1.964725133,0.035263552,-0.381125899,0.688017721,-1.30817411,-1.149295605,-0.298435296,-1.365603703,-1.900470279,-1.49347716,-0.242714588,0.630530816,0.651366534,1.587915433,0.101665118,0.236200512,-0.250407037,-0.201826466,2.080545332,0.261351437,0.348274269,-1.145114303,0.410422275,0.658331979,1.110310128,0.630084525,-0.126738228,-0.169423313,-0.072080679,0.107187044,1.267650441,1.072639549,0.752910954,2.02920998,-2.656238375,-0.460058574,-0.011272619,-0.672229474,-0.929750725,-1.71715964,-0.311328612,0.894027054,0.773936342,-0.752129886,0.220245079,1.357599815,-1.520067045,-0.15883598,0.286496291,0.01001534,0.850633394,-1.49782603,-1.005818661,0.682041343,-1.702224061,0.811767841,0.449818156,0.74191974,-0.469289653,0.509838437,-1.17228757,-0.414504942,0.03633894,-0.898749425,0.218106868,-1.144207229,0.26865081,1.741850304,-1.256665639,-0.022560116,-1.617961058,-0.832954018,0.701949172,-0.430628602,0.742410139,0.355883359,-0.064518271,-1.029412595,0.685488218,0.304133728,-1.528040408,-0.964525593,-2.769028882,-1.365626806,-0.313376261,-1.05585564,-0.831666596,1.390570158,1.028813324,-0.694668188,0.793537634,1.214872853,0.618548492,0.298927483,1.098323078,0.76951798,-1.213094264,-0.188932254,-0.552069081,1.152473484,-0.580422051,-0.752184971,1.026682074,0.259671016,2.111782351,-0.862241523,-0.518835929,1.121967737,-1.279100371,1.319692358,-1.207455382,0.610223563,-1.843051026,0.04512984,-1.369530489,1.926275237,-1.071630513,-0.828857009,0.535425956,-0.600957629,0.699953357,-0.710890179,-0.787950957,-0.027558706,-1.216930507,0.396366365,0.87729852,0.55299664,0.643280871,-1.92485522,-0.461647746,-0.227065166,1.454452672,-0.581307388,-2.301734493,-1.003969507,-0.661193217,-2.156482134,0.968702521,-1.569580032,0.446021548,-1.092396726,1.506984367,-0.276153698,-0.479111655,0.528254447,-1.007300485,0.575546474,-0.481668625,-0.594601847,2
-1.669405281,0.543360192,0.850335553,-0.426958836,-0.124784582,-1.286694402,0.559476837,-0.267175694,1.578870507,0.704810017,0.084499774,1.225176021,0.405108849,1.008260121,-0.8623715,0.461188858,0.502721861,-1.544741065,1.506625464,-1.160332258,-1.298962365,-2.848685531,0.47385594,-1.643065427,-0.516919486,0.837868387,0.19205291,-0.623697261,-1.590679511,-0.107612885,0.855275264,0.700836447,1.786780836,-0.653458573,-1.317033694,0.309950979,0.211421229,-0.004859613,-0.74639801,-2.6533791,-1.006613262,0.557068466,0.283963598,0.965264001,0.345181909,0.736017243,0.764732021,0.02047517,0.027498754,-2.908862432,-0.656584083,-0.613402726,-0.108803728,-0.930338835,0.937564014,-0.881509965,1.102432642,-0.961155035,-0.603779796,-0.679812353,-0.496234009,1.178637946,-0.327084628,-0.301655796,-0.741796628,-0.259793474,0.216448509,-0.215160873,-0.150291679,1.016030394,0.273649453,-1.150884821,-0.085265241,-0.538350181,0.521025958,0.102939807,1.13031081,-0.740041283,-0.192420162,-1.064114154,-0.041802933,-1.536581017,0.321484566,-0.055459585,0.155184738,0.788134644,0.224802489,-1.276777536,-0.555872776,-0.080181571,-0.32809947,-0.205958039,1.621452508,0.100355446,0.382259617,-2.008801496,0.746004652,2.85196188,1.345654136,-0.440190184,2.281057424,0.027496367,0.306546277,-0.267436216,-0.293318868,-2.248095193,0.787494032,-0.296998207,-0.188060688,0.273337644,-0.414578234,0.263826777,1.203060509,0.404813354,-0.153497137,-0.123495104,0.200593579,-0.832150298,0.207859701,0.684570892,0.087516096,-0.424132898,-0.28710352,0.65216884,-1.100176205,-0.816457144,-1.606901014,0.033998699,0.861887676,1.331481826,1.548665843,-0.690474142,0.250030966,-0.402312341,1.647643952,1.3034463,0.168071439,-0.619355746,-3.448042914,-1.433599818,-1.852292759,-1.44623257,1.878847618,-1.295041413,-1.060942995,-0.920524132,2.598544729,-0.062452228,0.994204266,0.175395412,0
0.493317901,0.184836124,-0.664883328,0.036386361,1.217038208,1.118059898,-0.581774182,0.271343127,-0.935716425,-1.449961621,1.358223579,-2.133204123,0.190992309,-0.370294351,0.548760128,-0.684997012,1.141616684,-0.222223454,1.451443396,0.21885612,-1.049817574,0.542564528,0.417592127,-0.107010621,-0.748358652,0.860636636,-0.965221585,-0.860016527,0.527472696,-0.210819157,-1.964767979,-0.961888024,0.40584756,-0.26975035,-0.101098228,0.262044315,0.456300571,0.116110715,-3.32799536,-0.055222872,-0.516340381,0.030631408,1.067693004,-1.072461706,0.070263873,0.477043566,-0.309529619,-1.309074725,-1.203896228,-0.034548928,-0.620357437,-1.927820181,-0.798122268,-1.30057139,0.748396276,-1.484272535,1.420399625,2.159716968,-0.740586648,-0.613772795,0.943761754,1.084008596,-0.492421386,-0.439745882,-0.431596379,-0.851690369,0.911498616,0.155424489,-0.725341365,0.064614561,-0.378323089,2.503490731,-0.248801254,0.740195916,0.434703067,-0.150646911,0.440261373,0.210490264,2.486772339,-0.097091397,-2.606799972,2.189040793,-0.50964124,0.086466059,-0.54377677,-0.598916189,-1.118661873,-2.002486366,-0.717490407,0.514248354,-1.646417262,0.505343509,2.319747342,0.286795706,-1.389475161,0.402513139,0.957611427,1.304229824,0.187699212,0.604439155,0.850209129,0.602267423,0.318349575,-0.638851119,0.954421484,-0.535824174,2.602480595,-0.639822493,0.80258151,-1.277511242,-0.47673387,-0.589219094,-1.367265319,-0.574409002,0.360375824,-0.247405467,1.19296737,-0.931413247,0.697323559,-0.59257489,1.12917717,0.78336874,1.01300374,-0.161367749,1.329356945,-1.659967057,0.446286189,0.138224563,0.833987168,-0.075736966,-0.984049884,-1.091846678,-0.011809569,-0.260116422,0.856924722,0.95384227,0.047827078,0.02566753,1.064612374,-0.244939998,-0.204151443,-1.322741023,0.878566682,-0.089813347,1.136854302,-1.207013209,-0.491413818,0.946075106,0.326190158,-1.183129753,1
0.235614558,0.770865194,-1.906227092,-0.297792538,0.476148662,-1.876936976,-0.752680332,1.995996323,0.170440488,-0.574452402,0.210470162,-0.57635866,1.712521585,-0.991027013,-0.52279217,-1.492221729,-0.295445175,-0.174565787,1.195640664,-1.01673117,0.483628508,0.086727129,-1.892504872,-0.7253007,-0.765061898,1.68303941,0.545726876,0.144670374,-4.295390984,-1.908269405,0.727788032,0.782042793,-0.742248204,0.027678211,-0.043236516,0.169445922,-0.372004533,0.815368414,1.106109709,-0.95961638,-1.194372632,-0.796114231,0.048718019,0.355631241,0.788450005,0.971421886,0.362448609,0.229591826,1.648895507,0.005000039,0.59004683,0.320254647,-0.17318641,-0.166587766,1.321956767,-0.090230306,-0.352669157,-0.737055732,0.422535425,-0.512138032,0.331794489,0.17772374,-0.427388019,-1.395584228,-1.029224311,-0.871871522,-1.004029961,0.455267824,2.129175347,-0.510990075,-0.384274679,-0.584582547,0.857676761,0.42635686,-0.016627422,-1.213111468,-0.96776234,0.175293576,0.22328729,-0.016109292,0.664927127,-1.22257737,0.303589877,0.247986322,-0.957939219,-0.604899722,0.693129476,-1.138591648,2.46377107,0.555761601,-0.057336811,-0.252152334,0.788201499,-0.411349532,-0.370316258,1.452588275,-0.471558995,0.136081349,-0.760212076,0.259040477,0.580614434,1.682895509,-0.93734889,-1.447874204,-0.266790604,-0.617113991,-0.015447039,0.521988326,2.265023076,-0.451485357,-2.210403688,-0.23797665,0.350527665,-0.96963074,0.233682453,0.137481535,0.259851744,0.791321954,-0.082691284,0.547537657,-1.798961147,-0.962379292,-0.341534331,-1.00512914,0.006596002,-0.343743298,-0.45513399,0.883804797,0.083821791,-1.083709903,-0.603322385,0.753220417,0.199709356,1.195940165,0.846566244,-0.389066929,1.435508449,1.517815324,-1.785419557,0.03178082,-0.54983949,-0.2604758,-0.816150805,-0.941420882,0.90117324,-1.16806156,0.093354567,-1.34913709,1.269405812,0.030033855,2
-1.006017381,-1.214188613,-0.936234206,0.650604954,-0.306594525,0.663910328,0.58598418,-0.243012131,1.710658673,-0.665335803,1.348870471,1.174933243,1.770882208,0.174056039,-0.788585712,2.076796585,-0.334701468,-0.813542573,-0.189786746,-0.981690716,0.526148825,-0.605668382,-0.28748417,0.967778862,0.62369321,0.015584573,0.170873529,0.012255431,-0.431155066,-0.002526661,0.490841625,-0.126162129,0.41976763,-0.836668778,-0.603893651,-0.734320503,-0.565131372,1.287181047,0.726038793,-1.076923119,0.437498296,-0.390582313,-0.682384585,-1.485739466,0.971918694,-1.36386315,-0.051963178,-0.946311246,0.775843947,-0.334351826,-0.134462656,-0.100734263,0.302570335,0.013004764,-0.043273189,-0.518401975,-1.574729373,-1.11855096,0.718479739,-0.305819463,-0.664009778,-1.405728144,-1.71964714,-0.70320688,0.888052854,-0.557070194,0.400485525,-0.603059829,0.638866696,-0.351750802,-1.231884246,-0.268953068,1.834000418,1.789884316,0.486533303,-0.137058815,0.303901802,0.316852339,-0.039886752,0.44094402,0.208226862,-0.315972385,-1.195256799,-0.460059242,0.799518849,-0.031462224,0.300286892,-0.283015528,-1.059597505,-0.238629715,-1.022455901,-1.086289174,1.205636609,-0.420086005,-0.741484725,1.617959684,0.814985035,-0.371509226,0.427636326,-0.235788318,-0.692679679,0.474691224,-0.324301885,0.075498009,1.021363235,0.911213104,-0.550093292,0.486031602,-1.127856246,0.450414161,0.148495306,0.378979362,-0.297444755,2.084071274,-0.901299708,0.971551711,-1.03169832,0.504344175,0.575789977,0.054975872,-0.495324411,0.141134891,0.267010333,1.789936486,-0.872340285,-0.555913496,0.284735557,-0.25605379,-0.100041038,1.070351835,-2.820266503,-0.597949345,-1.742369226,-1.195816437,2.404624492,0.598168134,0.951564925,-0.08052965,0.758713825,-1.766564508,1.038298412,-0.819844119,-0.531315819,0.50515107,0.316446759,0.084620048,-1.363096154,0.099813669,0.960561353,-0.532487096,1
0.380197851,0.610585745,0.701457513,-1.98325084,1.56584589,-0.29876638,2.669751874,-0.850837787,0.474570491,0.825548303,-2.501533541,1.777401252,0.743099634,-1.4944456,0.369746534,0.36395714,-0.134360197,-0.596053442,-0.068021762,0.861331518,0.820878314,0.008487226,0.228651312,-0.127038114,-0.97297567,-0.057286357,-0.734580299,-0.995534399,-2.419041051,-0.408835503,0.785472469,1.223117953,0.446179699,-1.295510794,-0.1547131,-1.154885664,1.909412239,-0.387259692,-0.494285183,0.922842723,-0.039095037,1.07164105,-1.12312757,0.089020547,0.507277131,-2.617894643,-0.682654165,-0.613828414,0.055234836,-0.310138905,0.296056208,-0.234477973,1.147411119,2.110711369,-1.500559507,0.024692191,1.08634099,-0.702924283,0.279843471,-0.379823695,-1.003427465,-1.016763683,-2.470940891,0.1659971,0.231819744,-0.951837195,-0.279825176,-1.442245081,0.53253221,-0.400591118,0.770590094,-0.322120894,-0.987699849,-0.535919367,1.508101174,2.096072829,-1.507026528,0.905718799,-1.108267519,-0.759883713,0.208980303,0.489338943,-0.728201852,0.610148531,1.18422307,0.728476337,-0.96622525,-0.444696464,0.875245486,1.551390206,-1.270946163,0.30276189,0.734298787,-1.396504202,1.018881456,2.114855719,0.663827907,0.565689885,-0.751237468,-0.490346566,-0.64723591,-0.884420303,-0.242143246,0.309196114,-0.857595786,-0.347401286,0.31894059,-2.116764257,0.949273161,0.213042164,0.226705118,1.156355486,0.938144793,0.607283199,0.27964015,-0.009770183,-0.580897237,-0.960764894,0.387320133,0.394102435,0.141143866,-1.344001775,-2.655210565,0.055596995,-1.833901817,0.317910469,1.948641923,0.331224838,-0.436528592,-1.045835007,-0.576681321,-0.036902129,1.07291623,0.140248317,-0.291717754,0.673063767,1.476047651,0.3135383,0.191228853,-1.659953205,-1.361788642,-1.489816965,-0.191282156,-0.833787386,-0.49604639,-0.846473516,-0.758175528,-1.854129876,0.219993089,0.70015406,0
0.68189149,1.846707326,1.613558974,-0.136232224,0.494302577,1.714832055,-0.936060677,-1.036676071,-1.244264579,0.754953865,-1.013137682,0.559847988,1.359614254,-0.661878044,-0.762083938,0.669920347,0.047860706,-2.362898228,1.531876436,0.551997904,-0.380366896,-0.42087035,0.70027117,-0.044879056,0.057248947,0.150709606,-0.819050646,-0.360750632,-0.188325474,-0.760638336,0.274724597,0.48433033,1.686495038,-0.760972848,0.890457095,1.424930526,0.949588775,-0.498069335,-0.309273597,1.517931376,-0.186489737,-0.030127174,-0.486708184,0.773818358,-2.460810748,-0.810006133,-0.979895254,1.588384405,0.232213517,-0.201752867,-0.204012637,-1.3815619,1.356195047,-0.351367059,0.593117055,-0.656510757,-0.059961775,-0.918871675,-0.248042036,1.040782375,0.105821567,0.374124564,0.062651381,1.631157532,-0.816539441,-0.138098751,0.187907932,-0.995966378,0.126463792,0.029644993,0.113912158,0.118295694,-0.6715991,-1.624573723,0.183081644,-0.893378028,-0.092444973,-0.748442425,-1.48075742,0.360634141,0.700349866,1.103288432,-0.447050935,0.039690002,0.340624794,1.021222258,-1.750072985,-1.468719694,1.388285852,-1.685064642,0.91736932,1.331011363,0.803401632,-1.00322369,-0.891808491,-0.05758362,1.751499219,1.743383193,0.298933298,-1.594387359,0.162309378,-0.207749546,0.022745947,-1.656430569,0.243835808,-1.503312205,-2.529981226,0.224402596,1.918626903,-0.835635034,-0.472782183,0.895749685,1.162635073,0.105522495,-0.708415812,1.326117082,-1.2302582,-0.521163914,0.588280155,-1.568686695,0.3883365,1.138619792,1.676539341,-0.390068321,-0.440145749,0.714960046,-0.617803755,-0.308734086,0.322104135,0.372300563,-1.907115429,-1.166407466,-1.83301327,-1.667773876,-1.118710389,-0.222264018,-0.125471156,-2.151758791,-0.933174507,-1.518203775,-0.200230766,-0.65625964,1.258534893,-0.139466808,-0.606995675,-0.262289585,-0.643640748,1.341442137,-0.335246999,0.456047354,2
0.199059696,-0.600216877,-0.040244275,0.083981577,0.073638893,-0.784441919,0.431705785,-0.231408002,0.930291709,-0.113626935,-0.861023106,-1.535864671,-1.864064825,1.312509344,-0.457789353,0.33857419,1.783229892,-0.562804331,-0.627477484,-0.132161752,0.0294327,1.88755135,1.565820594,0.620875416,1.449413769,-0.178219013,0.299164567,-0.301513645,-1.290368383,1.203874742,0.531698734,0.018073473,-0.002467849,-1.506214871,-0.977475333,0.33615317,-0.529112667,-0.217713041,-0.104656065,-0.682468769,-0.96791832,-1.612357631,-0.146518279,0.618608548,-1.643634142,-0.024047825,0.281143253,-0.989580404,1.422141812,-0.385715369,-0.101259688,-0.161269501,-1.770774423,1.008752072,-0.955518768,-0.236520515,0.597661001,1.460903426,-1.079932282,-0.446483586,1.38241863,0.463713879,0.671171359,-1.051131736,-0.37920953,-0.167835432,-0.857894757,-1.674569626,-0.510498559,1.3542882,0.059173466,1.374290914,0.179020914,-0.76470773,1.277619013,0.212326141,0.961838832,-1.068328171,1.03875629,1.068889276,0.289767144,-0.806922086,-0.046008829,0.611291147,0.23457002,0.601082738,1.012245908,-0.648446653,-1.155075621,-0.037538801,-0.329743159,0.785846413,-1.07449839,1.020381874,1.35361211,0.000304964,0.060736126,-0.767546501,-0.542660899,-0.408336681,1.442940068,-0.071870786,-1.322172957,0.255354342,0.826290125,-0.025411369,1.46921344,0.777508667,-1.04912873,-0.551432812,0.226226281,-1.666189238,0.336356737,-1.761582427,1.023433456,0.907273685,0.504781361,-0.675878364,0.170202825,-0.513377488,-1.030815277,-0.338743012,0.698265536,0.043814193,1.450709924,0.765780539,0.658690814,-1.608926549,-0.28515853,-1.06437241,-0.18300288,-0.693276124,-0.377604953,1.061162732,0.475249929,1.007114429,-1.600683109,0.057974697,0.966704981,1.506295915,-1.54808839,-0.351483636,1.034226674,-0.192278313,-0.910417674,-1.549999178,-0.948701535,-1.688901669,0.058460457,0.896310186,1
0.586857094,2.190455626,-0.077922736,0.549574316,1.508918894,1.118338137,-1.419384356,0.223994969,0.736763345,0.61886033,-0.629233763,2.914109216,-1.277084562,-1.083188447,0.233595081,2.116803055,-0.836194851,-0.265828366,1.077293673,-0.017862155,-0.334603855,0.565632902,0.27251799,1.030438786,1.291468889,0.30700306,0.291732725,0.214110982,0.489130557,0.055170638,-0.000608482,1.196627121,1.51611618,-1.507552945,0.010021152,-0.688694433,-0.310971466,0.40251621,0.669438372,-0.112126444,-1.913340335,-0.965045581,0.89649967,-2.740426422,1.187427152,0.521229991,1.316176082,-0.198569187,-2.061405424,0.430362642,1.274653124,0.924721806,-0.662691483,0.086761075,-0.532836269,-0.819266464,0.955388571,-1.197532311,-0.893816431,-1.104025633,-1.490247523,0.146414292,1.161503048,-0.184876756,-1.505747801,0.83994454,1.685701754,-0.646242324,-0.478554267,0.51566063,1.621873748,-0.519834146,-1.332449781,0.631418606,0.799068073,0.00613145,-0.55813326,0.994378731,0.528036005,-0.768435517,0.049094731,-1.351707532,0.685890456,-0.262233569,-0.435710832,-0.032874485,0.040307699,0.894930062,0.591090531,-0.156409279,0.76366815,0.400737254,-0.426599636,-0.124718158,-0.148222889,0.505261343,-0.367022615,-0.390409186,1.968757309,0.939735482,-0.760600664,0.570940994,0.118350066,0.391551175,0.137341325,1.189642645,0.345620345,-0.062088698,1.042190577,0.233285041,0.121478579,0.314022602,-0.093609023,0.009226993,-0.586694589,-0.75116722,-0.998570386,-1.391983287,-0.879717361,-0.174267034,0.103117582,-0.271296563,-2.35570349,1.574586358,1.086480123,0.445759851,1.907490673,-0.977364117,1.887625121,-0.965214077,0.238737925,-1.273837325,0.014694096,0.386166498,-0.154690331,0.713877444,0.099014449,-0.522414728,-0.566813318,0.810913773,-0.65374203,0.91540297,1.222711793,-1.668713862,1.132926387,2.060422698,0.252003761,0.599084185,1.037005324,-0.275482315,2
1.441273289,-1.435862151,2.513643468,1.190885933,0.001353302,-0.828408107,-0.17508515,0.08380236,0.440662557,1.500660849,-0.476098469,0.562709838,-1.292429163,-0.413600714,0.376716848,0.691262491,-0.753232477,-0.440791696,1.460556636,1.16190862,0.208457217,-2.236645153,2.511132548,-0.019931562,-0.312567058,-0.522359926,0.376367037,0.386582589,0.950627873,-0.926062164,-0.312494878,2.030545723,0.224590633,-0.172524373,-0.941617766,0.505934306,1.031018217,0.874587646,-0.258800864,0.361252283,1.671659437,1.070882292,-0.784162742,-2.546005065,0.296772507,0.798568127,-1.089224492,-0.008789522,-0.263699066,0.104286322,-0.544696287,1.290510998,0.147968881,-0.879016886,0.917462154,-1.264187596,1.284494378,0.991059424,1.389775295,-0.158246372,-0.49611398,0.084021761,-0.084436786,-0.652736286,-0.553623314,-0.366372847,-1.170003686,0.67796329,-0.052297138,-0.308378469,-1.110354161,-1.160372978,1.935914051,-0.627257463,0.610528394,0.16263447,-2.775188461,1.792450823,0.684083979,-0.767670154,-0.028366504,-1.149183367,1.826220478,-0.907657708,-0.523083997,-0.729561078,0.0803794,1.3703165,1.789374449,-0.398996144,0.378258982,0.081905413,-0.981609264,2.422555575,1.362759562,0.18911585,1.581876093,1.212106713,0.081861341,0.325963605,1.512126142,-0.946153581,1.673690697,-0.225112561,1.524676743,-0.005226597,0.337606222,-0.034308357,-0.531843623,-0.270054898,1.379111403,-2.314163983,-1.238965945,-0.725471709,-1.078344792,1.50997961,1.257676978,0.592031809,-0.637804067,1.335051867,-1.588129926,2.14198264,-0.684629797,-0.262035222,-0.42934385,-1.073107414,1.925113124,0.788894631,1.215470542,-1.223669272,0.180937827,0.521028689,0.270756524,-1.160373451,1.075500021,0.121550083,-0.954964036,-1.85525054,0.606666513,2.450455734,-1.015254273,0.17044705,1.110497279,-1.269652266,-0.479956769,-0.860158779,0.984676695,1.325522569,0.159036265,-0.841734069,1
1.266911149,-0.707669466,1.740858077,-0.32674459,-0.262882473,0.231406351,0.464961646,0.227947262,-1.284415027,0.312515166,-0.374173585,-0.580977014,0.032482055,-0.961522687,-1.135391324,-2.61546896,1.747237329,0.555731319,-0.116764121,-0.667223237,-2.876032282,-0.728528876,0.715866337,0.942174304,0.642291994,0.158391956,1.303874146,-0.328537222,1.085188916,-0.384582444,-0.881141309,-1.00571298,-1.064496421,0.659068029,-0.742745571,-1.033028845,0.71373522,0.32797039,0.962591983,0.512599511,-0.75311158,0.076102416,0.125132991,-0.919158658,-1.104624974,-0.680721609,2.036582357,-0.412744094,1.232866791,-0.468660509,0.88883882,0.902491656,0.952590508,0.387827342,1.377366579,0.378353969,1.713529729,-1.619919803,0.348286248,0.283323593,-0.936519846,0.579584222,-1.490082676,-0.654184326,-1.999087813,1.558626517,-0.231549494,2.166884035,0.802949927,0.448098213,-0.586227694,-1.046350036,0.522971574,-0.071514009,-1.339270315,-1.516858417,-0.958703729,1.820967225,2.213277918,0.204989147,0.148942796,-0.336320372,-0.934485348,1.375179058,1.873576394,-0.893419086,-0.082838378,-0.449866301,-0.420239075,1.185908255,-1.311961545,0.466469691,0.728238107,-0.142151174,0.893067827,0.147651841,1.217129921,-1.522205305,-0.348775261,-0.071813143,-2.672207384,-1.085952734,-0.813599254,0.948205995,-0.706843346,-0.818078987,0.817485781,-1.617910646,-2.071244067,-0.3615923,-1.447706768,-1.409679295,0.573433792,0.875973838,0.788864216,1.10877666,1.24113432,-2.128590209,0.45041196,-0.5296082,-0.747424246,0.560414632,-1.73029548,-1.751108606,0.633572744,0.487786018,0.136732656,-0.879913405,0.743829635,0.680302892,0.085304515,-1.177321041,-0.425248346,0.837833678,1.327191223,-0.326536603,-0.249672968,-0.161689108,0.274893009,-0.5810673,-2.894185058,1.192769002,1.794688947,-0.61239986,-1.066653369,-0.137100522,-0.187503884,0.995518577,0.054639442,-0.79262283,1
-0.57117899,0.572582781,0.002410441,-1.531309977,-3.195941777,2.04913191,-0.124082513,0.107991608,-1.026510617,-0.598407034,2.168269821,2.417945723,-1.85535023,0.057493854,1.868081923,0.197924206,0.684099789,-0.169538062,0.515308338,1.445557111,0.521703776,-1.215685151,-0.63069998,0.773373091,-0.067840496,-0.545246376,-1.090027612,-0.996818744,-0.715107839,0.456749462,-0.517228424,0.177937648,0.157653015,0.768945426,-0.821944387,1.616422973,-1.759023292,-0.325617013,-0.424736957,-0.789814118,-2.204275685,1.213403835,0.829370236,0.498779087,-0.726296539,-0.505633625,-0.336243512,-0.239678159,0.795095033,-0.494532533,-0.856725906,0.146622371,0.042549608,0.503512806,1.388755333,-0.406988333,0.932168303,0.142143521,1.02438483,1.232130683,-0.757290622,1.979472208,0.181097925,-1.147304362,-1.138932651,1.47313377,1.314354074,1.096523416,-0.541214393,-0.373636763,-1.575728836,-0.29187519,0.170640094,1.500179099,-0.275473008,-0.333714019,0.289383811,0.850562342,1.552801233,-0.699422093,-0.170965038,0.136954211,-0.266251477,-0.620491031,-0.256970592,-1.218195964,-0.606245696,-1.233057226,0.012134655,-0.391565699,-0.54549226,0.015969004,-2.473381346,-0.317006287,0.194616462,0.974803293,0.609121984,1.270488571,-1.433423486,1.046490333,0.298793984,-0.5369913,0.108096631,3.125464239,0.145326815,0.080331677,0.859062681,-0.218966144,-0.792492329,1.404043592,-1.439347225,0.043176778,-0.064797719,-0.833018678,-1.317850886,-0.127488587,0.36621891,1.047532619,-0.771423157,-0.784453888,1.526128468,-0.467854873,-0.333855427,1.218819409,-1.646093258,-1.201311808,1.391969003,-0.601531008,-0.533949062,-0.449798856,-0.320215055,-0.459233385,0.142483195,1.252769822,-0.803525891,-0.591115677,0.03205046,1.571540778,-0.29546983,-0.899032702,-2.019420656,-0.760960704,-0.867573026,-1.191611517,0.070337463,-0.262980632,1.426036856,0.215424145,1.008554795,-0.171221017,0
-1.01283112,0.314247333,-2.211861911,1.533433701,-1.423957152,-0.266652329,-0.42924442,0.58855327,-1.598124352,0.462172666,2.024309623,-1.363174005,0.189706168,-0.661982178,0.425887206,0.019147777,-0.641486909,0.487872285,1.80434811,-0.190903792,0.719757942,-1.293272958,-0.956436377,0.472406278,1.484116029,0.355613349,-0.313058031,-0.000708595,-1.250407734,0.604515326,0.882333062,-0.452090333,-0.470042148,0.26587823,-0.436719736,-0.066132615,2.099721789,-0.247025701,-0.358340152,-0.647541806,0.744191971,-0.181224173,-0.649373038,1.321304032,1.419603005,-0.600423566,-1.866539951,1.00751369,-0.684629826,0.790625599,-1.970103818,0.892597338,-1.211171929,0.730764119,0.014273068,-0.953939419,-0.407036313,0.686318457,0.105894453,0.58441298,1.976440585,-1.564241612,1.617212575,0.104355938,-0.898784048,-1.330313626,-0.189120391,0.921650112,-0.12754912,1.51115493,-1.45117569,-0.012088948,-1.252393444,0.363631883,0.88688739,-0.420761794,-2.604213857,0.198948147,0.436738552,0.404294755,1.235782192,-1.07105368,0.680216105,1.192507512,-1.778587584,0.319651826,-0.504179831,-0.081522673,0.347676484,-0.487228564,-0.675708079,0.034152417,-1.087245939,-1.085825129,0.679373283,-1.148794035,0.666312501,0.462591293,-1.725806729,-0.677564652,1.194109403,-0.981165531,-0.464404262,0.462060893,0.783390509,-0.251538886,-0.597510195,1.422369862,1.738899664,0.978858051,0.085318143,-0.808265722,-0.830444407,0.522514105,0.418398221,1.401598593,0.650450093,-1.503080302,1.051947618,-0.998060627,-0.383971272,0.250200206,1.99566749,3.109918556,0.606723059,-0.183196619,0.534505648,0.887655426,-0.320667626,1.795211356,0.230070759,0.497743089,0.665924252,0.421586611,0.8389405,-0.617253187,-0.558301754,-1.100154233,0.439501231,0.778936504,0.457772866,1.674492433,-0.005596019,0.668741656,-1.091700876,-0.387099702,0.695537758,0.849102111,-0.293966948,-0.071599252,0
-0.268888691,-1.106525909,-0.575644818,0.927769223,-1.670142386,0.188448355,-1.212174167,-2.18213001,-0.117647714,0.834776251,0.213925967,0.093735373,-2.598781171,-0.154963615,-0.145188659,0.621261784,-1.058131496,0.829655727,-0.509377679,-0.299299788,0.52793948,-1.189425645,0.824206384,-1.354641497,0.655175493,-0.235471079,-0.153769791,-3.065138772,-0.59075838,-0.210222133,1.548624266,-0.035919716,-0.652968222,0.833658206,-0.505163828,1.032212478,0.26134939,-0.899556671,0.937865539,0.601036217,0.895707423,-0.182116231,0.601131136,1.92048839,0.171401107,-0.39864259,1.543959615,0.667108992,-0.450486851,1.7351266,-1.203416989,0.529164687,1.146488661,1.071744973,-0.899969111,-1.240560362,0.229506333,0.70474828,-1.077959232,0.30178282,-1.457486454,1.060844312,-0.571282569,-0.164026827,0.864317094,0.77120339,0.473946177,1.029482242,0.409046599,1.447532782,-1.7107841,-0.059566739,-0.102065835,-0.218970726,0.497428797,0.213996002,0.824820164,-1.18387309,2.29221164,-0.390972111,0.286756363,-0.206241574,0.081066651,-0.534910501,0.205803014,0.580096738,-2.401733969,-0.328547792,-0.366579514,2.321068511,0.86007118,1.500059619,0.558115867,0.082357702,0.364157344,1.122974393,1.750118291,0.302051175,-0.6229314,0.92457433,-0.853173895,0.390398004,0.681313718,-0.108076004,-0.904820385,-0.454551176,-0.316420721,-1.053592515,-0.386096156,-1.451964087,0.591127942,0.33334072,0.265698337,-0.385897619,-0.25204902,-0.828945404,0.505170723,-1.357840039,0.083764233,-0.633697467,1.757310382,0.52678258,-0.000445423,-1.106023201,-1.363519128,0.49580026,1.79879532,0.408953393,0.175290522,0.189746761,0.103018633,0.203338068,-0.685159074,-0.973567198,0.109233235,1.493417714,0.777030633,-1.233422994,-0.255189262,0.728996512,1.516869289,1.791287454,-0.21071626,0.824230956,0.249271693,-0.119727767,0.062346683,0.074625278,1.175163753,-1.404469575,1
0.128104415,-0.681051657,-1.226955253,-1.130552035,1.735159409,1.61528977,1.338365552,-0.585506524,1.688104339,-0.16968409,0.343076583,0.826435409,1.261217046,0.541230067,1.375010631,0.013283945,-0.202873,-0.320339425,-1.14937332,-2.798307095,1.04142503,-0.234114502,0.743144305,0.598279121,0.158095458,0.944483535,1.071505361,-0.951722127,1.532929473,0.864364776,-0.875589201,-0.649220389,-1.242868155,0.62780837,-0.176852053,-2.492883456,-0.554308242,-0.380914408,0.105673444,-1.539175871,0.11665106,1.500733854,0.187007559,0.589448964,1.563383913,-0.09454352,-0.126814417,0.344852767,-0.884854575,-0.694560097,-2.039201966,2.288345254,0.830702153,-0.947330472,1.023857178,-0.808046399,0.068055776,0.062984763,-0.446175682,-0.81282864,1.208547684,0.084496036,1.681932941,-1.040952064,-0.472816147,-0.045681515,1.10321079,-0.789212279,0.571292058,0.342917214,1.428445506,0.497972865,-1.796322898,-1.013914353,-0.963271508,-0.452491915,1.324394942,-0.265187713,0.034532236,-0.224953825,0.538841093,-0.721849296,-0.17059876,-0.182699577,-0.070916765,-0.56579103,-1.335018158,0.93264313,-0.116405365,1.128512084,0.479470556,0.514673149,1.13066993,2.597905821,1.303731214,0.886397662,0.292304855,1.258815738,-0.74652578,0.584753035,1.277211384,0.952390123,-0.076190888,0.455432458,-0.329153373,-0.768229795,1.450793445,-0.434219402,-0.442681233,-0.420653046,-0.695898447,-0.724727037,-1.725254422,-1.552139063,-0.192658818,0.456401449,-1.676182497,0.181891803,1.283093212,-0.471510544,-0.989296105,-0.060124871,0.51920326,-0.559290353,0.952865191,0.469320664,1.731040406,-1.681409579,-1.411716632,-0.418448408,-1.339089069,1.573891992,0.232844057,-0.329910601,1.553689801,0.292592863,-0.20886216,-0.781665501,0.5558112,0.522222174,0.681829814,0.806167431,1.450565384,-0.827972259,2.236779386,1.800032756,1.717250689,-0.206199599,-0.713979203,0.104911521,1
0.099651365,-0.503475654,-0.497030691,-0.953157505,0.362995703,-1.173630393,-0.993920929,1.152913256,1.900649042,0.393295138,1.106457152,-0.245848317,-1.337674186,0.612171619,0.569289323,0.071668554,-0.242375458,0.962210579,-0.985733033,-0.773780579,-1.008106507,0.084972963,-1.087893012,-0.684242181,-0.705755562,-0.260608332,-1.487374446,0.087204992,1.247303651,0.135491372,1.541321145,1.333998186,0.777735047,0.074685843,0.022500388,0.763799772,-0.39167061,-1.882520751,0.492004054,-1.13106863,-0.962141228,0.000223948,-0.095124878,-1.412075606,0.165491564,0.966139661,-1.12834157,1.272483331,-1.560170825,2.117324144,-0.41126043,0.145616997,-1.892033572,-0.062136066,0.228482178,-0.086162104,-0.563081077,-0.946564519,1.13052662,0.030807135,1.540752377,-0.526482355,-0.434794693,0.815594245,-1.622974962,-1.21346336,1.097484971,-1.171933929,-1.819051015,1.868527188,-1.393817648,0.184119398,0.069085193,-2.810628317,-0.267317023,0.448413249,0.354309382,0.903520684,-0.387491315,0.712504442,-0.689329068,-1.410467416,-1.297728376,-1.462110455,1.009585968,-1.514573509,0.274038841,-0.265924194,-0.102648573,1.363607295,-0.438427367,0.611601562,0.037563351,-0.152018906,2.299969124,-1.441341746,1.289131835,0.656406565,-0.479524995,1.629318517,-1.848110112,-0.521766657,-1.208482204,0.412083465,-1.113064101,0.433063947,-0.186436416,-0.479353943,0.388647246,-0.268621624,-1.088634843,2.80137299,-0.487167183,-2.21760908,-0.84209869,-1.267276688,0.826145616,0.32165266,0.398712802,-0.370022466,-0.279350247,-0.370931104,-0.081193184,0.835333435,0.336075413,0.50011283,0.499558908,0.884442437,0.288150042,0.358848073,1.188806241,-0.665045918,-0.85574258,-1.185921599,0.182914564,-1.853732241,0.462154096,-0.109193095,1.1346397,-0.67191731,-0.203318285,1.122203333,1.383135647,-0.680152366,0.181781233,0.294418978,0.373653406,-0.262575659,1.281383398,-1.889703484,1
0.756988617,-0.922165324,1.076804122,-0.720345833,-2.167907422,-0.225294989,0.37826394,-0.416361886,-0.525347202,-0.364247668,-0.024555671,-1.298293397,0.661383088,-2.662335637,0.540007019,0.31329999,0.497025829,-1.92842674,0.292829752,-0.542500902,1.602190378,0.361720777,-1.176728683,-1.6905066,-0.614771114,0.811561325,1.152455659,0.181397737,0.080031089,-0.332045636,-0.021355288,1.215723919,-0.346622422,0.658800925,-0.528418359,1.013274335,0.578722971,0.972119456,1.882118897,-2.58198614,0.753770495,0.469126953,0.447497823,0.240590805,0.239882243,0.336366513,0.905994843,0.826295886,-0.024958585,-0.187476488,0.020153546,-0.412875993,1.780234651,-1.270763833,0.749789878,0.743840389,-0.530391591,0.296050715,1.262959462,-0.330025733,1.311934849,1.118235255,-0.709860103,-1.108060826,0.165432218,-1.240298306,-2.904701774,-0.489412292,2.174252279,-0.447156384,0.379503167,0.699989896,-0.04117586,-0.33362314,1.22871657,0.039916311,-0.091385901,0.797492687,-1.029562512,-1.263112332,-1.624905503,0.56801246,-0.163662613,0.826357836,0.050910851,-1.370957182,-0.355613192,0.89679588,-0.262170017,1.186814594,-0.45356956,0.719357824,-1.782589914,-0.226446356,-0.387068607,-1.397870016,1.111920677,-0.640065917,-0.743278338,1.301299425,0.161449644,0.779801539,-1.702705646,-0.798541821,2.086388959,0.854047336,-1.073333837,0.225030541,-0.995650388,1.393835455,-2.269747705,0.275297351,0.260281473,-1.112629537,-0.273151872,0.375543373,-1.778125634,-1.27955668,-0.155106883,-0.833060371,-0.463129864,-0.020076198,-0.910459631,-0.026576639,0.297998013,0.778868186,-1.245827785,-0.628403869,0.588541974,-1.482089509,0.106190038,0.02809784,-2.586838494,-0.494345716,0.330781931,-0.211851208,-0.474282854,0.156173033,0.988895318,0.537589024,-0.755853214,-1.45898988,0.519467058,-1.17773852,-0.52803425,0.200944878,1.146526305,1.285813584,0.060685506,-0.509491813,1
-0.60063869,-0.29169375,0.202328796,1.631856899,-0.733032996,1.818061923,0.775155494,0.553040086,0.234024454,-0.248528618,1.200531658,0.14035987,-1.967069704,-1.117186462,-0.185845752,0.309998983,-0.056588489,1.21897079,-1.951101864,0.143587937,-1.817979225,0.759712295,-0.094458714,0.419609972,-0.863882961,1.279464932,1.041724664,0.583544303,-0.129517247,0.579857285,-0.706892568,0.855555659,1.649480894,1.07061056,-0.72960247,0.361417317,-1.293141544,0.572390311,0.450603413,-1.86981634,-1.161783844,-0.283138897,-0.300859747,-1.209476935,0.388978729,0.251473609,-0.194269132,-0.7557915,1.048707126,1.655407113,-0.483561484,-0.612166917,0.491207665,-0.35802938,-0.139397201,0.739653152,-1.909356088,1.318302325,0.072680524,-0.411493145,-0.089234154,-0.037570645,-1.731201303,1.494938227,0.041325632,0.44300213,0.951549771,-1.021162458,0.473471899,-0.267641091,0.846770775,-2.12722742,-0.0990943,-0.602820656,0.432262951,0.470044187,-0.707625895,-0.712173864,-0.110665369,-0.896642227,0.841983695,-0.3692072,-2.906988219,-0.374822057,-1.038543821,-1.631275815,-1.237426638,0.109408472,1.328640828,0.313184474,-0.606503388,0.455904195,-0.45909031,-0.694600369,-1.154362668,-1.751828807,-0.389923707,0.15805349,-0.09662367,-0.415966928,-0.945746061,0.608246192,-1.31713192,0.776027914,-1.002217019,-0.752435237,-1.466785191,-0.501402147,0.975312458,0.515628088,0.978422112,0.522142546,-1.103669829,-0.330789224,-0.780199129,1.330574904,-1.196788646,0.893697689,0.89295387,1.829620202,-0.409686593,0.71232216,2.281651837,-0.617641677,-1.535040248,-1.880010034,0.712712029,-1.883150208,-0.372319053,0.437313187,0.185175537,0.425444864,0.222289856,1.278865813,-0.952316381,-0.676995138,-0.772659445,0.830191812,0.900398588,0.451225319,1.183493667,-1.178040867,1.667224112,1.523238622,0.735621997,1.781798909,-1.656623208,-0.524448136,-0.735303461,0.721479324,0
0.825416349,0.813509636,0.654979794,1.678185379,-2.216877677,-0.077501189,-0.970348349,-1.490465994,-1.129975871,0.379672856,0.404962198,1.460287761,0.008781547,-1.75822163,-0.238169542,-1.386379072,-1.206795886,0.580559058,0.194180906,0.587565595,-0.357492847,0.790529563,-0.413402898,1.116682833,0.344638939,-0.20699687,0.212093044,-0.017860701,1.596106515,0.245437623,-0.001612672,-0.238490857,0.843184219,0.707913339,-0.27384163,-1.155641515,-0.901968138,-0.18416254,1.348927506,-0.250176629,-0.59412361,-1.760719313,1.513541436,0.569028146,0.79600997,0.961688052,-0.164730229,0.084590634,1.488601942,0.179580889,0.58752529,0.870550717,0.642931332,-0.12816917,-0.033883843,0.777640438,0.77600286,1.168232599,0.551096983,0.596605614,-0.446233367,-0.581149511,0.780630674,-0.574185068,-0.020701003,1.379023241,1.220570292,0.301788831,-0.29613958,-0.12337891,0.867660141,-0.036499277,-0.558282393,1.215774756,0.181600139,-0.577255821,0.478940189,0.971218413,-1.007673065,-0.200453913,-0.246683368,0.452287166,0.632008323,-0.551473911,-1.492751176,1.031798755,-1.119945271,0.271184205,-0.131980899,0.162443905,1.651233972,3.038281614,-1.633437411,0.983906155,-0.156247773,1.047854514,0.957263076,1.409744807,0.284964915,-0.889576485,0.927649489,0.117997576,-0.233843215,-0.476223881,1.006335569,1.603369492,-1.195352559,0.621952242,-0.372387185,-1.467272398,0.147705821,-0.83313778,-1.577753228,-0.781740472,-1.027773918,-0.646686853,-1.325884077,-0.395140109,-0.713249128,0.375613877,0.593538986,0.260148577,-0.235444458,-0.262427596,-0.837074987,-0.812994659,0.703603868,-1.759702599,-0.080724938,-0.323529062,0.599132101,-1.425011983,0.012480705,0.342984341,-1.904731219,-1.074327973,-0.091789847,0.514146908,0.182499311,0.560454253,-1.079372513,-1.58875035,0.084505806,-1.229353238,-0.865322326,0.932278355,0.189099557,-0.568144905,-0.698031505,0.620921557,2
-0.219671888,0.357112572,0.257373106,-0.630846403,0.432352714,-0.717181901,-2.032353764,-1.321555787,0.021092748,-1.131067236,-0.067277465,-1.074661039,-0.782353923,0.853165306,0.247480548,-0.009664421,0.878963973,0.480608593,1.446563291,-0.459859262,-0.429634979,-1.301109266,-0.428980717,0.964769894,1.299987372,0.960305168,-1.794191867,1.083145213,-1.838518623,0.898117324,-0.367784527,0.702533314,-1.332448348,1.171167633,-1.464974746,-0.668454911,-0.998094628,-1.754284853,0.094527568,1.806089118,2.666905222,0.097155787,1.116681275,0.232094638,0.498883195,-0.342148651,0.195076925,0.537478705,-0.578459729,-0.0774943,-0.058430119,0.826403317,-1.066032172,-0.051542209,1.912005469,1.164060153,1.349179049,0.02443184,0.320997564,1.002236167,1.56025553,-1.951602913,-1.315441307,1.309444101,-0.276889356,-0.671720789,-1.254160987,-0.555016702,-1.402369283,2.091094273,-0.022436052,-0.057950542,0.588076675,0.962345169,0.945888157,1.073621944,-0.630845551,-0.297866805,0.769031655,-0.527389062,-0.005106632,0.398763764,0.785185082,-1.777680962,0.71474565,-0.233724058,0.707457711,0.776931692,1.607915061,1.353453648,1.346571663,1.443670319,0.291378985,0.032185087,0.872817083,0.732080951,-0.309066237,0.404823409,-0.035096467,-0.853932908,1.290460741,0.055199243,2.048708258,-1.62549227,-0.556778773,0.032638837,1.137381098,0.399469373,0.310472754,-1.127263793,-1.156941397,0.32250466,-1.364105994,-0.53187775,0.500917329,-0.982324272,1.605355962,1.223936344,-1.571419998,-0.932371243,-2.285777244,-0.782591363,0.766388477,-0.413894942,0.460797244,-1.522334318,0.797975255,-0.555109228,0.012169682,-0.092874501,-1.271548521,-1.153084332,0.967794469,0.398992158,1.050049042,0.324658236,0.142990635,-1.726010619,-0.270366697,-0.02738432,1.953107198,0.686956632,1.536061182,0.597537706,-0.711303227,0.117124216,0.236223646,-0.93915557,-0.384387377,-0.205766994,0
-0.85835778,0.700309879,0.922559206,-1.304794447,0.827960311,-0.979650459,1.211475523,0.112890425,0.344051171,-0.081042549,0.087675534,0.082960535,0.705661123,-0.062968274,1.462308418,-0.736138077,0.860659209,0.564175305,1.233400408,0.120921564,0.329424213,0.31809524,-1.21592162,0.39382682,3.269906737,1.609170914,-0.779883805,-1.800520282,0.052184151,1.083327843,-0.038648007,1.889196581,-0.780248245,0.224972627,-0.108624787,0.731413999,0.799919825,1.188634882,-0.12393416,1.257792288,0.344982281,1.359719741,1.499645894,0.018306143,-0.673901335,0.203681529,0.990643987,-1.50504429,-0.49483462,0.6825957,-2.587902414,-1.034161815,-0.61302693,-0.08348795,-0.321810116,-0.302897425,-1.331099598,1.769764641,-0.607874022,-1.903024213,1.135252359,-0.77508663,-1.212095004,0.678007255,-0.518852673,0.168486496,-0.633557322,-0.462932668,-0.992575294,-1.214016228,3.471549477,-0.827986598,-1.462822556,1.130458832,0.266516647,0.017412554,-0.48791513,-0.406524147,-0.297383087,1.13653652,-0.248364745,1.143972201,-0.053665916,-0.205145396,-1.021338375,2.14472651,0.014978016,-0.001222039,1.858868784,0.416506124,0.527222048,0.059730503,-0.774098196,1.216759767,-1.416353536,-0.976740543,-0.777046825,0.251258542,-0.015837548,-1.86269019,2.317398501,0.759833877,-0.490979241,0.433334569,0.446987511,-0.330138421,0.393861917,0.405605608,1.091419546,0.069060754,0.321636468,-0.208867095,-0.433420844,-0.769511449,-0.80404243,-0.46484636,-0.235864321,1.005891923,-0.379289461,-0.332610789,-0.292375041,-0.047901774,1.698181269,-0.37914365,0.561111582,0.349700683,0.062074099,-0.958111659,0.523665278,-1.925637024,-1.020554451,-0.541600976,-0.224529446,0.084071132,1.391228128,0.630168719,0.168869398,-0.335924699,-0.325376896,-1.134504606,-2.107483847,-1.275279539,1.170843956,-0.711713358,-0.524699015,1.021047463,-2.641919408,-0.586011907,-1.09792281,0.293578282,0
0.56976728,0.44770856,-1.21079541,1.468207093,0.266822005,-0.859210762,0.876088472,-0.081003496,0.991754265,-0.104293419,-1.476123954,-1.067189707,1.141081971,1.032762377,-1.329341029,1.393037375,1.025781895,-0.634215337,-0.078052428,-2.20277316,-0.700760676,-0.211443035,0.309309462,-0.115769457,0.138749134,-0.9681917,0.323848965,1.68315045,0.43944575,0.033907608,-0.740575141,-0.356508586,-1.312111711,-1.445631191,-0.07006245,0.55441509,-0.855659762,1.195756999,-0.56083881,-0.089921952,0.945479431,-0.313077869,0.627580591,0.572661979,-0.673930026,-0.647053195,1.222373112,1.319947921,0.625537406,-0.867733695,0.868477186,-0.278075024,-1.268668455,-0.63669565,-0.223726753,1.086549389,-0.802525352,-0.965750319,-0.482754982,-0.121891367,0.673024982,0.570423915,-2.249598686,-0.35581552,0.123905424,-0.870396563,-0.780445687,0.62458133,0.683176779,-0.177206621,0.401936607,0.463187335,-1.096819571,-1.083431501,-0.393249194,-0.692990786,-0.596672501,-0.095129094,-0.09166989,-2.560457774,0.095601568,-0.251938779,0.225621004,-0.64093544,-0.635418979,-0.390540235,1.068569545,-0.416796819,1.110831312,0.977101949,-0.338377236,-0.511041563,-0.476183552,-0.144066797,-0.55884591,0.735713655,-0.645708678,0.86303586,-0.932494749,-1.667393887,-1.797148003,-0.540346838,-0.807575394,-0.852745461,0.983010513,-0.731517657,-1.965594103,0.564744501,1.336067304,0.449860546,-0.67012831,0.17159764,-0.803317602,-0.971606245,-0.197615043,-0.056979202,-0.202785695,1.671661887,0.042792198,0.959740111,2.231882521,-0.473542995,0.148584307,0.816973569,0.12206179,-0.277110519,2.343526952,1.198348156,-2.10168682,1.35734475,1.600339289,1.195352673,0.750663168,1.550952733,0.882626846,0.57872361,0.134150301,-1.071604504,-1.37272924,0.772954956,0.755053859,-0.042713418,-0.856665346,-1.130019009,-0.362192356,0.70187321,2.238397051,-0.024511303,0.287756042,1.125944369,2
-0.04946371,0.674819492,-0.076419742,-0.046203024,-1.143834345,1.066638436,-0.659744862,0.210136177,0.020148908,0.607409875,-0.013089811,-0.26836839,0.414664304,0.328944725,-1.06174576,-0.109955974,1.269964709,2.457273306,-1.707541561,0.82773075,0.10578309,-0.591977878,-0.427985238,-0.939746233,-1.362252173,0.3852878,1.783264173,0.35265898,0.171571732,-0.623573733,-0.930331037,0.021803217,-1.02928844,1.123095204,-0.577547637,-0.843453079,2.250677428,1.298860337,-1.195045466,-0.882226655,-0.194894058,-0.160896538,-0.458787761,1.336739068,0.210513382,-0.036918993,-0.608067487,-1.051615642,-0.624529384,-0.875812383,-1.259342663,1.078043621,0.930142964,-0.374625533,1.3177113,0.590276594,-1.080463262,-1.457927136,0.306013202,0.476015761,-1.292742809,-0.525647634,0.853142303,1.570883788,0.084409607,0.056258471,-0.451080087,1.487228669,0.55588147,-0.84108454,0.782115374,-0.700933333,-0.951785562,-0.447206705,-0.860522352,-0.904739825,-1.399133646,-0.698667364,-0.533025453,-1.351347221,0.540149552,-1.766386207,-0.381152338,0.661209258,1.132158394,-0.574751241,1.013344869,-0.367464562,2.2550819,-1.459808164,-1.006981195,0.161037515,-1.261356686,-0.708045189,0.452902385,0.191148072,-0.035065137,-0.024671086,-2.46123932,0.14859735,-0.636002223,-0.369704312,-1.590173875,0.673187017,0.551815484,-1.16483478,0.179404587,1.646434353,0.140108294,-2.014246808,-0.570475708,0.126970473,2.116117326,-1.209152208,-0.147395982,-1.067404928,0.879232346,-0.366313559,-2.731559356,-0.393258567,-0.112096297,0.387964974,0.181679827,0.657228579,-0.123511894,0.084633348,0.012208682,-0.41513934,0.568166973,0.846703321,-0.043716855,-0.49167474,-1.08251862,0.354943689,-1.003518781,0.159443513,0.131126151,1.067050857,1.387195541,-3.038115165,-0.201503312,-2.100924256,1.161566875,-0.023187996,1.151665436,0.258160567,-1.350299099,-0.967655157,-0.134285233,0.569540145,0
-0.269406834,0.717542256,0.109070583,-0.755951389,-2.619505083,-0.080883722,0.517684194,1.177705478,1.75685474,0.650935677,0.933567409,-1.28456545,1.621825802,1.267360182,-0.367115485,0.681660125,0.581068183,1.470213511,-0.151107772,-0.746232638,-0.48999837,0.896795983,-1.91987041,-2.997073439,0.894249007,0.274805464,0.018463336,-1.305546628,-1.709889765,-0.634529083,0.361695099,-0.585755713,0.9001002,-0.954059342,-0.519345073,0.703201055,-0.376915016,-0.32734996,-0.643488454,-0.828940741,0.354177354,0.483706295,0.227148438,-0.616183606,-0.2014919,1.595934783,-1.421083377,1.88589128,0.099719846,-0.18012639,0.953378339,-2.067266069,1.380319575,1.857725829,1.087972867,-2.102285369,0.764167798,1.645998558,1.542748788,-1.408089247,1.016356832,1.795570403,0.029465719,-1.452701223,0.828652593,1.053857969,-0.139208164,-1.190723456,0.981872084,-0.768808866,0.397346727,1.558166355,-1.658798097,0.907763998,-0.20658203,-0.180653284,0.514316435,-0.771384031,-1.175019137,-1.784194772,1.231762709,-0.371672185,0.569940412,-0.485032075,-1.161760503,0.65231261,0.327962574,-0.236899154,0.301896063,-0.960484556,1.060599775,1.292394639,0.759304571,-0.371985759,0.059346795,1.568836448,1.281166218,1.993869091,-0.780518853,-0.870212284,0.134370288,0.406895757,-0.142289165,-0.389684428,1.267395183,-0.090732091,-1.215211418,-1.099689087,0.247064325,3.002652485,-0.975943744,-0.314874069,2.404804775,-0.48428073,0.455460841,1.875910723,-0.951478681,-0.309260222,-0.484365934,-1.517895363,1.569365946,-0.585404338,-0.876245676,-0.444433888,0.928831405,0.112893537,-0.791666305,0.409149845,0.812594698,-0.023764588,-0.234760929,1.015875938,-0.179185247,1.608191506,-0.757634872,-0.780913466,-0.90379678,-0.238846457,0.002504061,-1.32563591,0.096757268,0.565354187,-1.465491555,-0.521171426,0.567485729,-1.089419266,-0.315978522,1.088183569,1.795182763,0.439915211,0
0.082283989,1.065480375,2.092299245,0.574294497,0.727451001,0.246896395,0.533261712,0.198605188,1.817774705,-0.060079668,0.831342532,2.085313982,0.653049879,-0.284500111,-0.734022531,-0.495558334,0.391709774,1.78425426,0.603624657,-0.38655196,-0.304925187,-0.149445597,-1.340629743,-0.457723808,-0.501554002,2.778112234,0.926874385,-1.073086727,-1.569205807,-1.306012559,1.413627805,-1.349039852,1.609735763,0.239733433,-0.245979032,-1.144626858,1.263840367,0.546217247,0.900103334,-0.272519864,0.666646272,1.481618812,0.595270247,-1.055705416,0.519926439,0.754795095,1.676859542,0.584985992,1.101515795,0.616295342,-1.354970513,0.829384603,0.119969447,1.99696587,-1.439271858,-1.132146216,0.725397552,1.511609969,-0.120265246,-0.114986248,0.20714859,-0.484144003,0.987537423,-0.482615059,0.700333337,-1.32325828,1.718533687,-2.120364535,-1.063255367,2.253442257,0.101020629,-0.659803617,-1.27710517,-0.436064077,0.289764224,0.486699965,0.322263935,-1.786243862,0.138931859,0.338980701,0.348632166,0.029463456,-1.228979619,-0.921538145,1.213095722,-0.775691427,-0.722025832,-0.296259645,-1.216631865,0.63380614,-1.268456852,1.084005601,-1.344797106,-0.279580396,0.343779072,0.790567976,-0.22500716,-0.702733372,1.419044822,0.181467576,-0.170652334,-1.818640566,0.191570841,-0.00498347,-1.355881497,-0.781128019,0.093354748,0.46739573,-1.018398487,-1.008835748,0.115654261,-0.841217883,-0.200686146,1.775318393,-0.042659841,1.022749949,-1.245502268,-0.767848595,-0.789059923,-1.103936606,-1.768413737,0.193066985,0.386887226,-0.945677619,-0.745161794,0.077969237,0.020808001,1.033089725,1.133707921,-0.66831294,-0.06764825,-1.000823761,1.502240234,0.266308036,0.993764144,-0.363265697,1.020758544,0.744355042,1.278902564,-1.343812658,0.074799495,1.097540704,-0.935669505,0.521879722,0.571332643,0.701047527,0.333737742,0.617603301,0.432747027,1.184912724,2
0.394452142,-0.420984481,1.442821475,-1.108749408,0.212363746,-1.192645163,-0.834945049,-0.728264654,-0.131780371,0.175421821,-1.106727091,-0.41350646,-0.991145413,-1.03530977,1.133559632,-1.391985336,0.074684701,1.698073366,1.206158427,0.425358535,-0.016253973,0.736642062,0.369393902,1.42262574,-0.133718924,1.001101695,-0.325725854,1.893496321,-0.161846415,-1.618934912,0.077705134,0.764601806,1.628681235,-0.996151476,-1.744422279,0.49671318,0.46577006,-1.411071927,-0.329597678,-0.284753379,0.823120026,-0.413705636,-0.4355109,0.114626418,-1.378111257,1.90078194,0.9340682,-0.701798016,-1.117638596,-1.040159394,0.586741479,-1.010380505,-0.249327257,-1.690822493,0.541266269,0.57874948,-0.184568875,0.193557904,0.795741009,0.166676695,0.780853008,-1.167976631,0.378694237,0.193451383,1.201984943,0.030372856,-0.097360828,-0.557132691,1.491228645,-2.356183314,0.511170524,-0.020382444,-0.183612222,-0.329322439,-0.055855004,0.478546271,-0.795039136,0.135027228,0.350760873,-0.953750829,0.50387162,0.35892274,-0.798965005,-1.18808081,-0.812112877,0.135376897,-0.075931542,1.393923414,-0.367129045,-0.889098783,0.657020629,-0.98002512,-0.790834622,-0.777745104,-2.997353218,0.566866665,0.939980995,0.916686597,1.885428367,1.507030593,-0.333966667,1.109240368,-0.097640313,-0.425969766,-0.755577746,-0.267623939,0.32897225,1.581137991,0.728645078,-0.771308335,-1.044128541,0.568544057,0.902374363,1.227476074,-0.26875113,0.469502858,0.855826656,-1.35105925,0.277771518,0.904347275,0.510391445,-0.080646668,2.609945167,1.930518668,0.009395745,-0.189726794,0.700278648,-0.057528831,1.271542409,-1.267253413,-0.240699648,0.685246037,1.003748248,-1.480917706,-0.954062922,-1.676259421,-0.873178447,-1.277214447,0.539131098,0.229004552,-0.153829113,0.026094801,1.194239569,-1.042269086,-1.930201586,0.710511881,-0.390963704,-1.018435193,0.554011312,-1.967646205,1
-1.359856141,0.746253566,-0.232436753,0.131224944,1.164860783,-0.722690111,-0.635324923,1.033585944,0.813915975,0.343659952,-2.177743234,1.279119188,-0.6099891,-0.579916667,-0.200113046,-1.197865305,1.218465389,0.172216409,0.699380906,-0.774593204,0.986617345,1.423686691,-1.274523257,-1.124994156,-0.805207293,0.924749129,0.180998186,-0.066253568,0.367265778,1.932142946,-1.745733777,-0.309934527,-3.076383719,0.506619326,1.087010213,-0.306662905,0.652780518,-1.535949469,0.478655123,2.454673591,-0.381969521,0.41747688,-0.589924845,0.175988145,1.107756986,0.599242962,-0.102341883,-0.118908557,-1.20162754,1.018146981,0.749139426,-1.255437728,0.175885443,-0.926865085,-0.455546509,0.811610694,0.989631899,0.711138923,-0.270625397,0.460557014,-0.772588632,0.752776884,-0.018265922,-0.474822364,-0.728802732,0.678439784,-0.136886397,-0.489592194,-0.493419258,-1.243335233,0.166525468,0.287326212,-1.481676921,-1.076050728,-1.648153956,1.204615412,0.618335969,1.103994106,1.620269744,0.439243181,-0.06008148,0.19521558,-0.644730776,-0.803578047,-0.420487871,-0.248130668,-1.66019216,-1.236424167,-1.270307895,-1.312216565,0.637315625,-0.334390764,-0.19276359,0.382788419,0.822833513,0.455648378,1.637720063,0.039575281,0.197283088,-0.605249294,-1.894225956,0.078990268,0.86388432,-0.742286295,-0.510795431,0.960365472,-0.048987172,-0.923343826,-0.957938755,0.656303025,-0.131172722,-0.145337963,-1.379714384,0.477007604,1.032477481,-0.362413529,0.409325551,-0.406879448,0.593862741,0.493847772,-0.384308989,-2.127253313,-0.799456252,0.344614597,0.883977379,-0.604735888,1.344530003,1.493785035,0.698337235,-1.135987696,0.711359757,-0.538401947,-0.593238954,0.452973954,0.428558121,0.456038008,0.656939816,-0.056936496,-1.448849183,2.082705782,-0.390920041,-0.712806468,-1.214852744,0.151686701,0.035699482,-0.120319272,1.498380991,0.658574916,-1.017686506,2.073882628,0
1.206508967,-0.816935671,0.476168944,-0.999507721,1.019661161,0.141226585,-0.357119839,-0.782861426,-0.654944477,-0.256559312,-1.026714202,0.038325402,-0.165211014,0.686598193,-0.149218985,-1.820951032,-0.309533493,-1.129085937,-0.596631061,-0.943881642,2.090126946,-0.339847039,0.71758364,-0.306370466,-0.226855997,-0.475222376,-0.696059739,-0.674819373,0.374471799,-0.05987275,1.329142061,-0.220216823,-0.276260546,0.040677103,0.605854528,0.116021912,1.345725534,2.577980804,0.819232016,0.376001008,-2.000852722,1.384809147,1.22728686,1.534605559,0.796297086,-0.949245541,-0.965207103,-1.090462041,0.080369478,-0.701060228,0.859002624,-0.571803302,-0.325803482,0.264344022,-0.478107617,-0.908107011,-1.812958261,0.93078744,-0.921174402,-0.383232338,-0.370996607,-2.061011635,0.286870354,1.404995376,0.959576487,-0.376119426,1.054568374,-1.733867186,0.832172688,-0.731058741,0.968097163,0.035603729,-1.204162796,0.24714958,0.000950373,0.238300493,-0.802013432,-1.171152273,0.613617963,-0.067128185,0.572665545,0.55455255,0.707950412,1.618505732,0.199253048,-0.997184512,-0.773686951,-0.290155203,0.211267626,1.378966816,-0.140479374,1.679419599,1.767765066,0.430547552,0.629966468,-0.459344993,1.680537461,-0.637199281,1.201969621,-1.032456039,0.640150219,1.11437809,0.90842048,-0.467002014,-0.269585906,1.538176894,-0.505808945,-0.471615364,1.504489176,-0.062662759,-0.05517752,1.838748808,-0.645295654,-0.73141914,0.179227008,0.032410504,-0.778382314,0.806030668,0.015280139,0.064914898,-0.004072738,-1.046054501,-0.81711393,-1.582093441,1.138932017,0.001707696,0.994772988,-0.45023302,1.148120775,-1.616804544,0.972052903,-0.078011429,-1.385515855,-2.822519908,0.501705295,0.98968324,0.061967551,0.603123138,0.446398452,0.055505469,0.959237521,-1.477481319,0.098452951,0.682764136,-0.446042951,0.255784979,-1.177050043,0.075567235,-0.720976073,-0.517173751,1
-1.407511695,-0.777816688,0.036656814,0.601477447,-0.554112308,0.039247806,1.398308056,-0.294075745,0.607886058,0.632898534,-0.75767779,0.687941656,-0.606848262,0.42906289,-0.622960486,0.281060297,0.129223829,0.111938157,0.271961188,-0.53065532,-1.166349038,0.081606465,1.102793289,0.583243936,0.447247684,-0.510886945,0.186491212,-0.830495731,-0.423587878,0.357098604,-1.816663332,1.729539774,-1.334170291,1.888715309,-0.838902733,-0.848781335,-0.397600102,-0.439423137,-0.60501132,-0.370569629,0.091715142,-0.897420244,0.840713899,1.412218435,-1.944706567,1.855387734,0.772539809,0.257560672,-0.574231527,0.166616239,0.897453015,2.609913608,2.191933589,-1.528619542,-0.207821011,0.077524278,1.343555606,-0.083855136,-0.755249157,0.053788906,-0.38533487,0.986513582,2.387591698,0.910559026,0.950852616,1.235588265,0.454540699,-0.398743318,-0.300218218,1.096002516,0.288937549,-0.982276857,1.309122042,-0.774115282,-1.127381883,-0.876895379,0.306386339,0.972724172,0.254700295,-0.556857125,-0.807925753,0.771120586,-0.092708873,0.341004367,-0.140270617,0.299441053,0.390247928,2.425374576,0.402487839,-0.387389479,0.175612697,-0.949633581,-0.958426671,1.249676852,0.304160295,1.119008508,-1.624916009,-0.975528607,0.298228126,-0.824359653,-1.423972868,-1.078910764,-0.321163838,0.413101993,1.715158999,-1.052592725,-1.000898607,-1.450937966,0.573114556,0.124809895,-0.964833069,-0.830822736,-0.123928689,-0.067358196,-1.039680295,0.177187779,-1.376256952,0.04901304,-0.177577236,0.401109135,1.211279156,-0.370676481,0.000399027,-1.980680325,1.971720866,-1.860592947,-0.082868755,-2.54860154,-0.825660097,1.735447693,1.144709791,0.985011798,-0.192752306,1.650928586,0.257360663,0.68984329,2.64690928,1.090322208,-0.065457905,0.510428875,1.404134305,0.622471145,0.783062582,1.287934632,2.530139211,-0.934804901,0.702079381,0.459586834,-0.385691564,-0.647382371,0
-1.515191062,1.366874267,1.016725856,-1.406969011,2.353605232,0.201848637,0.38172399,-1.439754335,-0.046567188,0.971674822,0.209921572,0.140195574,-0.051859569,-1.378000092,-1.383708671,1.169327127,0.882286706,1.030271172,-0.822820044,-0.157567761,1.231800186,-1.228655325,1.129882408,-0.586519593,-0.8552333,-0.0319163,-1.117001909,-1.896893594,0.076029687,0.53426577,1.215290173,0.606974713,1.965397185,1.361074976,0.738078752,0.468618825,1.230102183,-2.213022111,-0.480057041,-1.858481047,0.663097632,-0.742763877,3.019653142,-0.517925798,0.106363165,-0.402266534,-0.488831238,-1.246521884,-1.28014941,-2.179493002,0.545462303,-0.424646767,1.933628226,-1.244140184,1.47631452,1.572259335,1.277043167,0.23479731,-0.338205725,1.276067697,-0.791463143,0.270707595,-0.043747946,-0.891416863,0.278046972,0.741838252,-0.930828209,0.460120187,-2.229028187,-1.049155341,-0.457345723,0.357337237,0.86931475,0.082822891,0.566595734,-0.160581903,0.404748143,0.351909067,-0.509020626,-0.355379877,0.600127172,1.812087809,1.206818581,-1.129116056,-1.125581739,-0.535631349,0.098921338,0.048256257,1.240280277,1.295113306,0.005665584,-0.227696576,0.516746432,1.06320132,0.55243681,-0.431545803,-0.612253862,-1.110603718,0.193486848,0.623120098,0.734845193,1.15176037,1.480309601,-1.374965648,0.404762433,0.439259489,-0.073946408,-0.82834457,1.444629835,-0.588600511,-2.192568859,0.020072285,-0.237863667,1.857697273,0.489693954,-0.305262747,-0.19685509,-0.208403508,2.217133375,0.675483868,-1.407160172,-0.244439948,-0.023632448,-1.107568203,-1.782955457,0.595563382,-0.804632996,1.248771619,0.008194433,-0.47426882,-2.41673365,1.22231785,0.293526833,-0.448194719,-0.890291388,1.599091209,-1.064219701,-0.368647458,0.569745102,1.45076664,-0.216319707,-0.734816974,-0.106739209,0.904470663,1.129394885,-1.375159149,0.11494012,-1.434265409,0.884217171,0.422383901,0
0.332314012,-0.748486537,0.502799197,-0.587060918,-0.347064053,0.200415663,1.681248139,-0.712347052,-0.080093393,-1.078225226,-0.721947716,-1.087341435,0.244785088,0.425308769,0.687049347,-0.753649711,0.507943079,0.113100078,-0.057752497,-1.241422828,0.153253499,0.18495662,0.101728445,0.400050757,0.694595659,-1.098023309,-0.216696086,0.515767602,-0.268394821,0.959423557,0.090178497,-1.954922641,0.839428919,-0.117103227,-1.769710833,-0.25228986,-1.268364379,0.753131286,-0.03584098,-0.923745365,0.810848057,0.458525666,-0.235764737,-1.24559744,-0.842473794,-0.85745791,0.746497203,-1.680897286,-0.047234817,-0.250284391,1.035539018,0.232736558,0.535210285,-0.525360004,-1.230998188,-0.325475976,0.777162386,0.774890631,-0.430587571,-0.860743805,-1.056679125,-0.136626603,0.136551172,1.473191513,0.123330758,0.613765994,-0.780467988,0.041701005,0.140078456,-0.140530528,-0.021818797,0.126218468,0.481036813,1.169118043,-2.265547792,1.113737514,-1.710808116,0.308762821,2.355628969,-0.042540288,0.180019139,-0.310259714,0.667262347,0.362208553,-0.676047245,-0.114353055,-1.118436504,-0.118941421,-0.419372187,0.136540952,-0.709913897,-0.21443169,0.008772775,0.078417698,0.274283716,-0.174167665,-0.786693659,0.082073273,-0.178857826,1.024645642,1.150741501,-1.372080435,0.617154548,0.817744161,-1.345831296,0.579472819,0.895954918,-0.949646638,-0.236341623,0.186319936,0.57045806,-0.98843941,1.157006698,-2.02934813,1.323745549,0.550267468,-0.621771511,0.864405843,-1.047799044,0.114936054,0.238504874,0.236134814,-0.839717557,-0.496077172,0.126744866,-0.726743743,0.271452794,-0.614125968,1.000000026,1.562684951,-0.297464175,0.920258761,-0.212304542,-0.936431197,-0.425717741,0.085569741,-1.786957664,0.625656761,0.086020849,1.000543957,0.608137554,0.119948317,-0.355834935,1.522861722,2.169872687,-0.339149405,1.042293474,-0.706749659,-0.587685954,-0.386244951,1
0.64537595,1.368631558,-0.212843163,-0.367136997,2.054567307,-1.315356942,-0.045094449,-2.063459762,0.33089078,-1.341705341,1.102626308,-0.291025893,-1.401984268,-2.102701754,-0.978637489,0.239380891,0.421513647,-0.498437981,0.925797043,-1.135742893,-2.927059843,0.282553651,1.290095813,1.299333674,-1.299809241,-0.544693187,0.723820016,-0.627106108,0.105384861,-0.716439896,-1.089388757,-0.896373651,0.955725193,0.013782765,1.271881638,0.520420695,1.606465231,0.818068193,0.75934083,-0.120487899,3.009206576,0.11269822,-1.973423369,0.26803354,-0.982292243,1.017021522,0.725816758,-0.19151365,-0.887893013,0.146425727,-0.641233808,0.787803993,0.556015714,2.935966592,-0.445114539,-0.303425628,-0.154775674,-0.110985534,1.027078938,-0.276345645,1.972381716,0.58227511,-0.485736048,-0.741245685,1.040872193,0.028520152,0.009060054,-0.598480226,-0.061445681,-0.638954851,1.361711456,0.717060152,-0.174768839,-0.189468083,0.092174168,-0.005540239,-0.956936179,-1.900774128,-0.797700666,-0.128517491,-0.737833198,0.81933803,-0.229153136,1.873573575,-0.561494258,0.140716799,-0.288861756,0.439778058,1.065751129,0.608280959,-2.030796269,0.49986161,-1.010878142,-0.309769178,0.689329187,-1.119760908,1.155948007,-0.3533859,2.170937373,0.068677826,1.705342743,1.197679225,-0.611105082,-1.301690728,0.113627361,-0.582643119,1.57971878,-0.246859172,-0.300403959,-1.395898461,0.419217013,-1.174222282,0.442436913,0.580091726,-0.749675112,0.956579931,-0.274875439,-1.471243696,1.54528734,-0.923470574,0.507070541,0.425794474,0.389184674,0.371861916,-0.970187637,1.691349602,0.95624915,0.475056731,-1.332976236,-0.978367876,0.657456627,-2.003684112,0.33870386,-1.331176797,-0.868031778,-1.411067608,0.246106416,1.116361452,0.348017524,0.457833049,0.167958896,0.682693511,0.467085614,-2.715098194,0.906306738,0.801151962,-0.362312831,-1.974206728,0.242474026,0.326660804,2
0.071566237,-0.477657447,-1.672508647,-0.899634314,0.864727418,-0.499470741,0.415164391,0.417313862,0.889569923,-0.646591653,-2.551829109,0.396864636,-1.569003744,0.935176547,-0.042263915,-0.296031296,0.690555604,-1.741843975,-0.20020689,0.447874228,0.252843772,-0.488830454,-0.478733665,1.543242089,0.912671662,-0.664173195,1.348460944,0.755081017,0.488389642,0.52659014,-1.146121098,1.505264011,0.951507727,0.24512343,0.243606544,-0.091475001,-0.568708843,0.534548247,-0.795406786,0.150698704,0.097365063,0.385181571,0.941249958,0.403337122,0.693566422,-1.939942581,0.460413384,0.075056614,0.371724947,-0.529079742,1.150925342,0.250430462,-0.744814874,-0.568314654,0.902773547,-0.085289128,-0.004716411,-0.197712555,1.011130502,0.48232997,-1.18713354,-0.975771025,0.004567553,-0.643041664,-2.160531287,-0.745026228,-0.278522558,-0.400001632,0.720762245,-2.234539613,-0.772365478,0.795662704,-0.667661636,-1.211390909,-0.680700087,0.446207276,-0.253403563,-0.724959059,0.481780036,0.374867576,-1.263498209,0.094785946,-1.299485147,1.170091332,1.231197181,-0.287673502,1.064961616,-0.756214259,-0.139883514,-0.584789296,-0.024687249,0.066245114,-0.002663064,-0.090183712,0.127287489,1.255390479,-2.01087582,1.920921435,-0.350777575,-0.077904694,1.329301493,0.606689021,0.535018869,1.245630854,-0.164757444,0.91901552,-1.260485993,0.417524218,0.561816718,1.146049908,0.707832129,0.204484685,-0.317609754,-0.328742027,-0.320281262,-1.29787907,1.743429913,0.99867507,0.254500356,0.814937283,0.753052612,-0.992977496,0.636751266,1.269745986,-0.677894706,-1.533700679,-1.162042502,-0.096342599,-1.219752159,-0.172005152,-0.654714966,-0.000799109,-0.509662564,-0.035979989,0.60251556,-0.958058796,0.281338552,-0.852252605,-0.005752169,-0.081855637,0.355579689,0.184627306,1.238881066,-0.026062495,-0.627503668,0.929725836,0.330984006,0.88414743,-0.11996847,-1.308698935,1
-1.251539424,1.443764604,-0.289202217,-0.401578833,0.675364726,1.783893502,2.587410823,1.094499741,-2.287645317,1.050891446,1.038160876,-0.100756847,0.927236983,0.36016183,-0.014737806,0.253246836,-0.554097161,-1.839765036,-1.877429883,0.916967347,-1.025811849,-1.529509446,-1.549874849,-0.476065486,1.51587693,-0.145133622,-1.431125752,1.481720232,0.326599364,-0.346516462,0.485455881,0.011674123,-0.717350964,-0.546726809,-1.236860875,-0.469718234,0.930347852,0.902954375,-0.17590321,-0.164934099,-1.033486222,0.395984776,-1.383292165,0.831752232,0.418683704,-0.265168956,0.435460318,-0.341201402,0.188689594,0.214854684,1.166608664,0.489432049,1.048643198,0.393145368,-0.057352614,0.514796567,0.344925455,-0.361219954,-1.407645542,-0.522236009,-0.529645867,0.555240845,-0.065077644,-0.812528714,-0.164608042,-0.320628984,-0.918827025,1.467101503,-0.186196006,-0.791800393,-1.662244491,0.087465744,0.518102743,-0.651619805,0.140288631,-1.091379903,-0.229337385,1.084690152,-0.233488941,-0.644278676,1.342186525,0.197830488,-0.503104097,-0.86557975,-1.148877487,0.426782304,0.767013295,0.000110933,-0.198423149,0.588287257,-1.417975544,0.075893076,0.017219461,0.414642122,0.478918499,-0.407968359,1.854417529,-1.084641391,-0.476504494,0.858038877,-0.634920214,0.111434405,-0.532494936,-0.391298732,-1.294460133,0.760759746,0.782996574,0.779546362,-0.42929152,0.332151873,1.995137312,0.290170828,-1.156200949,-0.85401212,-0.901187209,1.320889625,0.394305712,-1.574005274,1.302929129,0.566665217,0.17441259,1.517262492,-0.22904297,1.361937984,-2.209551064,-0.732990528,0.791785092,1.678203588,-1.217784073,-0.418082706,0.166209686,-0.939402218,-0.263254707,1.582455269,-1.031384993,-0.240375602,0.272988264,0.465441704,-0.864740809,-0.178295854,-0.289842964,0.303631911,-1.176166595,1.271414966,0.258041491,1.067109743,-0.571254307,-1.220197958,-0.954541421,0.700670649,0
-1.398567574,0.562969237,-0.911206199,-0.060054858,1.591318174,1.053876792,0.793843845,-0.192779598,2.128830825,1.029814189,0.037418868,0.220410716,-0.458849655,0.393371691,0.593075034,0.702608085,-0.180683892,-1.473699338,0.241788346,0.706793506,-0.97855334,-0.090832578,1.341465825,-1.203475058,-0.28373435,1.487139148,0.157715354,-0.526011828,-0.007031593,0.825917132,-0.203505535,0.597582115,0.234990159,0.31707841,0.661541511,-0.294828083,-0.944510753,0.474395605,-0.132404113,-0.448111226,0.526385289,1.277347081,-0.154578383,0.008449539,-1.181767219,-0.222694608,0.221290447,-0.020444099,-0.362155833,0.72584167,0.058007679,2.588803118,0.207719265,-2.746502853,-1.112031609,0.532119279,-0.6433098,-0.581230268,-1.239229844,-0.476732471,0.193927756,0.385835714,-1.019895651,0.805406113,-1.19136909,0.437956109,0.337046775,-0.934358185,-1.053315526,0.382290441,-0.559882519,-0.190499345,0.687335818,0.479137161,-0.915944515,-0.05357919,-0.934715202,0.86993895,1.536516864,-0.845095315,-0.031167104,0.917461011,0.024211008,0.561505287,0.051606332,-1.056803708,0.118925017,1.127283639,0.31429207,1.623674284,-1.771503859,0.37904745,-0.648007985,-0.875631161,1.334418609,-0.255004978,-0.351545261,0.343575885,-2.152518453,1.35486594,1.904430314,0.915113445,0.411989741,-0.216575427,-1.075212319,1.194063816,0.916341623,0.450116255,0.333628889,0.300592414,-0.52593672,2.501168828,-0.285623541,-0.426704193,1.120606312,-0.029205772,-0.018994515,1.414569372,0.678615246,0.729418547,-1.417710494,0.400540179,-1.005607936,-0.454994007,0.17564127,-0.036209802,0.654218306,0.770699652,0.845633839,-1.344200943,2.362658262,-0.024578869,1.212933354,-2.514312848,-0.2653288,-1.460682098,-0.86136537,0.050555752,-0.334749439,1.314017007,1.768991997,-0.966834213,-0.487765165,-1.031088238,1.155900179,0.159043605,0.03233117,0.312466411,-0.311170891,-0.856470026,0
0.067528205,-1.424748186,-0.443044021,-0.479492967,0.296575545,0.463184795,0.197292266,0.311308673,1.699957375,1.071543152,0.190635591,0.941310581,-1.032523904,0.39792705,1.80930635,-0.218045895,-0.847633929,-0.652088889,-1.089633037,-0.784761908,-0.370508099,-1.405567019,0.015618334,0.902277174,-0.90775618,1.519283924,0.510792089,1.030580586,-0.657834554,0.854525227,-1.0919339,0.890247501,0.17183934,0.55325122,-1.175594606,-0.895069842,0.597228218,-0.948348004,0.463206292,-1.367137806,0.848174213,-1.232523315,0.552299938,0.625630934,-0.696771818,0.582026567,0.260442263,-0.538841856,-1.008554684,-1.962625692,0.349650047,-1.564802771,0.095344199,-0.263448216,0.679142775,-0.302045499,-0.329447786,0.731870704,0.335058029,0.316155957,0.46926759,-1.535572123,0.75678868,0.612468794,-1.016683129,-0.244080474,-0.039307288,-0.134496784,0.333859967,1.431366782,1.081766728,-1.312219193,0.62206999,1.32893332,0.386808521,1.090980425,2.012270446,1.023709546,0.249308596,1.045088474,0.144887833,0.023903043,-0.351414236,1.563413359,-0.818428666,1.532367725,0.499864124,-1.399306175,0.367649293,-2.100026508,0.625508017,0.885231483,-0.592355956,0.123547696,1.954157434,-0.505746704,-1.058907587,1.481663402,1.962587191,0.003695672,1.011463035,1.341475916,-0.742484233,-0.485305835,1.230874513,1.685014279,0.56288086,-0.879814354,1.987061112,-0.530970898,-0.335137781,0.342337834,1.554160421,0.853975977,0.4148655,0.46328853,0.043514669,0.558139515,-2.529560078,-0.296607459,0.241321935,-1.151014084,0.386323318,-0.204471221,1.755475698,1.573019725,-0.465805569,-0.150837712,-0.073947566,-0.451659476,0.195024984,-0.758282069,-1.130615335,0.622711224,0.629529584,-0.80431576,0.895355431,-0.631577729,0.253165238,0.820344013,-0.033612565,0.454740912,-0.516429644,-0.196466583,-0.205859431,-0.746578347,-0.176774163,-1.548618299,-0.491153747,-0.284875493,1
-0.082151178,1.117295832,-0.440792138,-1.619833618,0.180494694,-0.320787141,-0.295329644,-1.710217623,-1.508990214,-0.547997874,-0.927533731,-0.56935046,0.832513945,-1.06412386,-0.905708959,-0.527113183,-0.963347116,-0.21540057,1.027647677,-0.287492688,0.258215686,-2.321129815,0.081538334,1.47581579,0.098262329,0.128203725,0.285546082,1.568007639,1.353778735,-1.021956424,1.202633041,1.376072284,-1.710136708,0.026117012,0.525550038,-2.800373486,-0.680364325,-0.71577463,-0.645108159,1.044632356,-0.056554816,0.421188291,0.08944812,2.468113822,0.996420077,-0.01756936,-0.264021622,-0.696539017,-0.973212734,-1.196906802,0.98204983,-0.895004404,0.642034294,-0.503524116,-0.751091722,-0.330260901,1.791912179,3.037682317,-0.366495388,-0.458178986,0.955010228,0.152695377,-0.653307585,0.490781945,0.767520117,-0.240016766,-0.212061928,1.714977334,-0.820851429,-0.540034782,-0.462540108,1.699054655,-1.97667562,0.822409915,-0.02949871,1.813490222,0.3556291,-2.151387318,1.611488509,-0.236009376,-2.040686718,-0.405425417,0.036102606,-1.049150123,-1.531396064,0.296591569,-1.243818486,-1.025954144,1.357336753,-0.33055502,-1.217202313,-0.895582432,0.386207526,0.421919689,0.665713022,0.804276998,0.333523186,0.60802136,-0.475614371,-1.117820031,1.357963108,0.880254638,-0.281435847,-0.664366322,2.286139605,-0.904482417,0.227229725,-0.670241042,-0.411189922,-0.750231342,-2.164190247,0.390162884,0.656787284,-0.664624639,2.606298132,0.283300646,0.1672745,0.386950571,-0.592973458,-0.977607117,-0.761345432,-0.545088299,0.560646336,-0.37779468,0.618729427,-1.261591559,-0.644296251,-0.712293676,-3.817043386,-0.45796727,-1.037606049,0.457117231,0.732616094,-1.400260501,-0.245444366,-1.279719347,0.324486674,-0.687032617,-0.534047301,-0.216793752,0.285916209,0.055102076,0.393202132,0.718769396,-0.133111627,-1.035593762,-1.60129727,-0.762834449,0.224845562,-1.383083843,2
-0.773789199,-1.244654703,1.875858357,0.850117103,-0.551055679,1.242702871,-0.40139421,-0.982608344,-0.896977588,1.231348946,0.620245773,1.060836059,0.625090834,0.188847293,0.318011493,0.591078477,-0.602489938,-1.290300177,-0.485115063,0.54412335,-0.647837282,2.129616647,0.441263217,0.11948749,-0.606337316,0.915737012,-1.211942226,0.315771438,-0.43552968,0.120929643,0.486273192,-1.145662323,-1.670932013,-0.931652785,0.879241742,0.373133391,-0.402901327,1.9681471,1.285098364,1.043461985,-0.724205391,1.03234762,0.340708154,-0.722264895,-0.104100682,-1.038434671,-0.713484604,-1.144175741,0.95655413,-0.070925821,-0.941598838,0.517374329,0.001503316,1.050505481,0.133336709,-1.437187691,-0.496743663,-1.157194886,0.563007905,1.084460837,-1.543981306,-0.124496054,1.152750891,-1.559102774,-0.435015824,-0.000229699,1.067443585,0.544689232,0.749034798,0.602459981,-0.373131494,1.643407138,-0.670909208,-2.778410696,-1.800541055,-0.116890914,-0.331544749,-0.536364525,0.150204379,1.200427937,0.45402817,0.648550204,-1.079787577,-0.519449189,0.700355728,0.10801206,0.477062132,0.613723879,0.166190071,1.581906177,-0.531536055,-0.819091605,-1.764968803,0.748603291,-0.570054262,1.266005919,0.247952446,-0.338832864,-1.054637816,0.846511587,-0.053887428,0.267802236,0.604441338,0.265752967,-0.849818377,0.521268035,0.820200742,0.360229036,0.632348374,0.725544313,-0.396062854,-0.433557288,2.226786968,1.325759963,-0.048205887,0.682828956,-0.937684831,-0.598881262,-1.246909652,0.285661382,0.297365168,1.083826105,-0.212033934,1.066587906,0.652913328,2.459231205,1.667115975,1.492156728,0.835682617,-0.894225389,0.292794017,2.247555224,0.506954741,-0.821778564,0.335969468,-0.989604834,-0.856194199,0.412899262,0.739545925,-0.79792197,-0.559556468,-1.426375091,-0.129294011,-1.946027319,-0.299145002,0.079577021,-1.755789384,-1.007257917,-0.060091678,-0.196576987,1
-0.522723021,1.049009226,1.299378255,0.075951105,1.549767453,1.446594777,-0.949997878,0.071000656,-0.722428052,-0.144818009,1.658212243,-0.641613069,-1.186158568,-1.120002574,-0.395467569,3.745379228,1.472822306,-2.872951138,-0.035804677,-0.628958944,0.986322688,-1.179003261,-1.036437887,-0.571486238,-0.69170636,0.651544662,-0.334551135,1.003247253,-0.810343609,0.865758753,-1.15704913,0.614753648,-0.499885107,0.891635412,-2.44092028,-0.783256133,1.168325001,-0.20184335,-1.701257443,-0.70698789,0.383584556,-0.810912007,1.161052529,1.085100783,0.667714415,1.030840399,-0.515180529,1.487123272,1.075630627,-0.12887733,-1.62645219,-2.366740695,0.989670436,-1.611064161,-0.921302025,0.477081666,-1.299761705,2.434334985,0.237448639,1.478092992,1.042587068,-2.537966539,0.744455104,-0.016136089,-0.062468737,-0.025399564,1.054714287,1.645369378,-1.192121543,0.077302676,1.401924164,-0.207411336,0.202980961,0.217285355,2.114770443,0.748359573,2.070620271,1.743597926,-0.227041636,0.300781339,2.052155417,-1.141728839,0.76111237,0.771174981,-0.276401121,-0.380427093,-0.243209478,0.702446874,1.472964391,0.739014141,-1.257769831,1.505854178,1.19292736,-0.245601538,-0.654476655,-0.908180698,1.074337166,-1.879381429,1.098870237,-0.451329706,0.284905565,-3.421379621,-1.77333806,-0.679370243,-0.912392713,0.758424255,0.303201405,1.93406344,0.513330851,-0.650081263,1.223346548,-0.463063468,-0.520488199,0.002122947,1.619192165,1.05105068,1.019879839,1.960512636,0.996178667,-1.228453812,0.538322809,1.623158163,-1.518225076,-0.01537018,-1.067851371,0.128469885,1.135235575,1.342736332,-0.184186801,0.661387843,-1.504063254,-1.748451824,1.119595337,-3.026467527,-0.687325901,0.676906918,0.220621453,-2.836229051,0.525658117,-0.861288684,0.120815471,-0.623999537,-0.692187512,-1.799630261,-0.359028501,1.236188767,-0.422636063,-0.37719053,-0.704508799,-1.286117317,0
1.006292809,-0.57689187,0.320580078,0.537907542,0.349328909,0.846219015,-0.200410983,0.164889961,0.028375062,-0.437955636,1.011707308,0.990641974,1.205788804,-0.763699456,0.350809151,1.092367044,1.502896423,-1.508631582,-0.00288618,-0.189216224,1.590840569,-2.209349818,-1.047316627,1.43303262,-0.469719905,-1.30145988,1.512037142,-1.431814697,1.022036056,-1.56025613,-1.44253131,0.200141323,-0.84830905,0.272335067,1.802044908,-0.155013891,1.62778732,0.324291754,0.955872424,-2.353232827,0.636304696,0.482763585,-0.360069252,1.895530906,-0.493208384,-1.608874222,0.781957044,-1.423676312,0.076586807,1.339864263,0.498478315,-0.247388182,-0.351126245,1.265342629,-1.219914977,0.775055073,2.193608773,0.543436755,-0.238018379,-0.160065404,-0.480380379,-0.651045066,0.117775697,0.679484534,1.610773492,-1.956539975,-2.43904659,1.630079432,0.057136761,0.109508763,0.501295789,-0.186859682,1.975156589,0.491828718,-0.447600217,-0.358182605,-0.143531034,-0.777105812,1.68948737,0.123958406,-1.1705006,0.405202064,1.439042985,1.060816374,-0.759810486,-1.109071296,1.427322285,-1.624310358,0.370917559,-0.568525297,1.313643046,-1.054734228,-0.79646894,0.617028497,0.795515864,1.359596801,0.472927137,0.349484608,1.049116139,-1.370609278,-0.879651398,-1.286796549,-2.685688208,0.842157738,1.429685115,0.555994964,0.38007414,0.084962438,0.055143846,1.695223432,1.549184966,-0.585030576,1.108802343,1.22942747,0.65039333,0.387580713,0.353272953,-1.482014362,-1.570683346,0.783291388,-1.100379283,-1.389285366,-2.075470504,-0.475707062,0.374336177,0.454920813,0.850595108,-0.391498673,0.107279113,0.845818055,0.46397803,-0.584869106,0.299644977,-1.984231408,0.000123055,-0.618402011,1.518576713,-0.977224115,0.116678585,-0.428832752,-0.558225079,0.377331876,-0.418203326,1.851990505,-1.974592909,0.631170792,-0.08479476,-0.050315846,0.302122508,0.99775275,1
0.0052437,0.046980594,-0.817409612,-1.521097902,0.627073507,0.095033332,-1.071986386,0.304362558,-1.423492366,-1.043763098,-0.710221331,0.540136322,1.399441679,-0.586008448,1.322458642,0.047403551,0.236138161,-0.063804558,-0.197313753,0.439300037,0.740321186,-0.884611304,-0.18930047,1.669275097,0.177188654,0.286693854,1.167268539,-0.501244499,-0.033960622,0.816844897,1.238902231,-2.365143294,-0.736668791,-0.998365306,-0.123825103,-0.922672777,0.6641055,0.172410341,0.889190169,0.953007957,0.679086018,-0.335790551,0.104277539,-0.460873905,-1.364735314,0.953787847,-0.084064627,-1.502611964,0.536949571,-0.223948918,-2.059803973,-1.373729272,-0.700611159,0.210512058,0.788019985,0.753768931,0.602862955,-0.034362372,1.722232311,0.699871244,0.222105369,0.566588106,-0.399035003,-0.057243601,-2.08195404,-0.386747662,1.759888016,0.148375277,0.106739777,0.998604095,0.357825416,-0.786483804,0.023657512,-1.135219125,0.183612171,-0.837749952,0.928294612,-0.510240622,-0.824703909,-0.112831988,0.365391819,-1.207331997,-0.521266597,0.105162306,1.33836855,-2.528715764,0.615163204,-0.383565564,-0.494610347,-0.68112696,-0.363895584,0.620817201,-0.536786471,1.658592016,0.623866784,0.197972125,-0.166056118,1.189854204,1.336019687,-1.161382147,-0.701898105,0.634630206,0.936680944,-0.300340548,-0.74244486,0.078612626,1.476693431,0.04103426,-1.26394077,0.109583228,0.782748071,-0.101377311,1.258166812,0.865849036,-0.061758924,0.04314402,-1.841759705,1.210226725,-0.329517349,-0.399956739,-0.549853607,0.456697562,-1.128693001,-0.984172782,-0.052525102,-0.626513332,0.335233573,-0.589889279,1.595036264,0.693457507,0.680886212,-0.604961754,2.405679674,-0.439011014,-0.713810277,0.706742597,0.195228133,-0.818384309,2.195847162,0.975599498,0.004005301,2.401110131,0.810780144,-0.01190097,2.281437645,0.658984733,0.615245262,-0.386347627,0.049413486,-0.410692996,0
-0.818220683,2.092387276,0.994693151,-0.001307534,-1.394478578,-0.143321069,-0.852928322,1.108197896,0.605932094,-0.313756945,0.142148013,-1.308121577,-0.753777459,1.553279188,0.053514653,0.930085805,0.232013088,1.314281843,-1.998837533,-0.188217584,1.644781646,0.956173436,1.325372259,-0.006764594,-0.537106415,-1.02716446,-1.096928092,0.807060562,0.51321105,-0.066573449,0.508190655,0.142451759,0.962217701,0.952686755,-1.0658741,0.273645987,-1.66886675,0.133020738,0.60430428,-1.313719345,-0.416462735,0.009526377,0.233914916,-0.278603703,-1.172288152,-0.054007202,-1.652243567,-0.232641437,-0.441373614,-0.134265673,-0.559321977,-1.507680838,-0.366343321,0.930820125,1.261460804,2.439334279,1.691650408,-1.196937927,-0.408437601,-0.022785635,-0.085559834,0.06953333,2.407591422,-1.082051546,-0.713531136,1.64382593,-0.615981343,0.39358065,1.03465737,0.486499017,0.191765633,0.93861077,-0.893068557,-0.496363129,0.535637588,-2.069439259,1.416583823,0.303392375,0.153031753,-1.630512878,-1.286609125,-0.398583664,0.80742985,-2.076616012,0.788364801,-0.360031324,-0.223423473,0.253592942,0.269317238,-0.71242859,0.624910088,-2.31939814,-0.450418887,0.153681763,-0.344949315,-1.826910304,0.758027379,-1.248387812,-0.067514008,0.153034597,0.019827154,1.169010926,-0.05326256,0.427455405,-0.055904033,0.612956084,1.393495297,0.137541829,0.781850358,1.455328935,1.357184247,-0.385289404,1.036432356,0.24877116,1.117229998,0.568634584,0.275668076,0.43397208,0.255237956,0.294333045,-0.158832361,-0.251724341,1.763174929,0.477527911,-0.573304922,-0.277417431,1.056258453,-0.73618671,-1.482027682,-1.408449141,-1.7289756,-1.298814858,-1.18086594,1.38523738,-0.046179213,-0.363263539,-1.443413063,-0.143126397,-1.737328063,-0.369417171,2.06449439,0.663803579,-0.20979816,0.698123605,-0.521543178,-0.800677743,1.70412963,-1.142274654,-0.354121236,0.306033282,2
0.915402118,0.32875111,1.038012527,0.764213203,1.727963835,-0.469346466,-1.285864017,-0.505489755,0.208853543,0.058212727,-0.393437896,-1.909197459,0.470482996,1.972344479,0.464251238,0.609135519,0.572445306,0.39704667,0.931665967,0.395373681,-0.31267717,-0.79598891,-0.248973655,0.314129496,-0.316082961,0.314338683,0.439150134,0.833179431,1.282794969,0.078007418,-1.307776565,-0.345104097,0.044062567,-1.835768756,1.38866452,0.142377913,0.381352835,1.365526463,-0.63014283,0.574041931,-0.109864123,-0.184086867,-0.772192388,1.665603214,-0.37550004,0.699464247,-1.875007387,1.17998853,1.052211156,0.09743411,-0.226942466,0.400000006,2.288790661,-1.763236699,0.782027388,-0.911617302,-0.019918396,-0.247880119,-0.428318258,-0.010465129,-1.134171145,1.029180436,-1.794143511,0.539764513,-0.326535853,-1.170924894,0.202383371,-1.556951087,0.039713822,-1.422876908,0.461272084,-0.924357334,-0.450994017,0.293949388,-0.772542112,-0.057964,-1.513830501,0.630875604,1.764913806,2.792208868,0.091168147,0.788204141,-1.780625673,1.502734326,0.776228505,-0.483933445,1.2371808,-0.254476077,-0.458025183,0.475334925,-1.0633545,1.021624764,-1.055989812,-1.05005479,-0.909689788,0.759500038,-0.616775362,-1.347995784,-0.60568,-0.032042371,-1.180972484,-1.151681109,2.111296334,-0.860565404,-0.323042369,-0.367237001,-0.421356808,0.62134674,0.94814295,-0.305954432,-1.236478287,1.274440228,-0.095341091,1.730321815,-2.245585898,0.195403221,1.918606334,-0.353264135,-0.225493423,0.295511692,-0.558795819,-0.312071932,-0.337815094,-0.627420734,1.22885655,0.461078032,0.250628232,0.808571007,-0.264355833,-0.774203818,-0.602624305,0.001783041,-1.059211708,-0.500261017,-0.516116642,2.12455623,-2.77381494,-0.179619721,1.725693793,0.121844464,0.753417473,0.099826315,-0.667333381,-2.241915935,0.205455687,-0.775606605,-0.800335406,-0.498987256,1.744861407,2.404837542,2
1.502357052,0.07409478,-0.169253286,-0.501398021,0.910754099,1.133406399,-1.156435797,0.910426816,-0.607046302,-0.859555774,-0.153644204,0.991613243,0.309405325,0.282331665,0.352441654,0.467658019,-0.114151218,0.631888765,-0.659682196,0.651007651,0.856985348,0.699136595,0.751028832,0.46486564,1.173442915,-2.271613784,0.853745958,1.975457527,-0.621895475,-0.733729858,1.286319013,-0.926739339,-0.666724313,0.16994852,-0.79895121,0.875024502,-0.790802122,0.360633348,0.284482463,1.663888072,1.165301866,-0.529527541,-1.264492406,0.837968842,-0.653390835,-0.335676738,-1.05982769,0.679011931,-0.646493116,-0.035041688,-0.019503066,0.18356062,0.661638502,-0.242820372,-0.741427582,-1.859544634,0.102629629,-0.156999041,-0.71047283,0.062552462,0.855982673,1.111888085,-1.535137418,-0.360861301,0.961025212,1.596041035,-0.817263653,1.378322929,-1.350096282,1.148284563,-0.281756332,1.562823266,-0.464031216,-0.309890727,-0.133392629,-1.537050155,-1.762472671,0.510154193,0.988462347,0.607577503,-1.253975614,0.480188745,-0.990203974,0.407652708,1.131299145,0.367466853,1.468533902,-0.149987471,-0.216649321,0.067351298,-1.342641084,-0.402951076,-0.31513317,-0.283999943,0.268291167,-1.48032912,-1.145613984,1.132069597,-2.007248224,0.616371069,-0.373559681,0.160122482,1.558098785,-0.131182786,0.625388006,0.058566968,-0.10937617,-0.233175298,0.701058349,-0.731601866,-1.132023189,0.074474973,0.192784004,-1.824158165,-0.010487429,-1.226876921,0.626843107,-1.803684856,1.92507583,-0.338198417,-0.864961948,-0.28297246,0.556270859,0.890470089,-0.27431131,-1.438690415,-1.212297134,0.286387699,0.98732713,1.117475252,0.168092575,0.967299566,1.912349218,1.190347713,0.922037901,-0.806557183,0.96261962,0.461232478,0.650645628,1.261106279,0.358557848,-0.102546331,-1.069865808,-0.296516318,0.212852267,0.27761934,0.243876299,0.95950986,0.8653647,-0.062088241,2
0.096120777,-0.462275289,-1.40922213,-1.022825807,1.506434754,1.521785297,-0.016183191,-0.023367603,1.172810443,0.532131414,0.606336078,-0.924815283,1.149361032,-0.199660766,-1.392355365,-0.781344865,-0.597080338,1.478015141,-0.696631943,0.384689417,-2.110253992,0.936804238,-0.791585674,0.390821624,0.39043179,0.63298793,0.332306289,1.914529385,0.20873686,2.248529843,0.637732812,0.274713202,0.891510286,0.196722344,0.449158698,0.347293263,0.247513425,2.118520999,2.272373037,0.32703186,1.259458968,1.200949012,1.092752936,0.545051525,0.663399107,0.571211042,-0.718553343,-0.065313351,-1.19679717,0.576442304,0.431172428,0.699322306,-0.774789766,0.964488232,0.471313762,2.232957177,0.806049885,-0.597770752,-1.350257995,0.21815714,-1.029221894,-0.734515945,-0.965955821,-0.58112728,1.456204283,-0.967342114,-0.424686847,-1.430559725,-1.706406509,-0.279419513,0.207484391,-1.150354364,-1.519434652,-1.871332407,0.145438588,0.934939825,-1.428292224,-0.64775538,1.082273847,-0.213549528,-0.100386588,0.380305432,-0.443168082,-0.777703383,0.307338776,-1.38125471,-1.612214609,-0.692043368,0.712056804,1.162465681,-0.474906685,0.830291071,1.381703596,0.037752881,0.636424331,1.866561656,-0.704789106,-0.241627237,1.60051034,-0.940227928,0.155519939,-0.628284155,1.363705322,-1.184798462,-0.067143877,-1.046961849,-1.466557715,-1.898103166,-0.16466866,0.483651019,0.018320499,0.234608309,-0.434402988,0.98437864,0.727798883,0.125526368,0.20543562,-0.465777154,1.945427101,0.808209458,-0.102809125,-0.172625724,-0.38970438,-0.298670695,0.246399129,-1.706670966,-0.249107319,-0.131095174,-0.008311362,0.174612238,0.031881104,0.405099578,-0.134967555,0.988003401,0.657831155,2.245938009,0.701740041,-0.745165199,-0.156784406,-0.507307432,0.007965349,1.097863166,-0.323850938,-0.568514118,0.516287342,-0.815261271,-0.874326107,0.381974551,-1.791551283,-0.482721917,1
-0.839721842,-0.599392645,-1.489244251,0.558900524,0.072806129,0.09109401,0.336517566,-0.350365844,0.070098959,0.241452425,0.746057939,-1.527161033,1.290885896,-1.155290343,0.761628464,0.079445099,-1.281156343,0.52814547,-0.945406639,1.068795555,-0.710834839,-1.494986098,1.533845105,0.181323671,0.867191126,-0.851471879,-1.891810537,1.675202424,-0.006426812,0.491351894,0.656595781,-0.335391053,0.226229548,1.593952593,-0.032441229,0.942101316,-1.99124698,1.12376063,-1.522004298,1.009408824,0.39063122,-0.095920676,-0.099588221,-0.252731093,-0.820669519,-0.205976279,2.208059078,1.302306711,-0.871003179,0.267687402,0.095979163,-0.142293443,-1.002777557,0.445897985,0.84607163,-0.833898685,1.955541417,1.522003249,0.548165559,-1.231719703,0.401408626,0.281978002,0.513155276,1.590464272,-0.175974055,2.04782658,0.406504346,-0.290463176,2.399377207,0.8298919,-0.454733887,0.084216589,0.635233022,-0.150861027,0.133907869,-0.817203604,-1.685194531,0.106419323,0.140027822,0.527119592,-0.576189707,-1.340554295,-0.96532447,1.055633757,-0.666611312,-0.442080986,-0.312413564,-0.619276169,-0.693210828,-0.871123565,1.400656575,0.680100683,1.247820773,1.449339756,-2.349879797,0.343454642,-0.586178634,1.116809644,-0.741471203,-1.054149756,-1.434045861,-0.302674911,0.914945263,0.256167217,-1.202648265,2.15265909,0.649538639,0.777410116,1.285028827,-1.640215589,-0.911434139,0.823011357,-0.810738328,-0.275013472,-0.077740653,-1.277405389,-0.360817182,0.914503217,0.72945389,1.113014662,1.009875874,0.405873926,0.326678498,0.25333076,-0.627047167,-1.029944724,-0.689597346,-0.326029317,-0.655825945,0.413831738,0.201895216,0.309323499,0.351408066,1.195663938,-0.008572892,1.008369434,0.516585358,1.129633537,1.614629834,0.57664958,0.10376825,0.097307817,-0.47016608,-0.503772147,0.902117163,-0.963670292,1.614772636,-0.151723253,2.862077893,-0.693115427,0
0.481009232,0.223884024,0.313267486,-0.22796627,-2.120166091,1.849515576,-0.835493953,-1.341149127,-0.030876196,1.184253465,0.513016458,-1.315640653,-1.480593609,-2.19157873,-0.291604611,-0.473090934,0.513870605,-0.685510243,0.973707494,0.654684189,-0.728881646,0.391174595,1.328972091,-0.96070595,-0.213327872,-0.232788192,-0.357715037,0.80189631,0.881082579,0.406673191,0.358935107,-0.562208422,0.330527959,-1.285169644,2.478542012,1.350266396,0.956536709,0.408337379,0.409182017,-1.690121208,-1.258611533,-1.133969742,0.058350713,-0.281520858,0.811328353,-0.965547686,1.02661339,-0.820380284,-0.417963637,0.895444756,0.504654587,-1.251455989,1.064060623,0.088986299,-2.142206574,-0.842681908,-0.409626523,-1.169338427,1.342712643,-0.374758849,0.460182981,0.206587663,0.70574538,1.673050642,0.67570055,1.742614176,0.702251919,0.131531944,0.321456104,-2.625368538,-0.45515546,-0.143582555,0.438054302,-0.025509619,0.333875981,-1.323189945,-1.581342872,-1.183132176,1.571194441,-1.267898858,-0.788605004,0.105153478,-1.591622943,-0.872344827,0.676781796,-0.4380424,1.683486233,-1.698556069,-0.34560319,-0.437778104,-0.008934154,-1.226763597,-0.580477878,0.789123431,-0.269401311,-1.069727905,2.08005026,0.049099811,0.613343957,0.764144313,-0.070757823,-0.789743638,0.199197676,-0.70011163,0.371568797,-0.16424034,1.02941501,-1.141500459,0.718516923,0.613780268,-0.23902329,0.730195544,0.418892868,0.667151779,0.60351611,0.050120372,-0.596204297,-0.60775521,-0.21464642,0.843143352,0.632248882,1.005981477,1.10627822,-0.216993348,1.962421677,-0.103980049,-0.493896462,0.33333298,0.483711971,-0.741560039,-0.158652002,-0.446971421,0.141542908,0.795859014,-0.265909277,0.572714989,-1.388847583,0.889785825,-0.453430357,-0.471261479,0.400339893,0.452901432,-0.11230798,-0.888798706,-0.479568927,0.095242417,0.489841143,-0.822949084,-0.640142081,0.262943636,1
0.099332305,0.751387123,-0.278300009,0.985079552,0.077141756,-0.472146334,-0.638888766,-1.982903767,1.164371303,1.050905169,2.927368898,-0.334619705,-0.666793602,-1.701435223,0.959966344,0.729826435,1.551779919,-0.916642019,0.716365564,-0.522040576,1.343716194,0.536215121,-1.555694031,-0.13119704,-1.948114202,-1.163281712,-1.102797485,-0.640941449,-0.262685784,0.164583095,0.114545701,-0.023859829,0.332385428,-1.249794641,0.073178715,1.434459027,-0.165802827,0.494672766,0.401624712,0.862268431,0.2871389,0.845365229,0.507291379,0.657285009,0.442127642,-1.006789348,-1.170764347,-0.353227459,1.551640528,-0.171653044,0.309559485,-1.967306323,0.193741901,0.085908018,-2.673318958,0.290888942,-1.650980557,-0.725349165,0.994472013,0.157451527,-0.448450091,-0.534075199,-0.417992234,0.160888954,-1.200642857,1.124417468,-1.147563679,-1.727057533,0.991153132,-0.436921324,0.070459591,0.654631017,-0.719436948,0.137145752,0.648214982,1.643234886,-0.511058892,-0.4629472,0.563326619,0.208592964,-0.137035759,1.592689983,-1.682437269,-1.42174545,-1.67088194,1.201679961,0.514723321,-1.370745084,-0.123033391,-0.027675593,-2.209219619,0.188277128,-1.177546062,0.706668547,-1.146941246,0.219159821,1.294570233,0.974560081,0.507164884,-0.081335576,-1.500104237,-0.43909584,-0.226006169,-0.297822343,-1.533522242,0.434434745,-1.180915672,1.546108944,0.148021185,0.979262628,0.95859314,2.077931642,0.181881005,-0.39006125,-0.370785191,1.496102641,-1.320235416,-0.878124578,0.236991761,-0.152797454,0.967644458,-1.338693237,-0.066946008,-0.187011743,-1.072243971,0.878660121,-0.09178429,-0.134074611,-0.824703457,-0.369865583,-1.021627589,0.863766385,1.032815997,1.680061525,0.434053377,-0.339218593,-0.468963223,0.490648044,0.200863555,-0.174208146,-0.262078577,1.171190421,-0.431847344,1.346675927,0.182136194,-0.367880817,-0.785269245,-0.15452473,0.503365671,-0.377012958,0
0.570890511,1.13556564,-0.107346822,1.551377721,0.225841834,-1.351547454,-1.197166593,1.672989703,-0.621134799,-0.942963372,1.477372561,1.011097006,1.274059643,-0.95004188,-1.525105641,0.133166489,0.335126133,0.364601804,1.478183936,-1.73376709,0.859695051,-1.096625044,0.855735321,-0.474956705,-0.813971796,-0.609902707,-1.445610201,0.04042894,-0.772673391,0.786298231,0.640056081,1.688157053,0.366327484,0.520677767,1.400099812,-0.627662696,-1.488258213,0.200094059,-1.422633469,2.453938673,1.455498292,2.163976333,0.062446977,0.550573594,-0.459475432,0.882924806,-1.215543212,-2.543093189,-0.790710619,-1.455473476,1.477926736,1.815677455,-1.402929072,1.291715608,0.951384984,-1.569776685,-0.390267531,-0.580163722,0.747995399,-1.228779351,-0.098872626,-0.685934504,0.473341183,-0.216792032,-0.535245704,-0.213296576,2.036042833,-0.416899636,-1.041005218,0.583433569,-0.143524669,-1.415233931,2.231496335,-0.352478946,-0.377869454,0.159835352,1.730116769,-1.679745327,0.275985849,2.087272162,0.128728681,-1.235333979,-0.618396853,0.20688253,1.330803916,-0.339335844,0.826651797,-1.435368827,-1.44371837,-0.482800689,1.438028722,0.06887464,0.289811196,0.278079596,1.109207983,-0.610220693,0.688285108,-0.830882664,1.983272656,-0.800391104,-0.882389303,0.549669813,0.079788431,0.326852406,0.227313795,-1.090392199,1.613358929,0.893542206,1.358949951,-0.528330889,0.416523545,0.197368462,1.128002626,1.160248132,0.193050803,-1.517951132,1.779661887,0.555987434,-0.608437041,0.406542138,-1.511093548,1.055353067,-1.471211744,-0.220834492,0.24445445,1.038839712,0.106544676,0.634962874,-0.028166908,-0.032185951,0.08547725,-0.189057921,-1.686570243,-0.768323494,0.244774841,-0.249121003,-0.155809082,-0.323353669,-0.863598393,-0.493099461,-0.306831744,0.005143141,0.393378344,-0.180550291,-1.029655256,-1.39808204,2.597437207,-1.12981503,-0.518625001,0.517000303,2
1.886185901,0.174577813,0.435211528,-0.74149825,-0.34375652,0.121461064,-0.499451193,0.66908521,1.869066504,-0.754298133,-1.665125296,-2.001740167,-0.150468141,-0.66316459,0.207860501,0.132597672,-1.603216847,-1.814883829,0.29593324,0.135428835,-0.425817998,-1.657143585,0.471391263,1.271899545,0.27798244,-0.847473891,0.044552166,-1.366114081,1.057960714,0.081844335,-1.768156912,-0.30067436,0.46330151,-0.333047621,-0.275895721,-1.224402207,0.566540987,-0.6484692,-2.156445377,-0.371257371,0.981149716,-0.386929447,1.737984985,0.428967949,0.338758162,-0.128398266,-0.068286208,-0.263423635,-0.302269392,0.530867162,-0.93583123,-1.075893829,-1.123195051,2.045654548,0.530342902,0.304492202,-1.05751467,0.623342301,-0.116571346,0.214168941,-0.976620316,0.160268857,-0.423833538,-0.765611157,0.734106336,-1.537707809,0.564776264,0.684486134,-0.879643676,-0.820328461,-0.223025681,0.28203621,-0.152854992,0.43356246,1.762979653,-0.507716769,-1.715179971,0.825923583,1.683314576,0.392768363,-1.087748675,-0.123892363,-1.118523484,0.642855494,-1.351290403,-0.300128787,-1.004337826,0.126824685,-0.366341677,0.176762103,0.022350555,-0.986659028,0.626877064,-0.048765652,-0.988529008,2.240926556,0.476430167,-0.153260553,1.415204527,1.841815609,-0.145349422,0.347397486,-0.988002818,-0.147192751,-0.199062554,0.184827034,0.332760479,0.559828449,0.237642656,-1.210742627,-0.938467106,-0.546407619,-0.282240592,1.05077429,-1.162938987,-0.357415048,0.953009498,-0.299877474,0.46041565,-0.139542043,0.256783257,-0.228472544,0.667065473,-1.545056407,-0.363312008,0.296572677,0.533695248,1.492952623,-0.391024667,1.479481762,-0.659023827,1.328646412,0.817467127,-0.91345858,0.307039237,-0.051235836,0.625584594,-0.223271588,-0.307246226,1.369094583,-0.098720894,0.826422324,-0.225351485,1.666663259,-0.678334629,-0.614143531,1.524517181,-0.444946391,1.601074306,0.89184058,2
-0.074433429,0.620672098,-2.745187022,-0.83368041,-0.231124666,-1.899140364,2.494500221,0.41551736,0.544420161,-0.149999506,0.737536864,-0.300878755,-0.1619704,1.404985493,1.097997422,-0.010947332,2.022474011,-0.0820243,-0.505786286,0.126957408,0.30088005,-1.192406257,0.487482613,2.114678612,0.950066673,0.664069074,0.480402502,-0.997847629,-0.996458235,0.163112669,-0.428197879,-1.446652081,-0.350593553,0.450681914,0.580302219,-0.832761467,-0.045915616,0.41476762,-1.268262432,-0.772434727,-0.013190199,-0.909211828,-0.32793743,2.495783411,-1.507224736,1.424657683,0.341665379,-1.224018473,0.678589867,0.042899962,1.205337268,0.660493649,0.196323834,-0.306443167,1.168917569,-0.392039821,-1.400183497,-1.895872624,-1.235999567,0.802965043,-0.36322297,-0.772007264,-0.433569731,0.829443516,0.633319956,0.16200427,-0.599795472,-0.390552717,-0.132330049,-0.894641641,-0.110517477,-0.946779121,0.36580648,0.478169152,1.1172109,0.260477231,0.22876229,-0.835725322,-0.047515236,-1.022524578,-1.704286597,-0.265156496,-0.503764409,0.611427308,-0.961714123,2.813484427,-0.479928983,-0.070321648,-0.566854542,0.777822894,-0.213791984,-0.979272591,-1.833479579,0.57391838,0.649809882,0.342721511,-0.215243506,-0.319213169,0.777513157,-0.101051245,1.124529472,-0.099047257,-0.135326878,0.370854762,1.391740977,1.176741605,-0.048236795,-0.373731531,-1.208318499,0.692076677,-1.783801431,1.705219017,0.843132347,-0.745960982,1.230892244,0.548181343,0.467691051,-0.266925667,0.552655701,-1.416777094,0.062853258,-0.679875787,-0.288054879,-0.688915025,-0.637700872,1.288445893,-1.432868666,0.408662534,-1.130689121,1.321503824,0.427800728,-1.404689872,0.334667419,-0.695864317,0.226877589,-1.328425311,1.230960583,-1.997409532,-0.807574293,-1.08197841,0.379253712,-0.492514368,-0.184399632,-0.64153176,-1.368444057,-0.228542045,-1.302895891,-1.832037417,0.625919809,-1.239066098,0
,,,,-0.991392349,-2.153390114,-0.638961748,-1.323089793,1.64201516,1.009817089,-0.688150345,2.252435805,0.981765487,-0.324831384,-2.499405715,2.290942573,-1.389572467,-1.645398747,1.022570432,2.439752406,1.384272819,0.56390912,0.594754342,0.853415559,0.75892859,0.281191424,0.104201104,-0.062593128,-0.753964589,-0.280675077,-1.692956814,-0.098339627,-0.988591107,-1.103589317,0.179894151,1.392002286,0.918316606,-1.570500604,-0.989628137,0.940771188,-0.982487394,-0.22463315,0.550052099,-0.968344455,0.105375506,-1.334025495,-0.601367644,0.319781934,-1.592993734,0.440474738,-0.019637799,0.552489954,0.223914134,1.36414043,0.125224503,-0.429405541,0.122297503,0.543298029,0.04886007,0.040591691,-0.701991688,-0.662900918,-1.402605272,1.749576743,-1.243863235,-0.692905198,-0.718407266,0.894924377,-0.294949678,1.247742073,-0.673490624,0.278994162,-0.835347053,2.145149128,-1.187598419,0.30982071,0.633776881,0.413799097,-0.185287659,-0.1298207,0.043811472,-0.147002002,0.963879117,2.210523002,-0.557491785,-1.36980298,-0.088282048,2.579709338,-0.803674568,1.639116805,1.677700814,-0.553588242,0.568983079,1.628396623,-0.379127741,-0.20358036,-0.581680914,-1.014756731,-0.649277545,-1.223940267,0.034083468,-0.769973231,0.233785912,-1.555895646,0.330880232,0.833528962,-1.993735643,0.37405657,1.227668992,-1.209641019,1.672572387,0.419019009,-0.705011856,-0.055769078,0.558326913,0.076005391,0.538755992,-0.920673593,0.169360824,-1.413714497,-0.111226061,-0.903907641,-0.735529943,1.236093175,1.091310121,0.609138121,-1.092312765,-0.31640845,1.2130977,0.141716914,2.31932954,0.393317839,0.192049116,-0.309116464,0.133540905,-0.152469836,0.708108677,0.956702317,-0.785989461,-1.331232954,-1.836205373,0.507991327,-1.103366606,-2.152890593,0.388578605,2.492999517,-0.006070912,0.838490774,0.081829359,-0.098889653,2
1.07363175,-1.026515299,0.615386936,1.220811355,-0.745409973,-0.201709148,1.121782917,0.33801765,-1.700616571,-1.783342149,-0.489017724,0.552004587,0.533335445,-0.893158712,0.66358337,0.25193132,-1.081330307,-0.601434684,-1.94460863,-1.190937981,-1.883753944,-1.546753513,1.679317651,-0.400070935,-1.773943849,0.418736439,0.289895715,0.192912253,-0.873213125,0.622729053,-1.097803758,0.793647227,0.884606716,-0.064241866,-1.464318365,0.802495701,-0.583562807,0.274359372,0.690772051,-0.809658218,2.145699042,-0.043877388,-0.670741469,0.999431855,1.549857258,-2.066745336,-1.38113803,-0.775603134,2.113433422,-0.479117931,1.520845931,0.220110634,-1.450302846,0.880624248,0.316949229,-0.862264516,-0.660757204,-1.049603023,-0.624738095,0.6584552,-0.903695506,0.084387125,0.31385178,-0.054539828,-1.615664925,0.74887581,-1.165417455,-0.575059295,-0.460144873,-0.031850898,0.096231295,0.685854434,-0.311795643,-1.216779044,1.087070132,-0.401028775,-0.184939498,-1.000800437,-0.8656334,1.442437645,-1.375081473,-1.227247413,-0.462265247,0.318149311,-0.967433704,-1.578147082,-1.220523458,-0.415840069,-1.000634737,2.223327385,1.982201176,1.165591135,0.376430809,0.378367903,1.322085543,0.130756166,-0.823488996,2.123213647,0.57522785,1.453048873,1.812129094,-1.772237667,-0.863972475,-0.20332571,0.5009401,0.91653857,-0.063176316,1.292799458,0.609412231,0.597105645,-0.276786643,0.315773154,0.308905615,0.962795096,-1.317252336,0.702147123,-1.646389125,-0.85331599,0.6076844,-0.838151954,0.027278249,-0.921263043,0.599278921,0.047386316,-0.024743379,1.099715088,0.416836575,0.493733152,1.108882283,1.21175584,-0.950147616,0.736957949,0.433413512,1.311964673,-1.286843808,-0.690623118,-0.197101554,1.402710195,-0.286903548,-0.041486142,-0.684034276,0.78409574,0.676374878,-0.54376589,-1.044879676,0.772153852,0.508784803,-0.663684227,0.694245308,0.639365699,1
-0.463417693,-0.465729754,-0.104449219,-0.168821723,0.070052163,1.161878303,-0.927353134,0.238368983,0.97519763,0.50109417,0.189581617,1.001046093,-2.703232293,0.67787532,-0.654075683,-1.830632897,0.5112026,1.373658545,-0.137448515,0.952874547,1.612278258,1.314914454,1.639964529,0.742127491,0.075433639,-1.601965812,-0.246062488,-0.843246595,2.170942717,-0.175885812,0.123204807,0.551485376,0.043602446,1.69505104,-0.622649362,0.194607455,-0.742470586,-1.320022511,-0.611769091,-0.037036797,-0.429302225,-0.69242098,-1.406317464,-0.083105573,-1.504720374,0.760055964,0.082439753,-1.457551499,-0.309209077,-0.752156406,0.31917451,1.340450446,-1.87517247,0.115026079,-0.160132796,0.671340076,0.213196628,-0.751969332,-0.319053936,-0.796025857,1.076007139,0.021311649,1.901190686,-0.060660814,-0.708406767,-1.513714393,-1.803139676,-1.584135943,0.267126651,0.508725023,-1.581190702,0.895038314,-0.483061052,0.146793012,1.612220628,0.896839316,-0.268530648,-0.891192225,-2.151815401,-0.719153319,-0.211130239,-0.987179527,-0.131256967,0.076851883,-0.224855982,-0.650002581,0.168654672,0.44194065,-1.090399077,1.41093238,-0.098588132,0.018849623,0.708214423,0.233216131,0.953136634,0.287124165,-0.612437375,0.361503525,-1.143726207,0.108559706,-0.033229991,-0.208116857,-0.128537511,-1.881849045,-0.548724908,0.092844901,0.159856392,-1.027675141,1.265707841,-0.866174848,0.969457201,0.427194362,-0.64622731,1.775310893,-1.193636832,0.919154174,1.000582318,-0.670620209,1.3924653,-0.250046515,0.288693629,0.260321839,-0.134308741,0.810808273,0.793488721,-1.748531973,1.304340243,-1.662491988,1.032546204,1.126705137,-1.09096643,-0.410814288,-1.105704668,-0.21492103,-0.308034284,0.779660532,1.310308746,1.395683811,-0.562168027,-0.209221874,-1.683438192,-0.805870066,0.964851633,1.615582824,-1.234348872,-0.592464259,-0.026405757,0.280161159,-0.80960352,0.424061044,1
0.005113457,-0.234587133,-1.880288411,-1.025219086,0.114941772,1.427328652,1.121689142,0.229094832,-0.323167666,0.268812356,-0.518637997,1.718363996,-0.189190181,-0.086337858,-2.215822425,-0.195434847,0.836484138,-1.067722577,-0.750720334,0.792711018,-1.476657224,1.057801008,-0.53214389,-0.38856822,-1.123878405,0.37804626,2.459871985,0.781497239,-0.864285262,1.135620585,-0.316679546,1.374484981,0.806676402,-2.943141565,-1.004079633,0.944385223,0.151657272,-1.023755948,-0.633589515,-1.90623662,-0.088373288,2.210689726,0.804933391,2.190417001,0.88239709,1.027479343,1.974078688,0.377263259,-0.187227322,1.032657517,1.453840237,-0.479964643,-0.721569082,0.138856032,0.831498867,0.798091049,-1.4241676,1.911606067,-0.641164929,-0.265064997,-0.90265436,2.698328836,0.24207067,-0.850975081,0.86392355,0.769135779,-0.187727024,0.840606713,-0.825291961,-0.492918275,-2.010216655,-1.323951084,1.807630806,1.641428628,0.065788649,1.662931447,-0.160074487,-0.243410303,0.056510648,-0.124921595,-0.215196324,1.143398107,0.150135654,0.712481764,1.031380525,0.388185796,-0.970271326,-1.352865889,0.148780635,-0.171256305,0.087391429,-0.016054039,2.58357366,-1.330226256,-1.98994627,0.332376834,-0.376422555,0.31606787,0.583883022,1.284104695,-1.50722582,-0.556717898,0.428761259,0.770463596,2.19344955,0.955703971,-0.056788596,-0.890435753,-0.564289853,-0.592702823,0.655233629,0.256997446,-1.323649571,-0.435901469,0.877547553,0.351662355,0.568644616,0.38292171,1.626430735,0.236043064,-0.386022798,-0.915755041,0.249609458,-2.440704015,-0.184289002,-0.20583986,-1.364470854,-0.928265839,0.80965753,0.230711749,0.101788334,0.306347534,0.092627588,1.242862563,0.123429182,-1.458213114,1.630129965,0.370340267,-0.589253731,-1.253401718,0.395914221,-0.117172005,1.574146786,-0.345907281,-0.83738079,0.895796218,0.925281893,0.168651368,0.676357048,-0.037687121,1
0.984322398,-0.213988844,0.614596468,0.10795977,0.377791486,-0.366051142,2.117775272,-0.138495996,-0.475661661,-0.265474627,-0.723223571,0.809039223,-0.519050509,-0.125848706,1.336342832,1.070820884,-1.023823678,1.180759493,-1.416435044,-1.501152979,-0.32659693,0.292931141,-0.224622961,0.438915854,-0.376654035,-2.059323052,-0.190639227,-1.520593073,0.003145422,-1.25287972,0.517319487,1.354675509,-1.729031727,-2.041879109,-0.300387927,1.129361165,0.155994287,-0.426673569,-1.075776892,0.723483805,1.537371929,-1.869376067,0.293802447,2.544900102,-0.605626531,-0.190746875,-0.034601741,-0.408494051,1.097067679,1.801547921,-1.704565062,-0.934381521,1.246179073,0.600314743,0.436715572,0.696545129,0.096129196,0.481184369,-0.325437164,-0.228011705,-0.095236082,-0.407353651,0.468817004,0.297628911,-1.866166033,-0.203278957,0.020711334,1.5301441,-0.286721356,0.096447272,-0.076763984,1.322179032,-1.194837253,-0.784934569,-0.851901445,0.014011727,-1.493814133,1.465154438,0.415521707,0.585392665,2.102302999,-0.344008243,0.855978835,0.582283581,1.539403462,0.691243283,-0.509172759,0.42400367,-0.646800623,-0.467114105,-0.013611212,-0.185774848,-0.893892541,-2.269446769,0.296448583,0.367630975,0.363708118,1.90595401,-1.536155984,1.553165086,2.492015282,1.763780912,-0.349343677,0.453016709,-0.771219363,-0.676014184,1.723311091,0.699079219,0.759959717,-1.122998547,-1.473296458,1.054741066,0.421673254,-0.298392853,1.736400299,0.593298252,-0.850080541,-1.93807802,0.598241798,-0.469400783,-0.138823299,-0.221719172,1.430858638,0.84279826,-0.096259098,-0.123184091,0.288080513,1.318052533,0.08295481,-0.574607764,-1.204875563,-0.085639463,-1.198293124,0.341435868,0.4530162,1.190756541,-0.209446282,1.032337735,1.61155453,0.073723366,2.235188225,1.436926653,-0.479401997,2.944419758,-0.067705412,1.399569878,0.628516429,0.303396855,1.308837517,0.150848173,1
-0.97468167,0.787084604,-0.843102305,-1.167209486,0.281583405,-0.181860066,2.157215887,0.036603657,1.814252828,-1.170383598,-1.57321294,-1.120085133,1.189129781,1.75610159,-0.782179454,-0.46056603,-1.16898091,-1.811639847,0.718411698,0.223020303,0.010487983,-1.400056537,1.639956682,-0.503356738,0.533626425,-1.454561405,-0.19052519,0.291374456,0.327075218,0.154648543,0.494522492,-1.130520456,0.197372605,0.113757683,0.231672684,0.072345217,-1.273212774,-1.317799752,-2.214268186,0.81753451,0.82765751,0.843550291,0.306789962,-2.133119218,-1.026710492,0.170415418,0.135518003,-0.222748213,0.368917203,0.011651708,0.120770466,-0.639065333,0.982010986,-0.430771609,-1.330649083,-0.770999013,-0.348466191,0.994002788,-0.042267998,-0.186148219,-1.248663425,0.78548259,-0.651952154,-0.100027859,1.480183077,0.508763331,-1.628254048,-1.769510236,-0.06431045,-1.212740615,0.648546748,0.042263065,0.165384769,-0.706743182,1.741383655,2.842593728,-0.278584724,0.353039248,0.097417343,-0.259686863,-0.832070468,-1.084967987,-1.135597266,0.405240026,-0.519674478,-2.57829285,0.444858221,-0.038261282,1.346673001,0.373122397,-1.478673596,-2.229676641,-0.719472384,-0.625107421,0.943159201,-0.008870932,1.133688498,-1.324833056,0.965264384,0.720989153,-2.018234111,1.322617841,0.093458492,0.392044504,-0.864896112,1.275247013,-1.185852329,0.832092018,0.820607476,-0.974167428,1.983373599,0.23152848,0.65389261,-1.527120795,2.117730003,-1.22455694,1.024886433,-0.994771718,-0.618988803,0.788754044,1.027552714,-1.271284249,1.090472169,1.044980495,-0.937953409,1.598647594,-1.456857628,-0.624772583,0.479002624,-0.853566285,0.263819086,0.241076079,-0.18707427,0.832400539,-0.228360793,0.231541069,1.146471877,0.79068621,0.786017291,-1.149179602,0.524792576,-0.878498791,-1.28141498,-0.071706346,-0.904295187,0.790617719,0.81453546,-1.902626236,-0.82830254,-1.459786672,0
0.711614878,-1.124642092,0.161870829,-0.718052912,1.19504976,0.134889206,-0.216621642,-0.083481748,0.443916796,-0.072183415,-0.080543673,1.065965068,-1.418404327,-1.25155314,0.77696336,2.415849787,0.87649545,1.864208796,-0.434371614,-0.637081178,0.456533173,0.95364896,-1.311550901,-0.213218373,-0.027017168,-0.678870216,-0.562221827,0.843069301,0.469684481,0.798451422,0.33687469,-0.873256677,0.423103052,-0.952092902,-0.311753339,-1.036248655,-0.610887792,0.090478847,-0.457490604,-0.88316241,1.137797472,-0.119591717,-0.527928046,-1.082399111,-1.871994885,-0.222047014,-1.378218704,0.712036459,0.029491195,1.558360779,0.223074273,-0.726657797,-1.880007602,0.806543864,-1.298948261,-0.408144523,1.674088247,0.610983349,0.389865455,0.944322443,0.907049819,1.580946432,-0.60217935,-0.376684153,-0.922384629,-0.032697636,-0.132232729,-1.754952237,-0.653900757,1.439116534,0.244208595,0.715398618,-0.120544668,-1.887093524,-0.128635922,1.041696558,-1.185683791,0.747038927,-1.701831669,0.020191238,0.54451845,-0.312112524,2.47247154,-0.493190437,-0.578416238,0.204492042,-0.754973136,-1.441337594,-1.097669775,0.75798676,-0.304939559,1.702020951,-0.441236245,0.710510355,0.510841979,-0.456150807,-0.878808929,-1.731803699,0.55312078,1.198259733,-1.589930672,-0.370444935,-0.66691833,0.55136915,-0.328652688,1.32298057,-0.384393191,-1.23638346,-0.468805325,-0.3586146,0.526099945,-0.373519055,0.440096513,-0.790484272,-0.29467668,-0.785034277,-0.84664159,1.274833557,-0.715129571,-0.347604782,1.04460446,0.750001396,1.641207217,0.482801865,-0.60039939,2.057144649,0.582080745,-0.154695339,0.05746555,0.179281579,-0.236811875,-1.375855602,1.626721052,-0.021834076,0.183496513,2.078144059,-0.683285263,0.655485325,-0.792298684,0.321021163,0.201505746,0.790601097,1.208168718,-0.579521091,1.416674841,1.487480939,-0.249985385,-0.006582581,-0.49435012,-0.305441214,1
0.361636025,-0.645119755,0.502499696,-0.890748864,-1.426826577,0.069337162,0.862543485,-1.694973439,0.820232398,0.817306204,0.954085102,1.218480215,2.202013925,-0.356092049,0.10957158,-0.416438433,0.001976845,1.532873356,-1.345014484,-0.861049672,1.377180937,1.020036507,-0.363131647,0.854402001,0.341215842,1.500274609,0.074509594,1.025632114,2.64201191,0.598099155,0.049328166,0.722446985,-0.365280858,2.387967706,0.180071038,-0.27293332,-0.835689005,1.097220192,0.867187413,-0.497354371,0.576451345,-1.508555968,0.184970575,0.452756352,1.70732981,-0.770818803,-1.278352629,-0.895427961,-1.3365685,1.336657358,1.548639295,0.320216578,1.221294946,0.133958381,-0.095111648,-0.333037619,-0.310390991,-1.547801556,0.264254764,-0.04033391,0.745360724,0.093523496,-0.162703702,-0.87119303,0.072153237,0.738237231,-1.143338991,0.087473754,0.233042952,-0.718064784,-0.587856305,0.230610849,-1.133421018,0.349923715,-0.895354374,1.062853693,2.337827745,-0.860756802,0.534207862,-0.726741905,1.040954174,-1.265258409,0.480586758,-0.872988967,-0.206984589,-1.031025275,0.822350471,-0.836980354,0.551964259,-0.344098028,-0.114472372,0.147755907,-0.761824672,0.210367114,1.530334564,-0.778094786,1.171810143,1.498097633,-0.816154989,-1.455054605,0.3019609,-0.547407523,1.868603219,0.03480754,-0.802199408,-1.147159511,1.089904959,-0.571183974,0.043828799,0.955802745,-0.484258352,-0.045928829,-0.01656841,0.683324512,0.590744336,-0.220113731,0.063649061,-0.371779012,-1.477612407,0.257600857,1.892191761,-0.883719141,-0.77302971,-0.870727772,0.724591779,0.448485454,-0.158537692,-0.918019062,0.092376792,-1.564622127,0.143426567,0.871524386,-1.251199137,-1.532518277,1.579437892,-0.61175964,1.135947846,-0.153997665,-0.161954817,0.438412699,-0.883998857,0.132497143,-0.381489415,-1.320493443,0.337482075,-0.263307807,-0.157024828,-1.210160943,1.591400368,0.876714186,1
0.202923021,-1.515744115,2.142335643,-1.590776485,-1.269556469,-0.237793018,0.093733728,0.100135496,0.917774093,0.442509021,-0.921703751,1.062123172,0.628261743,1.386845948,0.051362327,1.090105321,-2.722668581,-0.485659954,-0.912638114,0.701878588,-0.739576033,0.975626098,0.787389891,-0.607397072,0.238756783,-0.214457703,0.116359862,0.749643223,-0.325945922,-1.656085166,0.595602962,1.072469618,-1.699747386,-0.036543739,-0.931729072,1.126937742,1.18245873,-0.809681988,-1.315616304,0.244696612,-1.109138979,0.857760243,-0.131175262,1.605501532,1.649946497,1.552047609,0.402937541,-0.945757629,-1.483123315,0.594613276,0.669366528,0.262024881,-1.328866067,-0.797643446,0.083321531,-0.613131978,-0.77588103,-0.966537887,-0.135315341,-0.207453317,-0.826645321,0.010252657,0.249436689,0.352951581,-0.957422448,-0.307129709,0.016042486,0.125177243,-1.334995402,-0.341211172,0.592719977,-0.59386906,0.355656291,0.014609165,-0.459903918,1.261707323,-0.30267603,-0.21039836,-0.48477318,1.480476734,1.390735116,1.146772455,0.869473758,-0.884196273,-0.449803741,-0.770673832,1.030328472,2.335586371,0.679261092,1.676009426,0.457364742,0.316773598,-0.580105708,0.613027101,0.912976964,1.053716391,0.10342686,0.197905079,-0.061000503,-0.564609976,0.881237449,-1.895256027,-1.672380563,-0.546968862,-1.273594475,1.085997296,-0.442723729,0.877055767,1.304756981,0.061368577,0.327082589,1.226725406,0.999244103,-2.070926255,-0.412241873,0.512605172,0.21568146,-0.992572919,-1.707545571,0.611219077,-0.843397609,-0.134336385,0.144732449,-0.162765112,-0.931752476,-0.082716878,-0.5444581,1.655787886,0.213364948,2.566438428,-1.318410071,-0.30088289,-0.304324663,-0.776856983,-0.351242628,-0.479968639,-0.978704661,1.794634243,-0.083439522,0.926974537,0.990235601,1.428111442,-0.982311873,1.266377369,-0.074029517,2.035686429,0.52483514,-1.152785736,1.257851547,1.159258131,1
-1.627542438,0.048084947,0.58841811,0.205144441,-0.590771298,-0.824151992,0.882257262,-0.111054978,-1.359879751,-2.093032098,2.147627819,-0.985936224,-0.686238717,1.228077923,-1.208574633,0.531410002,1.821976832,2.113830288,-0.447448285,-0.012036893,-0.396383873,-0.017950295,1.298271567,-1.399312474,0.647956796,-0.195497633,1.36850108,1.315419901,-0.407131499,-0.110781052,0.892762743,0.983320994,-2.47248931,0.889550496,1.646481892,0.255609366,0.950176423,1.278756127,0.221593709,0.81423081,0.012686497,-0.052168152,-0.661541428,0.173022447,1.886856835,-0.902494908,0.616872925,0.320955077,1.474827769,1.66289331,-0.924277504,-0.574215452,-0.519586262,-0.484199388,-0.398448487,0.347064519,-0.851386975,-0.710791494,-0.790590311,0.492624493,-0.063768342,-0.241301455,-0.841879698,-1.604054072,1.631533727,-0.288727688,2.710492444,0.772791391,1.829252833,0.99348728,0.158516158,-0.597657558,-0.976839915,1.119651017,0.265034049,0.616501041,0.814623505,0.355974388,-0.471857548,1.012702471,-0.198186847,0.090569265,0.717390607,-0.058963407,-1.817847858,1.040587505,1.25492883,-1.831116092,-1.043291206,2.023879617,0.232034679,0.003551273,-0.426383407,-1.030702651,-0.194417642,0.974422739,-0.015677959,0.610284086,1.765707149,-0.58047818,0.302874901,1.004393561,-0.932903633,0.178052828,1.872324525,-0.34025038,1.068346538,-0.141136877,1.799587017,-1.645467889,0.064956191,-1.478854695,-0.700876816,-0.706818785,-0.266956307,-1.188291351,-0.071739558,0.460466504,-1.531903133,-0.63493249,2.540992133,0.329237139,-1.817741204,-1.400465865,0.225904245,0.100666039,-0.587442802,2.193314957,2.618728821,-0.26438336,0.872956866,0.923166171,1.055873139,-0.640085322,1.939449217,-0.068597196,0.421992081,0.00204351,-0.139686172,0.27840446,-1.185885574,-1.971153019,-0.213380476,-0.880427637,0.547503678,0.433790159,0.01348002,1.481574791,-0.006227679,-1.458150843,0
1.420504248,-0.570746294,0.419115172,-1.369342106,3.035493411,1.447067149,1.32722549,-1.275375334,-1.620709335,0.274771097,-0.304450494,1.847725954,0.627769479,-0.041242106,1.479883268,0.182126667,0.228996384,1.042121836,-0.67749773,1.018694185,0.566027943,-0.920731114,1.958054095,-0.457469444,-1.634481701,-0.777587205,-1.035729561,0.195693503,1.622517772,0.248699155,1.585862701,1.066610955,-2.666489632,0.899469072,-0.580983572,0.512704255,-0.057876113,2.78613747,0.436068447,0.583803118,1.078254043,-1.489113395,1.083457636,-0.215604576,-0.691450418,0.820030962,-1.488323224,0.938938911,-0.15748525,-0.100140655,-2.244204042,0.900420452,0.247626487,-0.467177732,-0.92743816,0.781581136,0.348182777,0.005183428,-0.988253311,0.302786589,0.2432401,1.3158901,-1.197448428,-0.715832128,1.943613169,0.191542981,0.252729358,0.965958775,1.812376902,-1.161853551,2.181834115,-0.043646661,0.263849496,0.060064805,1.497814014,0.95845811,-0.144958881,-1.126918364,-0.242896722,-1.33740712,0.891114494,-0.678442645,-0.102450725,1.173164538,0.807065524,0.383194744,-0.795638153,0.485198187,-0.795315774,0.494353998,-1.307051095,1.20717,0.199549935,-0.012771498,0.391185696,-0.115465788,0.068006697,1.291298553,1.05713174,0.712986151,0.251986515,-0.31645825,1.072894717,-0.910536355,1.783984495,0.711591962,1.181833754,0.467823243,-0.122336696,0.948352656,-1.407352815,-0.588626129,-0.191075924,-1.380929541,0.637035538,1.265883968,-1.708838772,-0.415496255,-0.169582236,0.322934548,0.854957063,-0.278857371,0.940858724,0.088382076,-0.602845984,0.230602761,-1.263265172,-0.254569799,-0.175494004,-0.60481736,2.532600697,1.301550186,0.199807684,0.427658768,0.516934974,0.62456584,1.56208168,0.927450431,-1.985698278,0.833579423,-0.836704991,-0.554215367,0.981320966,-1.863170816,1.71257297,0.817329497,0.333713433,0.833854641,1.148490103,0.222889095,1
1.503398302,0.877362291,-0.715528989,2.189966318,0.256701815,0.338400662,-0.626191362,1.042200185,1.204963757,-0.604969375,1.068667853,1.339814386,-2.068990408,0.859657333,-0.764193837,1.325520925,-0.800611075,0.606980081,-1.759518024,1.11553416,0.073469763,1.291308062,-0.716512368,0.2132208,1.519076925,-0.025757656,0.429657378,0.699332039,-1.552051853,-0.52109744,1.137877682,-2.047625368,1.118077526,-0.588717348,2.055271995,0.436876351,-0.800527044,0.97946529,1.433232891,0.604190369,-0.445916949,1.438278313,-0.928911844,1.07153266,-2.408326296,0.117635085,-0.558190073,-1.37238089,1.304885876,-2.147239501,1.38381629,-1.532773542,1.053353759,-0.779318365,-1.953714029,-0.452820603,0.563854737,-0.89836581,0.260244184,0.689794249,1.493032486,0.063251787,1.165742462,0.849275662,-0.092365176,1.147125355,0.894060465,-0.166098511,0.713463565,0.27170751,0.548061847,1.882739883,-0.804257622,0.254697542,0.030607041,0.788235632,-0.451889191,-0.566418151,-0.0643468,0.475045732,-0.457104674,-2.654558366,-0.952150943,1.414475319,1.54692554,-0.496269434,1.797476777,-0.326577188,-1.534970983,-0.30605767,0.725404257,-0.565302177,0.603351057,0.266897321,-0.286426414,0.776336009,1.229125791,0.181750605,0.589707671,-1.456457555,1.391519753,-0.53299543,-0.86170036,0.886759387,-0.383796054,-0.694238139,-0.293604812,-1.216039498,-0.704816655,1.02229567,1.165760495,0.065430324,-0.679452358,0.413815078,-1.896363207,1.17099238,-0.069640762,-1.034374034,1.487127631,0.042591954,-0.426214012,2.049608174,-0.525383435,0.748662243,0.693279502,-0.847480769,-0.139668127,-0.252028749,-1.766720885,-1.964038359,-2.175785745,-0.449795615,-0.993284465,-0.931703107,-0.420742417,0.003673904,-0.312703129,-0.704703504,1.930945345,-0.201092546,0.998377667,-1.23653779,1.335192881,-0.548471788,2.80157328,-1.311844441,-1.067048311,-0.18872722,-0.354843646,-1.17264216,2
0.408252756,-1.702583604,0.003776934,-0.395910347,-0.123501619,-1.340098587,0.177876494,1.051487843,-0.872389682,0.018384662,-0.10346275,0.312644371,-0.536431042,-1.508546328,-1.12023671,-2.318386786,0.776058414,0.397657351,-0.014536009,-0.697064271,-0.162067427,-0.028502918,-0.521267895,-0.483194466,1.309489426,-1.250816763,0.992867551,-1.615127813,1.607777216,-2.389599607,0.465388775,-0.658696623,-0.167022175,-0.135214423,0.60561791,-1.961573395,-0.03079323,0.185212538,-0.661302684,-0.11105624,-0.66412749,0.554772854,0.363952514,0.216982977,0.662387791,1.24718773,-0.991508163,2.222132468,0.393123818,-0.501145566,2.299604397,-0.415054042,-1.211088466,-0.509823876,-0.557851808,1.084937118,-0.112788487,0.100087966,0.063586001,1.166129186,-0.322571931,-0.20502543,-0.68867993,-0.420703867,0.525157499,0.72865635,1.699831005,-0.104060731,-0.263768133,0.397162596,-0.46885895,-0.640728791,0.323592391,-0.391823352,-0.289524543,0.605689221,0.310115398,2.000530099,0.921818874,-0.76734304,-0.399761207,-1.37282794,-0.972990388,1.262223099,-0.27776223,-1.386106329,-1.947208635,-1.471688813,-0.802533048,0.00371847,-0.396543042,0.698482024,-0.935830285,1.226453524,-0.136344653,0.458299723,-0.520192498,1.016936737,-1.327230054,-1.23395019,-0.969517177,1.175934731,-0.237080018,-0.948390344,-0.196405236,0.171999559,-1.077050158,0.159564952,-0.136098446,-0.505857035,-1.266338688,0.88854443,-0.468798091,-2.934699909,0.356020263,0.380922181,0.932926471,0.413232231,0.138417889,-0.486872788,-0.48398491,0.67585165,-0.156778315,-1.437279488,-0.34419371,-0.054247034,-1.9906505,0.746775188,0.000642195,-1.362796164,-0.297440333,-0.102279919,0.945944285,0.917161634,1.078083535,0.375887518,-0.65346913,-0.907217521,-0.700708831,-0.065867721,-0.025141308,1.028965848,-0.254347456,-2.023749312,-1.192649171,-0.975774823,-0.97670628,-2.80573626,1.56946068,-2.182551717,1
-1.070892498,0.482472415,-1.835570477,-0.179202654,0.959496077,-0.365055033,-1.474778541,-0.164514532,-0.857172374,0.491814401,0.773399816,-1.056270408,-0.705804055,0.756642465,-0.858844278,-1.082158136,-1.178691132,0.352038613,0.30915772,-0.68404603,0.005085396,1.527132384,-0.974060157,-1.951742609,0.455075576,-0.110401164,-0.710025087,0.652080237,0.839225145,-2.20827802,-0.652597909,2.317516231,0.583404916,0.676103638,1.172894279,0.017068825,0.79668416,0.718062044,0.539041497,-0.322011971,0.172058922,-0.588361564,0.012814305,-1.168490892,-0.790623991,-0.282312042,-0.943705431,-0.505017271,-0.163925977,0.402262345,0.949257302,-0.463784371,1.335104617,0.938611079,0.504093832,0.153649129,0.319120842,1.187051151,1.22357966,1.334946728,0.041326832,0.554967165,1.343546507,-0.623716035,-0.318416854,0.016036663,0.899598738,0.915172151,-0.230864111,-1.508609454,0.246183944,-0.918316137,-1.489936205,-1.263871561,0.326381008,1.361037361,0.038894516,0.211380655,1.182894939,-1.544454909,0.520176422,-0.011589784,0.566057459,-0.483483908,-0.81793729,0.140508904,1.649191323,0.860910105,-0.50769277,-1.340972036,-1.682067284,1.316099452,-0.955082288,-0.325513413,1.321211126,-1.613901455,1.492264509,-0.253640454,-1.148583315,-0.247350927,-0.722596781,0.440819799,-0.648132434,-1.911642211,-0.220562534,-1.356545052,0.204319884,-1.187130332,-0.488012803,0.182587804,-0.212458725,0.250430283,0.680287166,-1.1579337,-0.064397541,-3.329503798,0.247333302,-0.30081413,-0.983449763,0.315719422,1.172697577,-0.476017748,-0.94481449,0.165025262,-1.335606667,-0.660381371,1.222402162,0.06217923,-1.879466964,-1.796991647,0.162085693,0.862390576,-1.617621459,0.449712607,1.330343507,1.887858988,0.33122276,0.506802595,-2.133184428,2.099752548,-0.575490213,-0.933471158,-0.255206134,1.511673414,2.208046048,0.125408679,0.998084173,0.043204049,-1.037795473,1.476743671,0
0.935678393,1.271555095,-0.702010508,-0.258261408,1.130799132,-0.117364548,-2.106623406,-2.590924463,-0.694755855,-0.513324247,0.355647644,-1.452497364,-1.382674705,0.453589994,1.334206107,-1.963537902,-0.768939041,1.111239632,0.933075829,-0.925691453,1.159878086,0.044907042,0.660051433,-0.704033534,0.292416605,-1.165808227,-0.547346636,-0.296878108,0.140127241,2.40653014,2.559859743,-0.387905026,1.479599206,-1.10915259,0.399277126,-0.685652123,-0.450963253,2.660759551,-0.386983353,-0.649842192,-1.000320698,-0.76926673,-1.421779428,0.222851324,0.2048675,0.337717253,-0.011426215,-0.567379492,-0.656844701,0.159003655,-0.051514512,-0.635766213,-0.286599128,1.539448765,1.970172598,-0.220231278,-0.733778432,-0.043099494,1.135881703,-0.043672183,0.355090459,-0.657533711,-1.166689806,0.761553531,0.194844662,0.655835861,-1.710793158,1.832642908,0.252280219,-1.807232243,0.986908046,-0.373388736,0.03050793,-0.477722553,-0.097896268,-0.04752024,-1.670070313,0.865762179,0.112868386,0.446189512,0.815950951,0.120859536,0.331093582,-1.470422341,-0.830372867,0.085012561,0.185704745,0.400707466,1.406046193,-0.09420893,0.362893069,0.058990842,-0.249720686,-0.21083158,-0.784285592,-0.117010383,-0.218879113,-0.151691096,-1.741901751,-0.09894121,-0.877053425,-0.061852134,-1.094769645,0.049926887,-0.296967854,-0.626281415,0.289337124,0.375476047,-0.049309533,0.568788163,-0.413296988,0.399952061,-0.042223769,-0.999331653,-0.801352281,1.165401775,1.576339121,0.713253714,-0.583188587,1.427723505,0.612549002,0.335646634,1.84230959,-0.85997548,0.772985909,-0.814600857,-0.606629967,2.602061584,0.502363502,1.849187262,0.543580764,0.402419895,-0.626097651,0.977742259,0.025310098,0.080476309,-0.261127682,-0.100778012,0.024928244,0.122881306,-0.050719019,-1.55684779,0.541941985,-0.123020363,-3.317318321,-1.587884808,-0.473456237,1.278596293,0.607715463,-0.687151209,2
0.208382808,-2.041734868,-0.223039222,-1.926514148,0.352334291,-0.596870423,-1.949802025,0.165673454,0.144831385,2.10691647,0.828004593,-2.387490974,-0.528356408,1.104721434,-1.626770155,-0.771566257,0.001809044,-0.528040239,1.591186397,0.183143286,0.033312848,-0.916727616,-1.102431875,0.104021883,-0.080193819,-1.217111135,0.234032783,0.057383468,-0.308236394,1.192504631,-0.012359889,-0.238042731,1.131170542,-0.15092128,-0.401483707,-1.170122259,0.060636296,0.932435962,-0.416961989,-1.329310637,1.010931284,1.050285869,0.584953858,0.096106505,0.420104204,-1.550148888,-0.582149761,0.675584777,0.338326389,0.902547713,1.533851535,-1.235136923,0.483572169,-0.258369508,-0.446473254,2.471852381,-1.570240418,-0.181962764,-0.236269693,0.04766971,-1.972412124,-0.981111278,0.048843343,-1.395315306,0.953454843,0.579621389,-1.587217666,-0.230356349,0.3755219,-1.375769925,-1.577458885,-0.957548021,2.68747128,1.09433808,-0.60859478,-1.331097799,-0.825320506,1.52235142,2.0337666,-0.811874969,0.31109098,-0.262239356,1.27031736,-1.093938157,0.978995522,-1.340140675,0.94775539,-0.850729358,-0.314448216,-0.645423919,1.961136247,0.993992738,-0.411351385,-0.824751929,1.313599983,-3.398328531,0.479177853,-0.959288259,2.254162196,2.730708872,0.03069005,-0.365445955,0.068006807,-0.621614115,-0.794433745,0.234568606,0.623751055,0.133274908,0.290103375,-0.632556125,-0.933818999,-0.943565937,0.771950357,0.079615468,0.201526182,0.341334059,-0.057818853,0.108457202,1.295812221,0.776916037,-0.172357382,-0.472187211,1.027280401,0.332770811,-0.307988683,-1.291348752,1.694042776,-1.127047997,0.284426824,1.825241358,-0.341221848,-0.045477306,0.853727769,-1.193135672,-1.669800834,-0.357104629,0.080704585,0.069393476,1.417202042,-0.945900878,-0.143710859,1.50726823,-0.27784469,1.986975671,-0.234296449,-0.694041157,-0.039164209,0.259591907,-0.411546013,0.398139209,1
-0.161285712,0.404050857,2.345624162,-1.400071234,-0.103812484,-1.180460485,1.592024899,-0.587737969,-1.443200794,0.638186999,1.744311115,0.663597869,0.204797877,0.409140923,1.414840663,-0.87419927,-0.111847104,-0.452690149,-1.167865307,-0.328375259,1.107721096,0.566602148,0.6443105,0.146475612,0.523323783,-0.800590342,-0.309509886,0.192004237,0.277515859,0.320187855,-0.138335282,-0.377423401,3.157771283,0.906787273,0.413147476,-0.233208498,-0.451218827,-0.130800594,0.292828844,-1.880435544,-1.569389595,-0.636882389,0.207139437,-0.239273147,1.478121226,-1.482396787,-0.75134547,1.520091741,0.131119325,0.884842583,2.051246943,-0.693804418,-0.099314338,-0.272426901,-1.954593004,-0.310396804,0.881062187,0.540589542,0.619083169,-0.375508981,-0.656097236,1.269255672,-0.497317146,0.294082039,0.163334681,1.461717016,0.971412358,-1.295258621,-1.187553167,0.578909818,-0.064337647,-0.455171784,1.015627884,0.187459382,0.052457387,0.779828641,-0.375108995,1.568518985,-0.788047623,0.656929066,1.433832839,-1.377295489,-0.343335176,1.142207393,1.157244548,-0.1714956,-0.734671094,0.955935822,1.183549103,-1.164663349,-1.203913649,0.225256682,0.629360633,-0.299069085,0.67929382,-0.710136607,-2.114693599,-0.423901072,0.063232147,-0.27583996,-1.158603264,-1.815648976,-0.514088804,0.897655772,1.256197439,1.187713384,-0.815909535,-1.153706324,0.496634615,0.635100012,0.400169605,-2.014063274,-0.866884585,-0.02968879,0.487218195,0.767307363,0.144253522,0.330783807,0.084865458,0.685619374,0.312865651,0.06573766,-0.268368799,0.081291425,0.484591379,0.267475389,0.380826418,1.342721861,0.265163923,-0.64899852,0.883606786,-1.366198338,-1.081413381,0.335847265,0.516396668,-1.245051224,-0.382817481,-0.606083832,-0.486676323,0.943597776,0.706505464,-0.01912218,-0.545961927,-1.34964967,1.420184939,0.5921139,-0.706669104,0.719599498,-0.070223621,-0.287109505,0
-0.360966166,1.159329803,1.12374418,-0.143356694,1.749154663,0.896692951,0.255171227,0.128549762,-1.148890466,-0.631313953,0.416276789,-0.345085759,0.468280426,1.029238375,-0.179656412,-0.431543873,-0.896307646,0.834885977,0.753500287,2.187079083,0.176859591,-0.096638249,0.467325716,-0.287955028,-0.885315662,0.088780392,0.457811641,0.524092321,0.444066527,1.063888942,0.520519797,0.270600573,-1.265586041,0.245878676,-0.170850638,-1.121614316,0.500869993,0.518197177,0.425403647,0.555594953,0.123913649,-0.246727768,1.770042777,0.148235356,-2.54258178,-2.427710582,1.204943728,-1.833995665,-0.544336206,-1.215804347,-0.302572607,0.386109958,-0.664656634,-0.815608051,0.729281016,2.631879948,0.540425154,-0.914023295,0.871138185,1.744138393,1.063342985,-1.543712139,0.528448253,-0.459038546,0.05251602,-0.374148614,0.742749031,-0.352948894,1.417832093,-0.00297045,-0.223478323,0.571774243,0.357209902,0.600417716,-0.133236708,1.334496114,0.990264037,-0.0122749,0.822677157,-0.263005056,0.570267266,0.825317577,0.249716496,-0.820130458,-1.193436588,0.293493961,-0.723866959,1.054324808,-1.508764322,1.317239729,0.050966004,-0.854277361,-0.451343621,-0.203576008,0.483026081,-1.225250213,-0.959092906,-0.324260138,-0.030727756,0.716494488,0.269233065,-0.389483461,0.236450313,0.165483962,-0.251730529,0.116262366,-2.151534683,0.93348488,0.547950191,1.497982176,-0.810949681,0.571499968,-1.904983247,-1.76563096,-0.236947901,-0.578666684,1.047339777,1.178343994,1.283631794,0.597891099,0.641009477,-1.28169835,1.399701898,1.251892136,-1.379940519,0.468047085,-0.546713909,1.849615239,-0.975012311,0.092591487,0.185969124,-0.053354993,2.148355756,1.691053133,-1.637602635,0.487124085,-0.011350013,0.834291982,0.212896028,-0.812607377,-1.037494407,-0.401906596,-0.120538321,0.193907721,-0.570556244,1.705973794,0.535254518,0.873957279,-0.138730423,-1.037526657,0
0.259722502,-0.904316625,-0.223644242,1.170967767,-1.884254673,-0.094036327,0.575462035,2.652242335,1.208257637,0.132616383,0.520759226,-1.89769536,-1.049722186,0.650955671,0.161167397,0.288741187,0.034114654,-0.005090898,0.102930648,-1.056035184,-0.228926972,-1.244104631,-0.619596457,1.195905009,-0.18075231,0.595839475,0.115294554,-0.384891667,-1.008568707,-0.400055652,0.183178446,0.580153444,0.122336865,0.649480318,-1.520170103,0.866662558,-1.128256341,0.983504617,0.502405843,-1.870189562,0.736962824,0.99509734,1.25787846,-0.768598284,0.179410842,0.694449383,0.736326867,0.409520762,-0.426636243,0.987943754,0.993819967,-0.154278306,-0.783554804,-0.727903339,1.364817715,0.950678385,-0.020039783,-0.199173208,-1.768186761,-0.084401104,-1.191115155,0.158999476,1.185247247,-0.980451553,0.23858676,0.997779762,0.220295395,-0.523982962,0.010386405,0.957248712,0.26257786,-0.003370583,1.156143126,0.51491787,-1.202902429,0.631412662,0.949558755,-1.237316387,-2.268739496,-1.041932669,-0.102499688,1.009788345,-0.890952034,0.555120267,-2.892381135,0.18030672,-0.406740454,2.098598782,-1.892086287,-0.014501483,-1.898221352,-0.549707733,-1.701154966,2.30078874,-0.355547868,-0.211029493,-0.042733725,-1.132276793,1.055238734,0.640194145,0.917938363,-1.217961882,1.135315215,1.019841279,-0.232393035,0.895021076,0.272671623,-1.593999532,-0.182805902,-0.481510038,0.085419288,1.021126288,-1.641341336,-0.443577908,-0.821837433,-0.778891305,-0.823109049,0.068170355,0.523175453,0.348324959,0.185668208,0.621744488,2.380326134,0.135891414,1.021138403,0.964183435,1.777794163,0.560518865,-0.844316181,0.304881921,0.251138743,0.815182609,-0.873396669,1.266321074,0.005237149,0.839379254,0.309673158,0.122590778,0.23385641,0.671992011,1.958654794,-2.017377385,0.540002949,0.043967796,-0.177106567,-2.363278223,0.580207681,-0.124970637,-0.834428468,0.042479973,1
-1.60644632,0.203463636,-0.364954304,0.211181422,-0.3212377,-0.295664787,0.158960686,0.352192465,1.22392129,-0.336988334,0.545494517,1.803622059,0.572076324,1.164250994,-0.620627339,-0.72035564,-0.159374128,-0.052939885,1.070824517,-0.729683949,-0.08862791,1.074825247,0.215543583,-0.01081697,0.238497621,-1.127552502,-1.143753114,-1.588213752,0.206681787,0.91885475,0.765586485,1.143627993,1.454222219,0.144647384,-0.064607718,1.475964695,-0.701015197,-1.17853262,-0.338879453,-0.455743309,0.048326746,-0.850019691,0.369733145,-0.56911204,1.228203826,-1.194565503,-0.139472816,-0.334914292,0.230889923,0.926704483,0.266210906,-0.128591198,0.691255038,0.843024769,0.269199797,0.387591827,0.646635546,-1.643926726,-0.350805211,0.376233931,-0.291607484,-0.28814689,0.374901543,0.397644974,0.467059355,-0.792223462,-1.417803361,0.804386782,-0.742415507,-0.811525356,-0.901751525,1.151030141,0.212026812,0.342523398,0.689551183,-0.04237053,1.012688463,-1.196803156,-1.085607006,-1.140769466,0.421668498,0.506417696,-0.472582037,-0.232438349,1.268070601,-0.694436196,0.295432791,-0.685715871,1.095974325,0.628426184,-1.398921426,-0.26080103,-2.079006791,0.900455581,2.047308951,-2.18044112,-1.427098691,0.167320084,-0.01845881,-0.410845172,-1.737620017,0.32344683,0.887513852,2.846985449,1.307287922,-1.298715992,-0.011891411,0.592077721,-0.688261448,0.780012002,0.70337779,1.237359716,0.802242753,0.28514365,-0.637931747,-1.293078594,0.219016138,-0.403834092,-0.307197238,1.121790491,1.368924014,-1.235366616,-0.210430606,-0.43320517,0.314908642,-2.266277689,-1.460837985,-0.117494933,0.786115204,0.075290737,0.671507073,0.197308378,1.276289574,1.485887549,-0.760462887,0.88364534,0.508119548,2.504668145,-0.797835019,-0.116735531,-1.032273633,-0.972936232,0.385564022,0.205543421,0.541451094,0.519753727,-0.235638753,-0.242539069,-0.970798732,-0.701154304,0
-1.150993577,0.375698018,0.091752484,0.252240396,-0.116229043,0.214713183,1.578118058,0.985449686,0.869154592,-0.455539526,-0.889240828,0.955300558,0.876046793,1.472670676,-0.603980626,-0.229548655,-1.639484163,-0.392471106,0.996570511,-0.466495379,0.640479795,-0.190503106,0.324057028,-1.14769139,0.08520945,-2.991135971,-0.186896158,-1.630473244,1.205994517,0.777407353,0.466670982,1.521006227,-0.948916521,1.747363198,0.932191564,-0.236555287,1.135620147,-1.106293512,-0.824514162,-0.608589723,-0.528977708,-1.056557643,1.223083067,-0.2588544,0.352504968,-0.570351366,-1.820603301,0.270057358,-1.912254975,-0.068634046,-1.368315039,1.987275999,0.911362722,0.105753791,1.263706678,-0.846315977,0.543479379,0.199810434,0.264020081,1.2723535,0.732492103,0.288723663,-1.654887436,-0.960046295,-0.122708934,0.093372374,-1.130203725,2.411676676,1.516394055,0.60211832,0.072036861,-0.21220897,-0.95191846,0.077480519,0.25775254,-1.241760575,0.334176417,-0.155259049,-1.907807558,-0.860385011,-0.413605533,1.887687657,0.556553125,-1.335481569,0.486036289,-1.547303989,1.082691054,-0.471124652,-0.093636189,1.325796648,-1.287163569,-1.397118185,-0.583599326,1.038378851,-1.519346075,-2.832155598,-0.451158858,0.5517408,1.20026175,-0.463161362,-0.411426607,1.153900734,-1.8697417,-0.388520775,0.19042389,0.449218721,-0.509806693,0.034441012,-2.488327353,-0.658248412,0.453508713,-0.982294034,0.058984222,0.446872501,-0.342549201,0.170463771,-0.962732565,-0.20661128,0.61021617,0.156972961,-0.58653127,0.224216404,0.714609791,-2.049941279,1.159074065,-0.336254739,0.425489933,1.197246924,-1.371673697,-0.709441002,-0.288548696,-0.783753521,1.734936576,-0.856772094,-0.555546779,0.204389032,-1.202149526,-0.395680712,0.317453261,-0.332860404,-0.093386859,-0.529332112,-1.514470309,0.321593211,1.754933072,0.018401631,0.225264117,0.692722755,-1.269330497,1.702514658,0
-1.69246463,1.529550319,-1.136090794,0.451091285,1.916299075,-0.54047844,-0.979102968,0.30513088,1.637193034,-0.638588894,-0.249892868,0.837124331,0.944415482,-0.284443765,1.096646233,0.528768354,0.016191128,0.902456419,0.764604786,-1.047012742,1.483512247,0.345399466,1.375613606,0.051793672,0.247639332,0.398886657,0.546849505,1.528199416,0.46644138,-0.027989176,1.009533067,0.430418983,2.955533101,0.291417921,1.237664499,0.882082138,-2.049898281,-0.736788279,-0.439424412,-1.499651384,-0.395256926,-1.371185398,-1.109164937,0.24158221,1.919397997,-1.362210285,-1.215484432,-0.53273939,-0.147176829,-1.542133651,-0.699084941,-0.791450651,0.318362691,0.425628714,-0.152761069,-0.377764591,-0.709700175,0.051578082,-0.976085745,1.547238005,-1.497901773,-0.656303778,0.868201454,-0.398637314,0.671973222,1.717193843,0.833102935,-1.202025166,-1.154228232,-0.18740041,0.443047798,1.20613556,-0.784986753,-0.484904082,-0.250650107,-0.270715724,1.495645205,-0.104047008,0.15305316,0.911483302,1.591087884,-0.035195881,1.259191361,1.827770771,-0.110339707,-0.563638464,2.187067285,1.121082149,0.012490747,0.64996163,-1.044976175,1.10941882,-1.800030393,1.07064214,-0.721710868,-1.6538786,-2.001374771,-0.47615258,0.711113826,-1.389891861,-1.235572589,-0.494220482,0.807553014,0.932529486,0.139870266,0.983369633,0.687610735,-0.416987296,0.909512111,-1.284177486,0.486486398,-1.166014389,0.142800539,1.218567701,0.21319818,-0.01257765,0.226031099,0.663309492,2.134002019,0.65244067,-0.502513829,-0.208652953,-0.901126617,-1.239238148,-2.432476162,-0.461602092,-1.404437614,0.097053328,-0.509474751,-1.085521753,-2.103505397,-0.349338787,-1.752384039,0.706161848,0.254897569,-0.226798411,1.45074726,0.009826512,0.386082158,0.687464452,-0.516882352,-0.511290777,0.04144692,-1.34652505,1.785313846,0.160778145,-0.200941511,2.085526972,-1.101492564,1.536150724,0
0.013001892,1.453534077,-1.828164928,1.617358697,-0.342994226,-0.772508606,0.739759291,1.485216584,1.117632442,0.501852049,1.08686349,-1.716497577,-0.521830541,-0.91117006,1.224638731,-0.383478019,0.845406557,0.535856942,-0.862306936,-0.58695821,1.293817691,-0.775482649,0.12486761,-0.782541286,-0.313952187,-0.046161944,-0.78286651,-0.960446954,0.286273337,-0.844737409,-0.810657556,-0.939053144,-0.077908046,0.943701634,1.506528636,-0.725918086,2.150310793,-1.004704861,1.083548523,-0.721696454,-0.87092327,-0.744756157,-0.0524477,0.579972171,0.669868038,-0.943985015,-0.989659288,-0.916638693,-0.111354402,-0.210155604,-0.950175462,0.269603694,2.262568808,-0.504715462,-0.433511821,0.55966157,-0.558816292,0.668964482,-0.718542707,1.832119608,0.344774973,-0.620022949,-0.588691699,-0.513799753,1.372749666,-1.268751008,-0.66794167,-0.561660557,-0.015687967,-0.271109693,-1.491227831,-0.399822684,-0.099550683,-0.628097835,0.686775489,0.919408429,-0.0783867,0.230541587,-2.161055997,-0.421102772,1.004821692,-0.423436583,-0.737261676,2.277688926,1.81907719,0.467574912,1.138910611,-2.225935418,-0.787551441,-0.469957873,-0.235980099,-0.489944021,-2.550026292,0.386024619,0.543654128,1.601898792,-0.788309265,-0.870163158,-2.679984486,-0.293566837,0.901111781,-0.611767862,2.143444819,-0.256594836,0.146992284,-1.363103081,0.287220345,-1.979319795,0.693697955,0.724428176,1.359291424,-1.019968719,0.160562118,0.563816559,0.442281638,-0.865299275,-2.39198189,0.346960297,-0.152499678,-0.566670593,0.763945364,-0.044919538,-1.319195053,-1.931452289,-1.128963265,2.393012295,0.722776774,0.188612342,-0.181660927,-0.24739294,1.167195983,-0.490595742,0.576920411,-0.34842795,1.940156632,0.742288508,1.245556815,-0.584409775,1.058136113,-0.312577425,0.110034824,1.635047671,-1.042775057,0.203247731,0.438005259,0.520004381,-0.450784493,2.086264101,-1.294931885,1.458885389,2
0.621809962,-1.57022472,-0.225639813,-1.630128697,0.427849949,0.3271505,-0.348337261,0.47342598,0.204099479,1.293672946,-1.077964696,-0.292603351,1.001111821,0.541330744,-2.301584958,-1.669228808,0.000761926,1.639817542,-0.431733965,0.648937514,0.082601647,0.578894724,1.07073569,0.944195902,0.909020758,-0.61494198,-0.151226616,0.518509741,0.482441092,0.594715615,-1.768743712,1.197063912,-1.703310444,-0.750894864,0.1953165,-0.029411356,1.418721592,-1.170785474,-0.364093344,-1.969284492,0.13160038,-0.208086534,-1.239997824,1.309182538,1.079993238,0.072086283,1.13849134,-0.092434033,0.713748781,0.863099749,-1.068602965,0.432461207,0.168389106,-1.02409653,-1.277464689,0.49789871,-0.28191417,-1.464895552,0.579480491,0.93483593,-1.171061105,-0.001544334,1.518425248,-0.911401081,1.707175365,-0.323811998,-0.070176656,-1.394663321,-1.358159843,-0.655962354,0.885663133,2.340585386,2.605920554,-0.123248893,-0.356428711,-0.984246097,1.114694179,-0.726049081,-0.237194709,0.496957274,0.451338164,-0.610506555,-0.095137137,-0.583831726,-0.832478313,-1.025210498,-1.471578826,0.361915765,-0.240654886,-1.135529084,-1.227887088,-1.243543588,-0.612151623,1.125671664,-0.681282299,0.557636925,1.560544213,0.168475419,-0.764846584,-0.089492496,-0.043343495,1.727629345,-1.732391345,1.115615869,-1.743043184,0.811663796,-0.409315652,1.825863407,0.673699554,0.57348842,-0.941798364,1.805288485,2.815068156,2.011449427,-1.003103086,-0.189874348,-1.188554059,-0.609520608,0.28352002,0.729637707,0.5330812,-1.720793479,-0.036355069,0.517572214,0.94865641,0.428167728,0.488657796,-0.238130957,0.271868195,2.584604935,1.206928662,0.364740332,0.72872209,0.075860898,0.070989381,0.950433883,-0.598948789,-0.129461411,-1.370102324,0.776261017,1.069603378,0.603080787,-0.234285766,-0.044160068,0.146905581,1.09489765,1.036446476,-1.434711776,-0.87823068,0.434450518,1
0.577072127,-0.203045386,0.057768899,0.819203518,-0.178453825,0.481607672,-0.560107307,-2.279496705,0.59787398,-1.548680337,-0.699116127,0.820011738,0.831762598,1.175271888,-2.019721957,0.296013418,-0.257685234,0.988215965,1.476359922,-1.308914963,0.015882641,0.832632149,-0.337998345,1.74569472,-0.401469546,-0.300201737,-1.073307456,0.153920653,-3.018198334,-0.247764348,1.268969486,-1.396766349,-1.618302687,1.116223348,1.251702856,-1.355687522,1.732746025,0.432451765,1.048743863,-0.791869832,1.489058981,-0.268016257,-0.312034923,0.482377919,-0.392025127,-1.520706242,0.131767492,-0.318243035,-0.767911281,1.240527155,2.392326681,-0.919125189,0.197441085,-0.398439595,2.288399376,0.491734785,0.926955712,1.181832557,0.130153855,-0.186383341,1.518932315,0.777888376,-0.845899508,-0.724211364,-0.389653174,1.159218557,1.473447477,2.151728299,-0.708703293,0.140206524,-0.400201783,-0.182345676,0.929878854,-0.045879011,1.315857672,-0.516298447,0.741416351,-0.442756618,-1.8372243,-1.021468467,0.12412973,1.921497821,-0.459587546,-0.169188429,0.489669759,-0.59942132,-0.483759072,0.072114478,-0.436566336,-1.782992902,-0.65017004,0.614919687,0.646003094,1.3362337,1.255536012,-0.900187624,-0.745416449,-0.701281093,-0.152061621,-0.623270116,-0.174527033,-0.872196991,0.784405431,-0.948063628,-0.997571917,0.520229119,0.722299971,-0.225122382,0.868988155,0.796787606,1.89913879,0.732926135,1.707203085,0.061929171,1.399626176,1.420766382,-0.14261374,-0.688540381,-0.512675828,0.415124164,-1.149707008,-0.453730866,1.197230337,0.666833965,-2.35263901,-1.332647064,2.15888638,1.179567408,-0.582927215,-1.48843217,-1.249507063,0.509161043,1.976928357,1.91325751,-1.575685493,-0.295771277,-0.857047716,0.136950307,-1.331060812,-0.545818377,-0.867261118,0.523604586,-0.514858871,-0.371177695,0.510918469,1.642520838,2.115775505,0.456012675,-0.088573992,1.316247307,1
0.075804558,-0.677161712,0.102478482,-1.612182351,-1.551973012,0.048848467,-0.424913539,1.891580338,-0.236572939,1.950928997,-0.476391396,1.912200421,0.506424497,0.563291896,-0.511763957,0.57691718,1.692713433,-0.144827494,-0.339396815,-0.246762539,1.620111605,0.855351207,1.44767999,0.31362271,0.039319357,0.423944039,1.070158534,-0.247118243,1.368676993,0.365830557,-2.406278138,0.883493427,-1.272305013,0.859172761,0.901517998,0.329892597,0.543680899,1.098870788,-0.495627674,0.79342966,1.163023303,1.760082598,-1.105780286,0.408516065,-0.961489199,-1.003922018,0.359027772,0.077455815,1.145001479,-0.34617645,-0.134051436,0.211504262,-0.861828851,-0.723069845,1.116098666,-0.548955041,1.182476566,0.607312581,-1.547531025,0.530378692,0.522479823,0.422928609,-0.141876726,-0.940067455,1.346212766,-0.101579589,-0.88340616,0.457468686,-0.742779971,-0.949086028,-0.375472612,-0.665397764,-0.912242252,0.806411762,-0.113827814,1.252279946,-0.854509478,-1.727561038,0.148770349,1.855978922,0.530986829,3.215374196,0.332059121,0.235552211,-2.155362671,0.427947441,0.16866776,-0.407421198,-0.136778867,-0.068100574,-0.179929153,2.089714963,-0.370862028,0.169313724,-0.403901083,0.783431187,0.1767637,-0.279910573,-1.925967946,0.243308225,-0.309576274,-0.060740657,-1.182457947,1.433282173,0.856743176,1.430705998,1.146979301,0.592317302,-1.142282509,1.843387164,-0.927635151,-0.268407624,0.706902281,0.756540787,0.572236727,-0.400288481,-0.606931627,2.534532569,-0.039313938,-0.161771385,-0.713556491,0.244670349,0.198022801,-0.016226209,0.381726647,1.763537502,-0.595052706,0.043083742,-0.647848453,0.294698361,-0.568469501,-0.525442991,-1.459523374,0.097794783,0.429769622,1.860476353,0.469502481,-0.449684123,-1.359679088,-1.221287006,-1.295628339,1.878042035,0.287810497,-0.582966219,-0.959859605,-0.85610784,-0.609299395,1.316255216,-0.029943447,-1.447466417,1
0.013929292,-0.024125087,-1.130107669,-0.449453171,-0.647585958,0.424503456,0.308691828,0.113556995,-1.417881718,-0.139452425,0.019732562,1.232274396,0.19944355,0.382657432,1.962494849,-1.160106701,-0.388107633,-1.13584987,1.606519398,1.674843661,1.52852602,0.547397163,0.380501708,-0.458041462,0.769433237,-1.28136783,-1.284780132,-0.419872375,1.887001006,-0.513455318,-0.378378756,0.287772168,0.898613064,1.252020739,-1.120376225,-0.096674848,0.224513519,0.324765532,0.865793566,0.820083989,0.025494506,1.152379179,0.968785034,0.888381924,-0.528808529,0.712897773,1.203567675,-0.513849707,0.131558963,1.564746191,0.396490357,-0.087851921,1.461603635,-0.470499103,-1.696125651,-0.779167736,1.136009401,0.520693665,0.068111493,1.061129519,0.16685861,-0.222337971,0.835120476,-0.382025187,0.490246169,-0.794732021,-1.054547766,-0.865727442,-0.026064658,-0.647952351,-0.619874991,-0.153441608,-0.072220438,-1.551051162,-2.522423232,0.399968193,0.139221178,-1.370234968,0.436278296,0.434452116,-0.302212463,1.959366312,1.269211659,-0.399071295,-0.380421065,-1.457880668,1.22472586,0.246820053,0.823060977,-2.133951473,0.777528663,-0.509646739,0.584304324,0.52122427,-0.020646131,-0.697336004,0.398861611,-0.835911316,1.0505739,-0.721649377,0.0227435,-0.745792825,0.158736333,-1.031760622,-0.809144005,2.294529509,0.844217279,0.369449427,0.514116965,0.305640655,-0.088892032,0.756720184,-0.826984696,1.595535316,0.120335001,0.801705269,1.573382576,0.49120747,-0.810488265,1.219544191,1.696190611,-1.946522163,-0.101873973,0.291438264,-0.264054928,-1.245942203,-0.883053556,-1.849124161,0.955108681,1.373556899,1.359628273,-0.029570035,0.271916907,1.069923199,-0.232885999,-0.949281662,-0.57071685,0.17554787,-0.713638456,0.473296903,-1.355103515,-0.242653211,0.405549671,0.132511697,-0.735121513,0.735047735,0.26248925,-2.088996555,0.455317691,-0.422197527,1
-0.60063869,-0.29169375,0.202328796,1.631856899,-0.733032996,1.818061923,0.775155494,0.553040086,0.234024454,-0.248528618,1.200531658,0.14035987,-1.967069704,-1.117186462,-0.185845752,0.309998983,-0.056588489,1.21897079,-1.951101864,0.143587937,-1.817979225,0.759712295,-0.094458714,0.419609972,-0.863882961,1.279464932,1.041724664,0.583544303,-0.129517247,0.579857285,-0.706892568,0.855555659,1.649480894,1.07061056,-0.72960247,0.361417317,-1.293141544,0.572390311,0.450603413,-1.86981634,-1.161783844,-0.283138897,-0.300859747,-1.209476935,0.388978729,0.251473609,-0.194269132,-0.7557915,1.048707126,1.655407113,-0.483561484,-0.612166917,0.491207665,-0.35802938,-0.139397201,0.739653152,-1.909356088,1.318302325,0.072680524,-0.411493145,-0.089234154,-0.037570645,-1.731201303,1.494938227,0.041325632,0.44300213,0.951549771,-1.021162458,0.473471899,-0.267641091,0.846770775,-2.12722742,-0.0990943,-0.602820656,0.432262951,0.470044187,-0.707625895,-0.712173864,-0.110665369,-0.896642227,0.841983695,-0.3692072,-2.906988219,-0.374822057,-1.038543821,-1.631275815,-1.237426638,0.109408472,1.328640828,0.313184474,-0.606503388,0.455904195,-0.45909031,-0.694600369,-1.154362668,-1.751828807,-0.389923707,0.15805349,-0.09662367,-0.415966928,-0.945746061,0.608246192,-1.31713192,0.776027914,-1.002217019,-0.752435237,-1.466785191,-0.501402147,0.975312458,0.515628088,0.978422112,0.522142546,-1.103669829,-0.330789224,-0.780199129,1.330574904,-1.196788646,0.893697689,0.89295387,1.829620202,-0.409686593,0.71232216,2.281651837,-0.617641677,-1.535040248,-1.880010034,0.712712029,-1.883150208,-0.372319053,0.437313187,0.185175537,0.425444864,0.222289856,1.278865813,-0.952316381,-0.676995138,-0.772659445,0.830191812,0.900398588,0.451225319,1.183493667,-1.178040867,1.667224112,1.523238622,0.735621997,1.781798909,-1.656623208,-0.524448136,-0.735303461,0.721479324,0
-0.440044487,0.130740577,-0.20118617,1.327500245,0.292598446,-0.074605389,-0.035910404,-1.029564592,-0.85713471,-0.195181673,0.27127303,0.948150012,0.092560617,1.352774176,1.605198015,0.795267212,1.224981408,-0.990713521,-1.149198935,0.517973376,-1.341209812,-0.290371844,0.771191905,1.413372925,-0.25421565,-0.649944295,0.320461622,-1.073543444,-0.173278648,-0.008000048,-0.027983993,0.088503474,-0.834514856,-0.726992993,-0.747116261,-1.620094339,0.341830322,0.894657452,0.796310083,-0.26249686,-0.811005239,0.744314642,0.638923022,0.217420642,1.744311252,-0.026425521,-0.256889984,-0.399817331,-1.560877706,0.661339964,-0.105485367,0.509931241,1.841878002,-0.39075177,-2.338008717,0.48107037,0.16685939,-0.732453876,0.397266336,0.78609632,-0.94660991,-0.301331861,1.47675373,-0.721622191,0.066669755,-2.624411166,-1.481845501,0.157517497,1.22798781,-1.362029682,0.074564062,-0.375717909,0.953088055,-1.217803305,0.430077648,-0.653690687,0.223038025,0.068931052,-0.251779074,0.477811846,0.043652734,-0.132806302,-0.356416534,0.07759839,0.222043548,-0.98914208,-0.349471238,-1.055185945,-0.039845423,-0.592332205,0.770783148,0.672726978,-0.922748564,-0.002307345,0.638516579,-0.17530832,-0.728217525,-1.092403528,0.854267562,0.902713148,-0.207947599,0.766137585,-2.96521053,1.327554651,-0.156944805,0.141776561,-0.320517724,1.395707482,-1.060731624,1.474460327,0.396270921,0.622664216,-0.329204563,-1.308219198,0.930510766,0.311408351,1.361623458,-0.19377632,-0.419231379,1.388088237,1.911894164,0.009347176,-0.752757497,0.810530763,-0.254020566,0.599262825,-0.259275974,1.564014018,-0.699489505,0.480529663,-0.48870197,-0.281506561,-0.412055655,0.738608066,0.918363115,0.557738829,-0.107983467,0.140180031,0.897721568,0.929311587,-2.690275631,-0.272222172,-0.224258791,0.669252564,-0.066770818,0.719183381,-1.078660771,0.260054515,0.900205653,-1.474382869,0
0.279968626,-1.125489047,0.526967331,0.032293619,-0.305518975,0.331822807,-3.200569927,1.869253831,-0.185805917,0.182297748,2.099379811,-0.741310894,2.332117702,0.739661091,0.446539969,0.643898695,-0.841484992,-1.648956686,-1.180463682,1.087416474,-0.93557153,-1.654098367,-0.079316642,0.574702331,0.038651285,0.60638703,1.155013378,0.571278582,-0.154052808,-0.544317672,0.770804615,0.275314333,-0.860766517,1.302182206,0.26216315,0.652913476,-0.392018535,1.130715115,-1.585358269,1.675497496,-1.93883946,-1.376621866,0.251830238,-0.530756133,-0.328331897,-0.531090381,-0.783075389,0.316977454,-0.048561759,0.884834006,0.080171832,-0.41681564,0.774468189,-1.832237571,-2.581739178,-1.587822142,-0.34352177,0.391468118,-2.671178683,-0.011610212,-0.354577802,0.136962111,-1.907581998,2.615266657,0.032507027,-1.217178755,0.129441291,1.494840126,-1.286649394,-1.494802627,-0.118039873,-0.03270281,0.709404817,1.475292849,0.780000832,-1.38768685,-1.071041835,-0.79830065,0.777675471,0.6067061,1.261536984,0.55811354,-0.62747115,-0.196800677,-1.461421747,0.62814422,-0.626059846,1.224298285,0.60029698,1.937999526,0.41979591,0.40107325,-0.182518293,-0.384575802,-0.258651841,0.999148025,-1.348610466,0.063327203,-1.666331373,0.372975149,-0.458529616,0.503621966,-0.74249815,-0.256978423,0.632356115,0.125881278,1.542793336,-0.481546131,-0.567987689,1.23679181,-0.367186533,-0.41321827,0.383101506,-0.16385386,-0.311545326,-0.692995733,1.362324949,-0.150643396,-0.562148389,-0.296883586,0.354921499,1.46128402,-0.169119146,-0.862794293,1.918869254,0.135550964,-0.105927387,0.071834598,-1.245459984,-0.045405666,0.759607968,1.220120253,-0.358210497,0.18795342,1.237973745,0.037528849,0.719474731,0.424311273,-0.664275879,-0.916134584,1.059321235,-2.674632546,-0.668622863,-1.395300469,1.060793887,1.364781473,-0.724332613,2.764903143,1.377216542,0.197155306,1
1.579212816,0.767434729,0.399687952,-0.651356894,-0.528616682,0.586364019,1.238283071,0.021271577,0.308833013,1.702214945,0.240753179,2.601683114,0.565509646,-1.760762759,0.753341621,0.381158385,1.289752754,0.673181351,-0.138455984,-1.224298236,-0.209023257,-0.850520454,-0.58052345,0.588578404,1.669904504,0.39467153,-1.195883062,0.444602668,1.196631487,-0.609782904,-0.134017167,0.014688195,-0.784898313,0.648280434,-0.120948149,0.419532444,-0.887492178,-0.4374583,0.722381358,-0.372833152,1.726963851,-0.399636186,0.224684726,0.932590832,-1.418365733,-1.760808812,-1.525656315,1.262584103,-0.551858146,2.558199286,-0.564247599,0.184551303,1.542109953,2.006092888,2.061503577,1.208366231,1.024062526,0.592526949,0.778361076,-0.551185716,-0.818198883,-0.003374457,-0.170184623,-0.453228049,0.696387447,0.955305209,0.088406886,1.477530081,-1.141689114,-0.193659459,-0.716822321,-1.866536617,-0.082680686,-0.121747508,1.513449743,0.630811685,-1.024186824,1.854092566,1.221033696,0.582097703,-0.226484099,-0.959439237,-0.372206776,1.08874862,1.884586306,1.543243528,-0.488849422,-1.119617433,0.140886247,-1.768439366,0.323167714,-0.147602586,-0.466036502,-1.594703067,0.513600107,-0.53270084,-1.169916836,-2.872262213,-0.027514905,1.772251597,1.661259215,-0.457096257,-0.60221206,0.468774256,-0.998385439,0.3017919,0.766080278,1.226933224,-0.100154076,-0.20367375,-0.877982587,-0.826880354,-0.226478892,0.367365507,0.913584626,-0.803178951,1.492688569,-0.271123601,-0.021367294,-0.747211679,-2.42424026,0.884045396,0.736843897,-0.281327557,0.066990717,0.515939218,-1.562545857,-0.529052677,0.79426468,-1.254289423,0.293557932,-1.356581805,0.466429982,-0.035641482,-1.615131816,1.164739354,-0.734591577,-0.810252437,0.200569197,1.148637349,-1.015821819,0.06167985,0.4288165,0.693105607,0.176441555,-0.367027839,-0.827590221,0.086143883,-1.072139012,-2.921350483,2
-1.2899609,-1.295078772,0.31039693,0.547621151,0.377709816,0.897248833,-0.167979161,-1.455588055,0.044194513,-0.875500587,-1.356887054,0.579016479,-1.412882815,0.680209528,-1.292158731,-0.290545712,-0.564022731,1.136894997,0.594336609,-0.824244953,-0.157595148,1.329412527,1.493019604,-1.368809436,1.316196739,1.239647928,0.178613197,-0.090760073,-0.550435652,-1.253403856,0.338943096,-0.170056709,0.434920485,0.45881072,2.517901794,1.196683674,0.546916649,-2.136961684,0.392309417,1.582267549,-0.426960391,2.190681004,0.543864396,0.294554979,-0.990769824,1.503700318,-0.830626349,-0.564373643,-1.881077005,0.896153845,0.587665159,0.010202128,0.740244927,0.645990042,-0.365516726,-0.784837175,-1.715272265,-0.177676342,-1.308149301,0.162668099,-0.16041737,-0.402030793,1.046516159,-0.986364202,-1.847982471,-0.225393047,-0.739943233,0.121569161,-0.91359605,0.420528022,-0.972880656,-0.983702324,0.616434828,-0.046452,-1.187067308,-0.951815666,-0.372814492,-1.142961793,-0.287934956,-0.25274359,-0.917064896,0.650038335,-1.020382449,1.245668263,-0.218484168,-0.659658457,0.539365443,0.034446258,0.759892697,-2.0010569,0.516851428,-0.519277042,0.037584281,-0.088170016,1.346616089,-1.860496367,1.614094522,0.706444098,0.152136457,-1.433524935,-1.672067807,-0.560946705,0.635103024,-0.006002616,0.578240134,-1.463356388,0.044399673,1.095381375,1.45188677,-1.253967229,-0.351922373,-0.340797055,-0.626364756,0.907769999,2.871475377,-1.113714589,0.424768074,0.295532475,0.31698358,1.332997236,0.373292974,-2.136298026,-1.436824589,-1.066940851,-0.74856607,-0.139581824,-0.214707983,-1.823397727,-1.608702263,-2.118981783,-1.554013517,0.991164254,-0.270453203,-0.95270394,-1.917575758,-1.012824037,0.607182661,0.475664019,-0.252462905,-0.267038706,-1.771252044,-0.776056304,0.555579834,-0.674814679,1.623476405,1.205565524,-0.45377442,-0.265366021,2.223075243,0.847194916,1
-0.646572884,-1.081548004,-2.142689283,1.357140901,0.786805364,-1.198596602,-0.105932907,1.465790374,0.500198621,2.114376268,-0.114266134,-0.655158946,-1.081109167,0.023644656,0.936064392,0.099125033,-0.358195,1.256520435,0.528892096,-0.113436497,-0.766591273,-0.254442792,0.472747223,-0.780348876,-1.233652939,-0.480151257,-0.049209692,1.363290165,-1.16003737,0.226748097,-0.277571473,-0.227940786,1.539366303,0.081212137,-0.913554912,0.888746722,0.815240683,-1.001171112,-1.19293673,0.410519725,-0.032968919,-0.470582705,1.056298508,-0.592280696,0.421562903,1.174644368,-0.33913086,-1.829098735,-0.403067783,0.189283742,1.003005943,-0.52116069,1.723093446,-1.298822379,0.164143665,-0.239163034,1.347090893,-1.473647181,0.425634758,-0.244231632,1.52914095,-0.828558681,0.415318262,-0.83819154,0.188062177,-0.369364873,-0.385229755,-1.987435305,0.414584064,-1.082239137,-1.116679615,-1.555283406,-1.056049358,0.500479766,0.451173288,0.663710961,-1.026980893,0.214781626,-0.615383533,0.954729688,0.426013955,-0.656518327,1.040575535,0.507344341,-1.387002827,-1.671522181,-1.347685821,1.649181717,-1.015462626,1.876140208,-1.067318583,-1.173865055,0.879952481,0.925523311,0.555825174,0.676110294,-0.801621775,0.833003195,0.239996672,-0.36527539,0.094619898,1.060645818,0.391850603,-2.157802093,0.891227871,0.814638713,-0.37906468,0.116748293,0.112739751,-1.979459576,-0.401670309,-0.362977078,-0.158726869,-0.525847764,0.662841769,-0.809128899,0.910077166,0.615742083,1.360418388,1.733799034,1.740451821,-1.185617964,0.344185836,-0.717786256,3.28029959,0.614071359,1.41631199,0.435369503,-2.635443086,-0.783565032,-0.685582941,-0.390135278,0.3595683,0.501332724,-2.62733644,-0.236919564,-0.485876121,1.381038324,0.592244604,-0.183077522,0.223680824,-1.687023038,0.661352045,-0.395538921,-0.807378773,1.31423184,0.273580823,-0.66543093,-0.604393146,0.36590634,1
0.257550391,-0.074445916,-0.154649707,-1.813293472,-0.019318304,0.101630054,1.167217733,1.588447176,-0.684987179,0.801181764,0.765402156,1.073412702,0.498689912,-1.942497691,-0.155422433,-1.155707575,-0.202605773,0.980004236,0.305150836,1.148090866,0.341753921,-1.29832594,-2.520847007,0.148808762,-0.213926466,-0.976945739,-1.70062725,-0.734743213,-0.194491485,0.665877824,0.188631082,1.608067247,-1.035604056,0.881058892,0.047298743,0.694669124,-0.436514863,1.071680374,0.295224758,-0.679444985,-0.012024029,-0.239555859,0.489178351,-1.179776749,-0.029351702,0.395307253,0.033023307,1.346941244,0.774022774,-0.007480797,0.216689097,0.295665551,0.403299604,-1.825657996,-0.301526296,-1.484439068,1.278280947,-0.06084952,-0.19334095,0.896797332,0.422324797,-1.128634514,-0.070905363,-0.335166973,-1.744532889,-0.690276233,-0.183540322,-0.114950931,-1.482231424,1.151665583,-0.102103059,0.037553077,0.400641638,-0.788076254,0.456355973,-0.367074646,-0.896585541,0.573447493,1.491673859,0.724829373,0.922977565,-0.520630607,-1.597619729,1.490137522,2.054514889,1.542806774,-0.335785939,-1.154634339,-1.065682698,-1.683732568,-0.107378618,1.605677958,-0.141662632,0.3023229,1.375596964,-0.404095312,2.035531457,1.992094407,-0.131111339,-0.577534264,0.697238046,-0.347524943,-1.156555217,1.281238654,1.216447387,0.155511604,-1.262864754,-1.229526251,0.107229288,-0.499871035,-0.341092932,1.021963155,0.733179317,1.37814268,-0.990623223,-0.343191569,0.758981695,0.448078341,1.532380383,0.420536706,1.848109104,0.540017802,1.062167448,-0.323514947,0.014287212,0.910944404,1.612978171,0.729236949,-0.083171772,1.37733503,-2.191978656,-1.422234502,0.681634224,0.014108356,0.605513651,0.064407522,0.570945695,-0.814402821,0.570486086,0.994414528,1.220550604,2.013554295,0.244098444,0.273911087,-1.523172464,-0.531411401,-0.193082074,1.050319552,-0.611001124,0.79634002,1
0.018433933,0.347581705,-0.386300005,0.671145129,-0.346382631,0.931801478,0.307908187,0.712757074,1.040105779,-0.174304573,0.964586073,0.517918934,1.333965517,-0.367258091,1.3656999,-0.773092445,-2.007036099,-1.36482243,-0.33187814,0.262548395,0.015948303,0.786708659,-1.200603171,1.724445102,1.345313824,0.935171917,1.265160797,-1.552721706,0.698930323,0.740396428,0.967396925,0.846890575,0.444536703,0.404482632,1.192334877,-0.623354026,0.366887009,-0.552996708,-0.152096249,-2.672334265,-0.87056049,-0.436325294,-0.423143962,-0.333483111,-1.185005034,-0.332428665,1.085415756,-0.298558029,1.298202151,1.232505849,-0.58704681,0.569375998,-1.313041674,-1.053903787,0.111743704,0.508554687,1.613368528,-0.162893681,0.175558194,0.097810495,1.793550081,1.342308894,0.384675719,0.793874855,0.349699858,1.074774011,0.861789245,-0.302061731,0.09944382,0.161851497,0.151851909,-0.507803102,0.336903058,-0.509050164,-0.585215859,-0.118742487,0.2694377,1.225670095,0.710055485,1.110127784,1.772645259,-0.585364586,0.711229867,0.75122102,0.255909471,0.892802571,0.087547288,0.670796233,-1.416457804,0.002123899,0.708353057,1.028415891,-0.860825365,-0.081808946,-1.063184435,-0.38783631,0.315940885,1.035487556,0.903768789,0.222761924,-0.650897049,-0.139341826,2.53719023,-1.398576531,-1.207744085,0.175150294,0.706795842,0.863550374,0.28814981,-1.519498735,-0.219591525,-1.765748708,0.394944703,0.45579706,-0.126288595,-1.18298186,-0.818947923,-1.623194699,-0.051427956,3.168239988,-0.102088302,-0.420128449,0.216908614,-1.15044888,-1.115891643,-0.618925116,0.885021169,0.333572153,-0.159338514,0.748865269,1.708618783,0.736170344,-1.017939037,-1.883351322,-1.744373371,0.869024824,-0.757797485,0.818377098,-0.454780988,0.388053329,0.701078671,-0.7828368,0.822775965,-0.659733321,-0.702006677,0.821094563,0.632094233,0.460009666,-1.102775327,-0.384070067,0
-1.415370742,-0.420645323,0.233865101,1.164990883,0.625318334,-0.169274438,1.352362546,-2.364855373,2.052073311,-1.705959095,-0.627092825,-0.040917535,-0.146480671,1.00641104,-1.057836619,0.260766817,-0.578212098,0.295140979,-0.06477226,0.092935653,-0.549924832,-0.51006395,0.287272514,0.943715506,-0.598279334,-0.868767545,0.613460166,-0.032503893,0.830498134,-0.905797213,-1.779438925,-0.533004082,-0.766352609,-0.0787884,-0.636845214,0.741016951,-0.288150262,0.150474499,0.157634558,0.194955092,-0.02412911,0.51060069,-0.795655134,1.399417927,-0.236537383,-1.311549138,0.188073357,-0.851180482,0.665334535,2.209605576,-0.786572092,0.332372333,-1.755505589,0.453905229,-0.8857138,-0.624834618,-1.10128649,0.732151226,1.007304357,0.023385215,-0.864426705,1.589523036,-0.750410128,-2.1620323,0.45838901,-1.104774674,0.988608793,-0.381137697,0.603713241,1.401500347,-1.208858865,-0.565937131,-0.075671073,1.537551319,-0.658382718,-0.594503696,0.478140576,-0.577228726,0.152525883,-1.551537421,2.214329943,-1.34770923,-0.321752704,-0.032481036,1.912688134,-1.324845781,1.983704135,0.757176821,0.417095324,-0.984633687,0.571141242,-0.723486622,1.266661253,-0.971062029,-0.113158494,-0.555273088,-0.987522962,0.741319817,0.535458747,1.209010199,-1.779875108,1.064170702,2.505448905,-0.451641089,1.895148612,-0.263161272,-1.372409738,-0.305632442,1.048203968,-0.838176482,-0.600338659,0.593539432,0.003060117,0.584622952,0.237829541,0.47962532,-0.432301186,0.231730942,-0.927373006,1.288433623,-0.634274717,1.128847488,-0.233606961,0.201999011,-0.494964551,-1.015995431,-1.744760388,-1.055324159,-0.323908853,0.211879179,1.010379313,-0.44575746,-0.881960764,-1.442714786,0.480063618,1.383194515,1.266330268,0.709932748,0.638543317,1.69762378,0.332081461,0.646129676,-0.320783862,-1.362043371,-0.6838489,-0.009159039,0.060785373,1.926285855,0.081277168,1.178843444,0
0.64272276,1.32915253,-0.06381946,0.368748213,0.821983533,1.102026742,0.054137541,-0.480591331,0.204102312,-1.697306894,0.293706051,0.86688765,1.698238928,0.924646234,-2.566043061,1.391778139,1.466949313,-0.920635333,-0.40062047,1.439068466,0.055560842,-0.587537173,-0.751457862,2.634591683,0.787477277,-0.278601977,1.428623441,-0.090232254,1.211409849,0.581232424,-0.33864179,0.498301212,0.538723273,0.800823339,1.628415205,2.211836985,0.411142971,-1.90801616,0.876652904,-0.260757992,-1.691222533,0.690695035,0.439403028,-0.805541567,-1.185924206,1.395822684,0.50615719,-0.790980373,0.66254463,-0.420219181,0.544767115,0.314078868,-2.564456298,0.108285712,-0.166553309,-0.740323697,-1.264022355,-0.217516037,-0.352737379,0.651410133,-0.145160505,0.088583853,0.327165194,-0.463912464,-0.996355546,2.21343693,-0.077713818,-0.209998179,1.41347202,1.887129153,1.44570052,-0.390334753,0.347275382,0.58454001,2.236834043,0.420231458,0.464608585,-1.013118843,-1.255288704,1.354389953,0.345818076,0.447280859,1.073599058,0.852306384,0.721792374,0.63592429,0.138688971,0.209112899,0.91604245,-0.938404567,-1.050420004,0.081696957,0.149132962,0.724459732,-0.222299233,-0.777912983,0.601756992,1.346592869,0.3650387,-1.453965217,0.275550522,-1.931382369,-0.041080449,-2.009770968,-0.430128341,0.511051697,-0.285430488,1.14872958,0.219071336,-1.123641604,0.900668642,0.689233914,1.273822686,0.709733211,0.469888873,-0.992952708,0.81319082,-0.146434108,0.806061404,2.230137353,1.206757425,0.285050115,0.073339873,-0.417720344,-2.32297216,0.046459394,-0.513782768,0.32190337,-0.516259869,0.221054959,1.246065267,0.156705378,-1.086164574,-0.830782612,0.690709754,0.753077136,-0.871680897,-0.028724541,0.90468073,1.720767448,0.176422345,-0.1990504,-0.369674289,0.143131544,1.389072088,0.144760806,0.499997569,-1.421622874,1.594386005,1.336859167,2
-0.718444221,-0.213447152,0.937013937,-1.091880572,1.763519333,-1.56143226,-0.304491454,0.054777767,1.924037844,0.912659138,-0.463757695,-0.944956271,1.002192654,-0.533358957,0.216740088,-1.369776489,0.569257855,0.488695146,-1.241620062,1.031623113,0.554745808,0.740024253,-0.378678693,0.178956411,0.063378869,-0.148170405,0.170503278,1.256442974,1.074950639,-1.181860677,0.985401817,1.191143373,-0.151177673,0.508447104,0.494001667,-0.849966617,-0.381956288,0.750810239,-0.495822237,0.975499559,1.304972441,1.143671842,1.979804603,-0.090732282,0.177201074,0.320663048,-0.060397925,0.542178974,-1.711204029,0.204905389,-1.37743665,-0.962623278,0.732889811,-0.199116238,0.697614475,-0.220776604,1.106406316,-0.239080706,-1.95491849,0.225392582,-2.168859846,-1.452720903,-0.882946529,-1.007709478,-0.545050804,-1.042067824,-1.405952664,1.541835745,-0.678144546,-2.230767653,-0.360918373,-1.124731058,-0.884967627,0.710342481,-0.448157619,-1.152596601,0.44625351,1.149940831,0.536872163,-2.453555572,-1.114989502,0.047448531,-0.244299405,-0.327275154,-0.982756693,-1.405584083,2.007781718,0.027110953,0.642121789,0.006251174,0.046348699,-0.0621034,-1.120445859,-1.514489458,0.386225374,0.187842407,0.938280898,0.735360827,-0.808512193,1.132591309,0.765027195,0.69084157,2.249326792,2.043958763,0.689913767,0.565197206,1.081655182,-0.58395377,-0.569829258,0.673421407,-0.856476089,0.592769486,0.156832167,-0.856190105,0.02586651,1.305081592,0.082370451,0.086547648,0.328985279,0.459188523,-0.330840466,0.350261048,-1.04907036,-0.799071057,-0.671149108,0.46976269,0.160232828,-0.134359577,0.69076999,0.378862083,-0.28997678,-1.035230843,-0.819708801,-1.466809465,0.14056955,-0.862138782,-0.495322982,-0.127590681,1.043995191,0.928790598,-0.054708471,1.265503489,-2.012348509,1.87722055,0.692499714,0.102803285,-0.891359681,-0.438067366,0.609350896,0.632079384,0
0.820482181,0.507274031,-0.157651573,-2.220260522,-0.395894365,1.841183158,0.936483777,-1.427593228,-0.543146101,-0.175967575,0.506487476,0.850597311,1.629395012,-0.954461298,0.217983098,-1.763190253,0.409800141,0.492662861,0.020049302,0.653574074,-0.8611742,-1.319537084,-0.950697222,0.370029604,1.310526313,-0.858500903,-0.68340829,0.115265256,3.446212689,-0.447653758,0.964047818,-0.178530431,-0.540333181,-1.329374321,-0.303951679,0.849271357,-0.86984989,0.096344437,-0.853759477,-0.417635344,-1.514434331,2.31824084,0.306436506,-0.326437675,1.290762322,-0.090486066,0.459124373,1.562493495,1.47371409,-1.143565112,0.012696279,1.277080992,-1.081340615,-0.257785594,-0.294267796,0.501094472,0.802521459,1.150064539,0.082654214,-1.04075409,-0.354599533,-1.057770704,-0.682113512,0.70894118,-1.435056268,-0.552789892,0.890794563,0.684539525,-0.802324876,-0.899831697,1.57542786,0.374789048,-0.812890925,-0.041083771,1.086481147,-0.894039605,-0.914865468,0.220612561,-1.352268825,-0.673256831,-0.435024004,-2.656938382,0.083128472,0.612536159,1.950243553,0.596719671,-1.026088094,-0.451853382,1.861181086,0.453881853,1.048131998,-0.573376491,-0.216131577,-0.068979319,0.920346961,-0.42847107,0.602708482,-0.000688433,-1.213128378,-0.002879562,1.10423348,0.006102008,-0.328642058,1.423718229,0.389890858,-1.381623042,-0.288855523,0.267859267,0.235334599,0.510962175,-0.161329966,-0.211881761,0.014080821,0.794483051,-0.684406502,-0.07206062,0.24794134,-0.538139785,0.462395186,0.348911768,-2.068847288,0.03391089,1.417258376,1.496448747,0.68247674,1.270009838,-0.152992155,0.569536437,0.163829055,0.668695717,1.844825432,1.002318449,-0.342481399,1.580344039,0.247961665,0.651826146,-0.236078928,0.737371712,0.39897707,1.131693188,-0.502367925,0.950627067,-2.438714452,-0.615927431,-1.345329688,0.337410201,0.961366983,-0.009182905,1.355720061,-0.774346686,2
2.189802933,-0.808298285,-0.599774369,-0.364241323,-0.320490065,-1.547223993,-0.673822078,0.773266215,-0.875418504,0.092981862,-1.308018974,-0.144000911,-0.563321155,-1.221671484,0.790386096,0.846627361,-0.969538712,-0.216183464,0.044318683,-1.814761787,-1.397092726,1.286284436,-1.065126897,1.258183108,-1.345413674,0.658827777,-0.311303108,-0.170766269,1.855935914,-1.254186634,0.594798196,0.553489664,3.354573389,-1.07713082,-0.625984794,0.815922286,-0.200263859,-0.463050957,0.957511488,-0.266568436,-0.89185907,0.726210155,0.375288008,-0.312846596,-0.360301519,-0.914906605,0.725096855,-0.360107817,-0.769845904,-1.285555167,0.392154358,-0.508582979,-2.012675314,-1.20326879,-0.233596936,-0.205537665,-0.24354225,-0.382756112,-1.475853723,-0.874548524,1.183776986,1.036228127,0.577951782,0.489502604,0.904755908,-1.120794737,0.032928367,-1.120267151,-1.10291447,0.368064938,0.946750439,-0.193849134,1.649000432,0.211784327,-0.776785532,-1.086728552,1.018131484,0.128459116,0.676047378,-2.65796326,0.244672034,-0.511774188,-1.393759536,-0.062682343,1.091813534,2.266228286,0.242152407,-0.70914659,-0.769502557,0.963132362,-0.996874119,0.62242738,0.29368119,0.183101392,-1.56811859,-0.356958202,-1.458157791,-0.588247401,0.917138662,1.231057903,0.213948649,-0.570340512,1.588099332,-0.583590634,-1.135686492,0.696482968,0.457734043,-0.542575911,0.10022523,0.442159989,0.203678841,0.458938955,-0.505714862,0.526245044,0.017557838,-0.471810522,-0.245884762,-0.097901836,-1.445378337,-0.636659247,0.064905516,-1.350991035,-0.619923662,2.384644978,-1.129258365,-0.383813913,-0.833717279,-0.116870004,-0.814918343,-0.243243123,-0.718547035,1.055127816,0.081637038,-1.002972657,0.840796524,-0.958266616,-1.564080189,-0.003042487,1.907264424,-1.827664129,-1.330987922,0.752525663,-0.6423214,0.611948567,-0.837488907,0.141962177,1.744473925,-1.194589647,1.02376081,0.679706797,2
0.822544912,-1.22084365,-0.795557068,0.424393938,1.27951867,-2.216818839,0.502744807,-2.49327082,-0.965664804,1.629166365,-0.581782033,-1.173879964,-0.197937729,2.067906338,-1.831682247,-1.051309912,1.497431683,1.857702344,-0.103431224,-1.239052703,2.095843502,1.594442392,0.678946988,-0.812402349,-0.049029341,-0.160360081,0.330851305,1.451001438,0.879417041,-1.077376077,1.37649645,0.31313214,0.687065796,1.466540859,-1.11158025,-0.035825579,-0.531454551,-1.567859425,0.346709978,2.511556552,-1.840077745,-0.032280611,0.640542935,0.123078202,-0.113128053,-1.299216363,0.232786743,-0.756763977,-2.189921705,1.194592221,0.95838582,0.051660977,0.229074688,1.074318013,0.224339657,0.904017555,-0.297482201,1.311983739,0.320785726,0.194051944,-1.270061089,0.286955854,-0.831954917,-0.638282727,-0.815375628,-1.066234932,2.124771403,1.331339062,1.920367502,-1.22289502,0.07125375,-1.293507625,-0.695694877,-0.918126983,1.239584006,-0.396229678,1.068379334,0.60412089,2.303638752,-1.479444223,1.25923324,1.14644087,-0.973378838,1.007133336,0.336144963,-0.22747626,-0.823935487,-0.719109451,2.049812096,0.000682819,0.782130002,-0.790899382,-0.779852946,1.081984809,-1.349576212,-0.415213768,0.034027411,0.111372602,-0.179093285,0.395819781,0.692855756,0.734637545,-0.985803809,-0.284155098,1.194762862,0.894647188,-1.372859451,0.3514799,-1.978225249,0.046934902,1.897767017,-0.947892717,-0.834323045,0.764029782,-1.542801515,-0.63275503,0.596441138,-0.634285848,-0.235969987,0.74418571,0.421546084,0.266818396,-0.339122279,0.370061115,-0.12373268,0.45780561,-0.496932025,-0.182568974,-0.989957793,-0.03500761,-0.811000864,-1.11404645,0.258661148,0.212739776,0.782873735,-0.43112557,0.408052847,0.550797572,0.444773808,-0.825653683,0.149363482,0.364140296,0.007178467,-2.086477658,0.160489624,2.212531039,-0.360039269,-0.728077098,0.37334856,0.31237821,1
-0.558921847,0.377211875,0.95927526,1.147623713,-0.377294868,0.840603621,-1.151125667,-0.517351711,1.62082532,0.182419353,0.232894074,-0.178383032,1.868769391,0.530832124,1.48498721,-0.591737197,-0.972238385,-0.765198564,0.629059929,1.647417264,0.749946076,0.877265598,0.172884412,-1.27307786,2.023277391,0.664330536,0.523387318,0.873791472,-1.713933671,-0.501123248,0.621920885,-0.144897449,-0.076526862,1.281428832,0.117275538,2.378081944,-0.040796371,0.804937281,0.484039334,-0.574280087,-1.031043506,0.03708799,1.920502061,-0.393618772,0.518895057,-0.257149363,0.221560322,1.142012308,0.114974635,-0.615339828,1.606043564,-0.604914464,0.676731227,-1.490659063,1.284718691,2.604654907,-0.027020437,-1.026071447,0.767500556,0.090849953,2.141473072,-0.599211657,-1.336952505,0.303779833,0.583323241,-0.768975989,0.96049064,0.055936502,-0.27082251,0.544723652,-0.287601868,-0.735005344,-1.613884602,-0.61722881,2.494597815,0.035921976,-1.017121835,1.266821758,-0.04698815,0.292023036,0.274327427,1.485307017,-1.328674141,1.45937025,0.745185683,0.077309106,-0.853935878,-0.246851615,0.042358567,1.808790036,1.435041041,-0.387707599,2.009362333,0.950944701,0.471330567,-0.281241956,-0.577246888,0.542631703,0.38377512,-0.390556367,1.113977705,0.163426725,0.41803058,1.072757333,0.826597493,-1.61974749,0.761943877,0.027986709,-0.447119984,0.05211798,-0.306152785,0.126760185,-0.020764971,0.687657632,-1.531850193,0.183792084,-0.028631316,2.251575757,-1.957178431,0.92204754,0.433370966,0.766326259,-0.447311105,0.319360717,0.145423548,3.536048074,-0.309264281,-0.785071765,2.001057269,0.343893974,0.513993597,1.126944102,0.076771551,-0.419115377,0.132448319,-0.840841464,-1.452416264,-0.843002235,-2.361833004,-0.364350839,-0.499904133,0.603652756,0.129103605,-0.139184205,1.177573175,-0.417137145,-1.109802064,-2.527551031,0.024717954,-0.053031739,0
2.153182458,-0.767347563,0.533239869,0.221999595,-0.434188456,-0.853945157,-1.197157421,-0.69450685,-0.042921988,-1.1549842,0.169519758,-0.194438127,-0.397298412,1.161532901,-2.460618622,-0.383729545,-2.352437446,0.238562673,0.762181583,-1.351106204,-1.223057584,-1.698299832,0.063641993,-0.340788276,-0.27865473,-0.367971639,-0.973599064,1.131874024,0.27234068,-1.184663537,-0.700546816,-0.872068774,1.405927903,0.711219273,-0.126489457,1.707221185,1.452043595,-0.230710894,-0.410565322,-0.362363956,-0.952746596,1.733974448,-1.006412503,0.868304315,0.690543131,-0.304865978,1.810045104,-1.559096321,-0.079691301,-0.489040165,0.96059315,0.353565864,-1.727295179,1.239479444,0.485461723,-1.035491862,-0.349679105,-1.299884915,-0.170838026,0.150117967,-0.334647159,-0.4504645,-1.612740369,0.337241462,-1.924454597,0.031079518,-1.799155824,0.05050489,-0.006119005,0.403344968,0.862285717,1.047588422,-1.610042599,-0.058206053,2.010940885,0.119100568,-0.83134814,-0.079701126,-0.38366594,-1.176458157,0.869104188,0.584352558,-1.334509072,-0.093274584,-0.566463649,-1.601592515,-1.414819457,-1.265959824,-0.058429753,-0.457953,-0.959187962,-0.39188303,0.747534972,0.356696097,1.001868808,-0.228312865,1.602557191,0.348079884,-0.488917423,0.09295181,-1.248075953,-0.306185136,0.42997423,0.611669508,-0.410162223,2.733890428,-0.172207743,-1.678394042,1.213267192,0.607127304,0.231688821,-0.464920891,0.393346516,1.619016246,0.201632937,-1.470033587,-3.453354083,0.384559561,-0.985913541,-0.099712717,-0.809077623,-0.880908984,-0.765274133,-0.67487536,0.776235988,0.573643793,-1.207988823,-1.071734726,0.379121904,1.052502365,1.03714136,-1.002908841,0.989311432,-1.776269634,-0.202884417,0.487026443,-2.078805013,2.092856924,1.326695183,0.647003972,-0.965028208,-0.068103625,0.79042017,-1.122661567,-0.180474231,0.91038385,-1.494595002,0.332424711,-1.75476963,-0.943846756,2
-0.241236058,0.352055397,0.999487247,-0.606187367,1.380592714,-2.122263333,2.230617842,-0.27082125,-1.210278677,0.907547566,0.511641848,0.45318904,0.929598928,0.03639293,-0.292560287,-1.15939167,-0.113851027,-0.511445759,-0.008365226,0.112925448,1.73737397,-0.747312013,-0.141054124,-0.435408491,-1.402888384,2.911728633,-0.936127994,0.369399846,1.700217528,-1.239379562,0.876059545,-1.539384514,-0.802399511,0.561315948,-0.27272138,1.454518995,0.128504575,0.520996741,-0.689854519,-1.038538084,-1.155956175,-0.934946305,-0.694947241,1.15709973,0.403401931,-1.27773153,-0.411867084,-0.03035908,2.933452095,0.008578472,0.453628372,-0.992366715,0.720648801,1.380449248,-0.150820666,0.615496533,0.575479745,0.069453452,1.290968151,-0.798689313,-0.872176193,0.004450405,-0.373339585,-2.911485943,-0.73133586,-2.13007221,-0.320602065,0.713233864,0.054141001,0.133430645,-0.155559513,0.211681957,2.824932361,-0.352135868,-0.013256111,-0.864532882,-1.903691472,0.265532281,1.131744065,2.320047109,-0.187542486,-0.259178434,0.93553675,1.712194246,-1.235727081,0.664561461,1.827854309,-0.248952766,-1.158147263,0.785208996,-1.345524563,1.190325764,1.99067176,-0.500115824,1.658035931,0.631273315,1.385961798,-0.649874192,0.62340988,0.242183994,-0.78562317,-0.351934548,0.576118485,-1.124927099,-1.201450099,-1.277079922,-0.775690261,0.286287236,-0.506541047,1.277693297,-1.444019733,0.513100591,-0.36696221,-0.104771976,0.684374881,-2.634485523,-2.137734198,-0.062664484,-0.222494367,-1.428123794,2.005187511,-1.158594187,-0.532299578,1.14999942,-0.675088984,-0.867848138,0.389065752,-0.743104715,0.394847268,0.513075879,0.379260709,1.178971146,-0.385859702,-0.504054671,-0.085528127,-2.829753381,0.213682919,-0.32964094,0.382456204,-0.896320755,1.345281455,-0.207758079,0.835560023,-0.507492875,0.466690957,-1.555205912,-2.196522253,-0.206917491,-0.020124951,-0.096185027,0
0.412931454,-0.563724553,1.286300886,0.05687195,0.00174746,0.635228479,1.576357546,1.512048615,0.592847598,0.516611859,0.696042411,0.985620913,1.298731939,-0.236584084,1.31806129,0.342995114,0.650931622,1.381949322,0.74706225,0.915995563,-0.389418533,1.498311544,0.695686711,0.126065718,1.101074387,2.587830498,-1.168924502,-0.803732623,2.685305309,0.426694842,0.190869679,-0.115385742,1.208436001,2.611247309,-0.665188541,-0.096876727,-0.350727129,0.732864977,1.222393438,1.620932785,0.766718283,2.519332791,-0.574752983,-0.834540552,1.469344293,0.12283232,-1.375940323,-0.316062972,0.255658654,-0.646248238,-1.014660687,-0.207629137,-1.06453342,0.635131039,-1.943804847,0.090424928,0.519509888,-0.09054124,1.093222897,-1.370561234,-0.701089501,-0.330034646,0.712724569,0.218507586,2.143365983,-0.805785897,-1.394988899,1.789088983,-1.430858584,0.683062711,-0.978670042,-2.069318351,-0.374783794,0.899499962,-1.221771088,0.576094728,0.762863561,-1.271690142,-0.227761289,1.577074822,0.65059262,-0.261492465,0.415295481,-0.685263308,1.113695678,1.113260065,0.120905915,0.230706156,-0.998796875,-1.352036427,-0.376604744,-0.08740171,1.062627497,0.922427751,0.184832888,1.190538984,-0.943486179,1.077336887,-0.790428714,1.23969453,-0.013346465,-1.998286677,0.730157164,0.80954576,-0.456580054,-0.371259578,-0.15954528,-1.925151813,-2.364728173,1.301625638,-0.824067667,1.85526411,1.370401801,1.567195314,-0.650298952,-1.608401187,-1.086882307,-0.446454727,-2.373229733,-0.475425689,-0.201678028,-1.294420972,-1.040485098,-0.220598521,0.356286548,-0.890822668,0.29225261,0.136846008,0.046885859,-0.652014124,-1.333379596,1.69645198,0.630305916,1.005731653,-0.083629685,-0.164025442,0.490659681,-1.83468835,-1.114643469,-0.797774878,-0.454566423,-0.879695679,0.332807125,0.081447234,1.39286469,2.473759157,-1.26285024,0.147305214,0.145525878,-0.01419807,1
-0.03471177,-1.168678038,1.149487364,-1.574341718,0.407689737,0.58099954,-2.059160484,0.798501338,0.87660588,-0.311785573,1.252346362,1.136455574,0.103117926,-0.45144539,-0.972827893,-0.037563509,0.56975892,-0.324176861,-2.197501005,1.268713895,0.190223222,-0.379624497,0.857158388,1.524638596,-2.801911569,0.43426365,-1.426649211,0.499110507,0.127927202,0.635726526,-0.499247614,-1.873240112,-0.450368191,0.406847635,1.015392329,-1.1718313,1.027060427,-0.64787229,0.362449882,-0.509893953,0.182170628,0.891877635,-1.227014077,-0.679905897,0.184962587,2.401583661,-0.863189712,2.040133886,2.004423304,-0.097311151,-0.298152526,-0.692065199,-0.06820253,-1.406719433,-0.076239017,1.496880274,-0.611085062,-0.240724304,-1.701140474,0.374062088,0.264481685,0.06370236,-0.21682705,-0.292757919,0.501900234,-0.028816602,0.314971872,0.214982817,1.123427287,0.676994097,0.192861843,1.518422031,0.420268529,1.304962689,0.606942608,-1.841919079,1.304834763,0.135176241,-0.051954771,0.281348347,-0.344983162,0.22702886,-0.591876066,1.274272259,-0.113588114,-0.382583843,-0.924925816,0.268775789,0.1871071,0.388424614,-1.027251888,-1.601181199,0.625591303,1.484641862,-1.026353622,1.589441284,0.283911059,-0.007062905,-0.397548697,-1.384518019,0.987728516,-0.775606361,-0.779806676,0.99192631,-1.882983447,-1.523597811,-0.018134244,0.293284429,0.484734648,-0.301798493,2.530369669,-0.227892559,-0.230786152,-0.796986669,0.123906817,0.614961232,1.203578055,-1.489284264,-0.245995338,0.446703611,0.587057535,0.006548658,0.54242397,-0.808963893,1.557905432,0.992628103,-1.344927787,-1.075103048,-1.04692175,0.677969971,-1.284727766,-0.331024334,0.454704396,-0.066165935,0.258887516,-1.065802711,0.594854373,-0.613211892,-0.324619674,0.237731728,0.103078222,0.023980019,-0.750626822,-0.299549411,0.002183591,-1.375085233,-0.462532966,0.387679879,-1.277436604,1.156581652,1
-0.045586016,0.243339449,0.88223,-1.215616078,-0.211821316,-1.147865257,-0.299482287,-2.192199324,0.5416075,0.390179096,2.176838018,0.242339103,-0.902176635,0.991671396,0.968900683,1.306716792,-1.960781951,-0.701066235,-0.907567249,1.528614244,0.80554156,1.130456513,-1.084948697,0.132569133,-1.627350436,-1.102308455,0.123528531,0.221707402,0.393356158,-0.650284244,0.425372599,0.004610653,1.570032377,-0.426618206,-1.834545117,0.61677404,0.335848908,-0.889847972,-0.326500946,0.19392728,-0.379399194,-1.110448681,-0.199708707,0.884333301,-0.361618304,0.211760306,-0.181467806,-1.235066958,-0.106362811,-0.445250171,0.75852276,1.235333603,0.881694987,-0.735168566,-1.162802298,-1.513697387,0.169364091,-0.709166022,-1.112930202,1.961890438,0.486215335,0.336176743,0.286275399,1.618775106,-0.167037562,0.617821437,0.903392387,1.857742425,-0.001470136,1.234601928,-1.82841343,2.117393822,0.422607727,0.755264392,-1.28388504,-1.348580635,-0.646169427,0.019804418,-0.25450699,-0.409981733,-0.196914322,-2.334648433,0.426512898,-0.169835679,0.951107573,-0.475884984,-0.372022694,0.158085693,0.684026822,1.15065376,-0.040683425,0.428554669,0.033069951,-0.293875016,-1.92243645,0.205931232,-0.910672401,0.870743184,-0.868129121,-0.568216799,-0.821941468,0.533241443,-0.303221058,0.568344676,-2.670227128,1.994152371,-1.010313525,0.768678174,0.499952472,0.711672819,-0.817801551,-0.338968642,0.398370687,0.003950323,-0.90933895,0.573363219,2.283721841,-0.421754758,0.488148068,0.227857195,-0.370798829,0.806284016,0.792620453,-0.54981396,1.432995561,0.010677929,1.075558548,0.344335295,0.039582177,-0.00830699,0.676210166,-1.099932815,0.371326367,1.310217046,0.510580348,-1.746698967,-1.383043168,0.021010181,-0.786946411,0.889674601,-0.474238632,0.551316762,1.939366214,0.023015087,-1.011809803,0.395830176,0.282732938,0.250031576,1.36802701,-1.186163003,0
0.296120277,0.261055272,-1.15741579,-1.980836471,-0.038323836,0.818765971,1.106774519,0.414784462,-0.963396341,-1.932065159,-1.756868699,-1.268982577,-0.888859698,-0.159748498,-1.014164218,0.338975894,-0.232273503,0.010545712,1.140250553,-1.180231734,0.418704578,-0.013973228,-0.333486281,0.885256321,0.879014155,-0.946490796,-0.182160584,0.281211683,-0.273006748,0.585021332,0.281192018,1.83256124,-1.530279136,-0.12243599,-0.908502512,0.604107455,-1.61717189,0.34631271,-0.630048431,-0.734161866,-1.446498204,-0.465075946,1.08450053,-0.025188684,0.627680418,1.664641822,0.263755585,-0.558799572,0.467252215,-0.544296146,-0.504422683,-1.5198928,0.926257491,-0.386002576,0.182098246,-1.035961929,0.43594763,-0.761941238,-0.141708722,0.877826031,0.790759312,-0.022030073,-1.768131033,2.99281057,1.74585897,0.722674825,-0.753203782,-0.113592162,-0.54342043,1.263855939,0.262502891,-0.784163858,-0.470755099,1.121188143,1.600097847,1.528331563,0.757032065,-0.252624869,-3.241513825,0.297160024,-0.001828759,0.139982096,0.053897347,-1.326262162,0.557408557,0.632216314,0.682338782,0.946577004,0.604051645,-0.410029412,-0.070836848,0.091124867,0.107699449,0.998217656,0.643668753,2.07734344,2.20646898,0.079649583,-3.836655548,1.236832466,-0.540376339,-0.801483922,-0.398445275,-0.446643047,0.61226981,-1.559435779,-1.077720746,0.343158554,0.62294403,0.641541645,-0.787036279,-0.978265649,-0.506634834,0.239872752,1.485477369,-2.047437186,-0.220728757,-1.332678441,-1.652242677,0.966956645,0.544624574,0.449433516,0.92102584,-0.479718897,-0.432637516,2.185730617,-0.246571054,0.735132113,0.006381541,-1.84825853,-2.044629004,-0.57898422,1.056101252,0.788291657,0.914077164,-0.987046179,1.61587249,-0.9648933,0.212824399,-0.01035229,-0.17387382,1.338592138,-0.70511052,-1.349605256,0.019995486,-0.399826734,3.377382919,0.676507476,-0.409340575,-1.056111569,1
0.710959968,0.444263311,-0.019928336,-0.242691905,-0.938151228,-0.646391603,1.138120301,-0.177677814,-0.980730668,0.44815936,0.766654264,-0.002001464,-1.234126685,-2.546508407,-0.900844289,1.054258394,0.962843396,-0.796047046,-0.235918231,0.697802783,-0.138452957,0.936320062,-0.097225257,0.481597655,-0.322777103,-0.783925794,1.165697511,-1.5019686,-0.599696213,-0.094343083,0.8586596,-0.878884575,0.126844065,-1.38651949,0.440382722,1.823713759,-1.959568492,-0.727386128,0.83693566,2.943647694,0.588064601,-0.729438057,-0.148577578,-1.22685339,0.80513186,1.046105017,1.40627971,-0.330075728,-0.80752516,1.49496601,1.380822594,-0.987874267,-0.375564898,0.789522179,-0.252236128,0.031644415,-1.469103996,-1.12232202,-0.091435922,-0.698776301,-1.148016173,-0.314144012,-0.877541989,0.028068276,0.992494656,-0.301265796,-0.426083129,1.073698241,0.733523365,0.798007305,-2.520707573,-0.448305246,-0.571739923,-0.825583881,1.053590584,-0.543457865,-1.390390408,0.246168096,-0.00761402,-0.922427334,1.017876693,0.530882696,0.527658047,0.483966405,1.089594566,-0.155405654,-1.241556348,-0.207220215,-1.655623588,-1.062057047,1.619075781,-1.100584343,-1.173949441,0.669622227,0.863211728,-1.666310769,0.248783856,-0.548393003,0.33057713,-0.302673194,-1.365602698,-0.481357394,0.625787641,1.943704825,0.389849483,-0.390925905,-1.179647515,-0.1584518,-0.378443259,0.305779072,-0.059625084,0.479579709,-0.359705367,1.709117098,0.583821883,-0.706694441,1.001110684,-1.156010534,-0.854680523,-0.800986645,1.328379328,-0.178751819,-0.628686106,0.164103861,0.542068097,1.589181392,-1.496991773,1.263312786,-2.06734499,0.906286226,1.163281932,1.215069645,0.568838017,-1.065102828,0.747079478,-1.067506095,-0.938697779,-0.456265269,-0.366151038,0.240703225,-0.695400509,0.329695545,-1.372318726,0.038813523,-0.272457258,1.013829126,1.114471666,-0.169958844,-1.959486789,-1.474271981,2
-0.275051697,-2.301921165,-0.119719115,-0.491877003,0.419081013,0.048955024,0.447494336,0.442384723,-0.179673044,-0.118336345,0.501604488,2.445938931,-0.989131147,0.041751488,-1.195708347,-0.02091235,-0.674060904,-0.119906411,0.155310334,-0.489391112,-1.783758676,1.425535677,0.83927698,-0.130559229,-0.894732998,0.08502459,0.360988825,0.770011816,0.862222164,1.050676305,-1.740859689,-0.304643214,0.993100821,-0.923631703,1.219267577,1.810377615,1.191254319,0.661590407,-0.447506227,0.281634804,-1.346094649,-0.781110665,-0.710803483,0.061972574,-0.392177265,0.261599957,0.877826825,-0.709727543,0.148601093,-0.41596899,0.190162494,0.686172598,0.921235791,0.670304119,0.413985629,-1.420213273,-1.08126593,-0.82417828,0.358620207,-1.291004912,0.337522328,0.264469257,-1.935689106,-1.087602822,1.043875575,0.697409148,-0.850393997,-1.034860985,-2.450346685,1.471297688,0.041054368,1.883724055,-0.191671087,0.282589299,0.891298471,1.638842686,0.501021658,0.002407218,0.027957661,-1.045835602,-0.381882867,0.051219485,1.381893875,-0.430043193,1.062654645,-0.081838011,1.24355856,0.676722494,0.609195363,0.97882666,0.833159911,1.063813396,2.131763959,1.616894711,0.466424234,-0.441746859,0.36641779,-1.926195726,0.828986613,-1.060033195,1.122481276,1.980289034,-1.450934343,-0.050304396,-1.064412853,-1.728309964,-0.106321651,0.635167037,0.754400429,0.153925813,-1.664232057,0.123378762,-1.492548016,-1.426988258,-0.996819888,1.049811191,0.545255346,0.322590698,-0.862614181,-0.387775384,-1.370122506,1.364301327,2.197258008,0.556598414,0.731754211,-0.158960139,-1.619452364,-0.843964791,-0.465384549,-0.385256011,-0.615393629,0.047753309,-0.850169089,2.167724121,-1.365374015,0.887309544,-0.26185471,0.462798095,0.508114867,0.15704323,-1.133370748,-0.33203975,0.169095272,0.106433835,-1.023131975,1.291212459,-2.493573426,-0.250124888,-0.921318755,0.182165416,1
-0.650642569,-0.487125384,0.051054754,-0.267008365,0.347024077,-1.631978569,0.186358583,-0.689246006,0.151304937,0.905089609,-0.556247751,1.196720516,-1.740762585,1.543828831,1.238494052,-0.886589636,-0.878225412,-1.494955953,0.921378792,-0.330410813,-0.4037699,-1.122814963,1.811973894,-0.97276093,0.024166139,0.21596971,-0.398671183,-0.600890716,-0.369261444,0.565333333,-0.347057155,1.625545687,-0.777038686,0.754106753,-1.756398712,-0.776925035,-0.816292166,-1.103913533,0.283472507,-0.110187194,-2.278827718,1.995535439,0.176016194,0.001177355,1.310118849,0.988860889,-0.298173294,-1.95251306,0.564385645,-0.962846175,1.239264459,-0.776163663,-0.451866895,-1.343181095,-1.262295361,-0.109075381,-0.202259528,-0.475882614,2.053011624,0.603646366,0.010243323,-2.75732575,0.825768229,2.994536298,-0.187950256,-0.810512523,0.163324655,-1.431408733,0.462060544,1.500218964,-0.670931101,-0.638640783,-0.079695829,-0.501219232,-1.512317208,-0.385237693,-0.587009219,1.366554863,1.155374719,1.397312975,0.801725002,0.205782911,-0.874408027,1.326115628,0.347789437,-1.248030348,-0.913868192,-1.263745182,-2.052028961,0.388522185,-1.237875372,-0.755945281,0.038839629,-0.187892924,-0.713441841,1.518929013,-1.526654492,-1.483366148,0.457843908,-0.626132964,-0.665247776,-1.079036031,0.338201186,0.225631875,0.119123109,-0.582956921,-0.751029603,-0.163093839,0.966539809,1.568159398,1.111355313,0.505737342,0.982176173,-1.18193587,-0.713770275,0.524398506,-0.118160867,0.337506379,0.979465191,0.824028284,-1.09096351,0.011844306,-0.920822582,-0.777318039,-1.710869005,0.133600442,-1.784774569,0.394133239,1.358447611,0.530336119,0.051888358,1.534448125,0.327445697,-0.862743319,0.125106452,1.959691501,-1.092638835,-1.38012388,0.614908647,-0.224053168,-0.532001875,-1.25917942,-1.950112238,-1.456430039,1.614925525,-0.008874243,-1.962364482,1.184085938,1.234833967,1.229233956,0
-0.115648282,-0.301103696,-0.200352578,0.231842092,1.146030144,-0.777371485,1.558789184,-1.53046141,1.629642131,-0.372675584,-0.242698748,-1.890010171,-0.454794717,-1.039806531,-0.607646345,-0.137310966,0.957791614,0.207603351,0.307676653,-1.095519389,-0.88075409,1.798725018,-0.735201035,1.656208252,-0.243061199,0.002287936,1.07036516,1.271892422,-0.11081256,-0.388243054,-0.055920449,0.337957528,0.891303687,0.004229859,0.618886298,1.638359732,0.381309612,0.311652856,-1.518910825,-2.630730137,0.388375729,-0.094824231,-0.514782675,0.243530204,-0.060403729,1.127780251,0.086110868,-0.746923285,0.990166239,-0.217131075,0.526536684,-0.477410706,-0.649826885,0.08416823,0.012828644,0.479827035,-0.268645753,-1.836359784,-0.432773884,0.793818467,-0.297376079,-0.246383403,0.986376506,-0.711973227,-1.542803218,-0.16063112,-0.484173951,-0.96624632,-0.175378456,0.491505647,-0.009288562,0.306981073,1.813407699,-0.342878862,0.278348635,-0.509213363,-0.84635972,-0.584907653,-0.478758572,0.359475798,2.349075787,-0.716043436,-0.416625306,-0.063123013,0.395798849,0.263550812,1.284095794,-2.426392071,-2.38692987,-0.495878172,1.097300188,-1.565648032,-3.00763234,0.571179406,0.243657224,-1.090208407,-0.985539601,-0.96974372,0.110535317,-0.626315276,0.494063919,-2.854626663,-0.856851865,-1.126053961,-0.256340678,-0.538047758,0.79784378,-1.859336772,0.045491476,0.558336423,1.856647437,-0.481765971,0.324458604,-1.803862793,-2.391956204,0.844774376,-0.005560294,1.17851269,-1.373402889,0.51990214,1.868817841,0.419705608,0.276581506,0.008556081,-1.570881457,1.355572936,-0.61085764,0.504483256,-1.563034307,-1.179459665,1.435087399,-0.347302289,1.453275476,-0.078230659,-1.841897773,0.8920676,-0.589892318,0.698688814,0.025210868,-1.543118228,0.164294765,2.196223142,0.492986459,-0.057517753,1.075343402,0.210668465,0.20953423,-1.091625172,0.233848026,1.035443416,1
-0.98960482,-0.12578692,-1.18943563,-0.522357731,-0.088956104,-0.492448647,-1.401155093,1.561107296,0.030394736,1.570100643,-1.116804126,-0.460696382,0.002081275,1.447490915,1.563032962,-0.519067557,-0.814558347,-0.090364798,1.115401989,0.050874001,0.233295873,1.106127871,0.944819199,0.983475753,0.622042269,1.35209666,-1.215049021,2.249262666,1.060359166,-0.160308349,1.109714739,-0.347446404,0.474825528,0.591974872,0.862151638,-0.459674644,0.883383434,-0.441901844,0.730973808,-0.017878892,-1.823959785,-0.736759387,0.848122599,-0.303650437,1.213547846,-1.213292678,0.696137678,-0.047532295,-0.246785223,-1.17830567,0.210020344,-1.00889685,-0.636060903,-0.140667878,-0.365725274,1.027789818,-2.590153249,-0.178375522,-0.362778605,-0.008511019,-0.544274771,1.023881135,-0.257712832,0.132946268,0.892255812,0.052002538,-1.269209526,-0.426584331,-0.124117111,-1.646562184,-0.711809282,-0.06826672,2.01220394,0.37110196,0.157739073,1.690627969,0.587848091,0.728894936,-0.406895782,-1.265474493,0.26164755,1.822199071,1.513032038,0.657840799,-0.686604518,-1.550634014,-0.822247282,0.2177116,-0.471011175,1.002055685,-1.489188073,-0.128758564,-0.766688553,0.99128756,0.542610973,-0.83100556,0.854209721,-1.622763452,-1.786494963,-0.885170162,-1.982901045,-0.1125634,-0.080788051,-0.405503691,0.538915694,-0.723391719,-1.297635998,-0.797231764,-1.220376009,-0.611756359,0.59601733,-1.75641823,-0.339689012,0.957618231,1.071710471,-0.682025681,2.213223887,-1.051608618,-0.228470146,-1.170287706,0.43308589,2.801220725,1.84374103,0.846393768,-0.607490435,-0.167932979,1.116046386,0.749506269,0.08291739,0.141912409,1.05570082,1.303380272,-1.500737882,0.22702972,0.578173229,-0.532156223,1.279020726,-0.288520736,1.306790082,-0.368342351,0.259374671,0.237261783,1.662626701,0.740997033,-0.457645301,-0.272254613,-0.27616924,0.01849742,-0.944551089,-0.081331569,0
-0.446433615,0.194089993,0.349930683,-0.276726116,1.414088335,0.271250538,-0.993211956,-0.801160658,-2.459429386,2.428826118,-2.504235487,-0.540645582,0.741273037,1.467526038,1.804216524,-0.099609493,0.502292487,-0.305479911,-1.55598934,-1.045395671,-1.716581412,0.316077405,-0.342243796,-0.187497005,0.67218902,0.247453959,0.662347701,1.811536958,-0.794150136,-1.873460709,-0.580323994,-0.206688258,0.435609,0.724095872,-1.064604745,-1.212569699,1.364502027,0.318669924,0.353313944,0.264332895,0.147891005,-0.224585903,-0.709018285,-0.539482522,2.166124913,1.804417453,0.927139479,-0.067200104,0.565250961,-1.424289877,0.996489956,-0.240292841,0.015354482,0.098001604,-0.17906957,0.803703719,1.594801811,0.856975836,0.065922851,-1.066025971,0.039553639,-0.077236397,0.824477559,-0.644560342,-0.888070568,0.298394828,0.920375718,0.152919771,0.966346468,-1.275912245,0.473519965,-1.281880137,2.667314993,1.340766898,0.384998948,-1.603922545,-1.375078913,1.895424815,-1.157617149,0.500139174,1.823332844,0.10592797,-1.19498626,-1.77531311,0.382837524,-1.103961316,0.002286989,-1.06534023,-0.601442664,-0.569406205,-0.261232399,-0.740398602,0.284781433,0.997318909,-0.3602219,0.260855407,-0.935236193,-1.567480551,0.401685066,0.879633732,-1.913616261,-0.091322926,0.432236089,0.28934526,-0.590093771,0.047577967,0.926383989,-0.859833746,1.554864138,-1.387919578,0.897776006,0.053995882,-0.514773707,-1.84181558,1.190193462,-0.934086561,-0.029980154,0.471031608,2.37923859,-0.355676005,0.051053132,0.414068345,0.11641886,-0.761268483,1.485313548,-0.46093595,0.46812582,-0.216890212,-0.605846354,1.048242829,0.262946188,-2.184355354,0.297750081,-0.627089436,-1.588836521,0.956542887,-0.763555157,0.262362537,0.91982054,-0.242466359,0.25120746,-0.680799447,1.10392319,-0.181746191,0.537475224,1.50539471,-1.851488921,-0.685185236,-0.172779916,0.127614559,0
0.096995965,0.595157025,-0.614736947,-0.200817235,0.393952009,-0.863007138,1.089321357,1.185480519,0.606492626,0.069876384,-2.990601448,0.424291133,-0.391330405,-0.246274411,-1.897377331,0.493588486,-1.448581047,0.118424546,0.904657482,-0.469328181,1.216051725,-0.746990378,0.600433077,-1.304785751,1.031130435,0.875990383,0.468357923,-0.393284137,-1.402000623,-0.390640315,1.110307176,0.129961872,-1.55303693,-1.124727639,1.253151401,0.487912752,-1.234000121,-1.765831496,-0.625042135,-1.851358708,-0.15583449,2.451625372,-1.596956076,-0.186025663,1.311926575,0.749087858,-0.148740715,-0.14634867,-1.155909782,-0.26765577,0.243440714,1.105113543,-0.620175624,-0.189835128,-0.949213481,0.22532518,0.78377945,0.629648013,-1.170187075,0.146863209,-0.677312528,1.011050016,-0.161312723,-1.519513338,-0.219802706,0.458472569,0.244006063,-0.511796014,-0.58527339,-0.987504398,-0.39474962,-0.855678967,0.970085986,-0.901137391,0.122284462,0.054303903,0.945667448,1.089368289,0.695969943,0.352928343,-1.048646146,-1.068870088,-0.84569082,0.751921,0.073329928,0.868657241,1.002802734,-0.7259519,0.032074328,-0.012993679,-0.32778769,-0.534842855,1.184755503,0.051971727,0.013144789,-0.802777675,0.67521243,-1.005107501,0.454905529,0.48222936,-0.412515049,0.317652081,0.185669559,-0.039360625,0.01294398,0.061781823,0.129911673,0.060242031,-1.10386419,-0.152210951,0.264948601,0.097288729,0.953750259,0.620086589,-0.870409535,-0.166627108,-0.311336653,-0.004348487,-0.0029814,0.611521669,0.177328363,1.230545005,0.241003138,-0.83059052,-0.46728062,0.603789071,-1.614168265,-1.345880415,0.010697207,0.950922119,1.307035432,-0.217105747,1.060828687,0.07226791,-1.531414982,-0.008076536,-0.618908125,0.91823088,-0.02567526,-1.277913107,-1.499714811,-0.020979957,-2.420217471,-0.51816529,0.231030326,-1.057016504,0.993987157,1.19100655,-1.016700953,-0.298044174,0
1.167782062,0.254420843,-0.131317081,-2.40971719,1.617958694,-0.325694481,-0.259272082,0.534676971,-0.050667598,0.363979987,-1.144382587,-0.142181559,-1.909317186,-0.237647169,1.445067886,-1.505986521,-0.350748286,-2.123931406,0.00794678,0.466174597,0.383475742,-0.601868075,-2.144169774,-1.241558879,1.256475529,0.878979088,-0.091339448,0.162293215,-1.027618765,1.290632904,-0.719149522,0.437275763,-1.327901334,-0.178206708,1.248437272,-0.946933098,0.749357421,-1.080766172,-0.901911031,-0.008975274,0.971640112,-0.298185642,0.618575284,1.144135283,-0.771148584,-1.525165596,-0.355515491,1.273088501,-0.812657113,1.014949739,-0.262500531,1.756212083,2.245422053,1.031462514,-1.646602811,-2.403228592,0.06117723,0.906650008,0.501010006,-0.723592942,-1.485985692,0.929790961,1.858598453,-0.670055859,0.825212647,2.602934042,-0.189720403,-0.169485673,0.559732039,-0.2843515,1.339232986,-0.404007426,-0.031049035,-1.442444421,-0.235583517,-1.007579659,0.346063998,-1.664232188,0.979887595,-0.871173034,1.7841287,1.370757393,0.535645469,-1.537989831,-0.627888858,-0.896289293,-0.77112643,1.576785536,-0.152643791,-0.657863818,-0.74790948,-0.531837754,0.532619493,-1.627090387,0.09817861,0.423546833,-1.735364661,-1.417526925,-0.047707343,1.440982647,1.202728124,-0.608469781,1.409288434,-0.3196267,-0.32820687,0.094015503,0.839464913,-0.608998195,-0.398049299,-1.24816761,0.351026514,0.93333919,0.994624773,-1.366580489,-0.382896494,1.245467924,0.232169173,0.034104751,0.010533192,0.541458547,0.285915932,-0.575385923,0.881059516,-1.20288505,1.322124424,-0.895954212,0.547889942,-0.164762951,-0.4763778,1.357570923,0.742906111,-0.05895133,1.74517138,0.979749193,-0.805477265,-2.260348295,0.106860498,1.383498055,0.610650665,1.573963721,-0.598312848,-0.117224164,-0.092941607,0.241221228,0.767442782,1.632369668,1.842694222,1.666570769,0.669081112,-0.342222491,2
0.583928185,-0.359292091,0.789665331,-0.660975604,-1.803637202,-0.480707976,0.637299978,-1.695486756,0.252807838,0.839732324,1.391613579,0.677821158,0.292702206,0.18607994,-1.207913559,-0.946551164,-1.732221495,0.071944659,0.440721054,0.117708288,0.283677877,0.759665988,-1.327114492,0.062845425,0.246503898,-0.468912739,-2.125748859,-1.024199742,-0.508267381,0.149597228,0.033457345,1.923319377,0.943671369,-0.023019795,0.121179851,1.270677141,1.309082104,0.334094401,1.733312834,-0.897995997,-0.028851267,3.16624033,0.710282536,-0.140965639,0.103936724,0.17964375,1.669938921,0.804198399,-0.078719674,-1.676030416,-0.726693216,0.06006542,-0.12960509,1.095862309,-0.231353036,0.838669236,-1.472074585,-0.524483446,0.694679594,2.067286072,-0.142015121,0.828792477,1.336146223,0.953201664,0.748273362,-0.353959874,1.519479687,-1.318033554,-1.26693724,1.867395971,0.361619899,-1.237979974,-1.433607905,-1.475786156,2.034356453,-0.081244992,-0.517305357,1.62878245,0.251276337,-0.32742646,1.060873207,0.597708288,0.600457645,-0.270217744,-0.895342875,-1.010469043,0.102909334,0.007526889,0.482808381,-0.424819755,1.28030673,-1.325543204,0.41804883,-0.909481188,-0.243170598,-0.920736257,-0.367637774,-1.070290558,-1.000832915,0.963764307,-1.389430593,0.64995786,0.851830558,0.730414224,-0.02662962,-1.092084266,-1.545218307,-1.180074806,-1.173820688,0.275000888,-1.415532481,-0.206728467,0.040169873,-0.303064422,-0.270537256,1.27636906,0.49971175,0.703043014,-0.371611794,0.784526571,0.303702589,0.210176692,-0.391364747,0.236796138,2.108308077,0.603566477,1.709111731,-1.886945871,0.072300911,0.820972349,0.386679642,0.515020069,-0.388746533,1.211299371,-1.600772197,-0.149593539,0.1241988,-0.572809537,0.027937181,-1.964749021,-1.296394795,1.270239238,0.243411395,-0.378800488,0.979757452,1.38718469,1.809728649,-1.886958573,1.382869479,-1.160965697,1
-2.123895724,-0.525755022,0.25018892,-0.35184927,-0.793084092,1.063800351,-1.105554194,-0.676074507,0.586319709,0.744960811,-1.391885421,0.581676885,0.128899913,-0.917723358,-0.788881535,-2.033451428,1.717444428,1.015420415,-1.28914501,0.798907673,-0.574022344,0.914810536,-0.496073569,-0.363354095,-0.288347268,-0.657355342,1.399271375,0.898526993,0.109948538,1.024568164,-1.627071715,-1.228458779,0.474554762,0.735536556,0.279407546,-1.882694675,-1.062334524,0.416591867,2.426472289,1.217912665,1.577304298,0.339725422,0.332490981,-1.033485467,0.951822053,-0.073181703,0.692732375,0.030686353,0.279118425,-0.087728116,0.224624698,1.000076558,-1.266229529,-1.492922426,0.425864578,1.440574298,1.692744617,-1.224410218,-0.402873835,-1.479215254,-0.550611626,1.122848095,-0.012891784,-0.37387408,0.545085756,-0.79505209,1.592978365,0.007284972,-0.401794243,0.586849235,0.93928616,1.59597524,-0.209968906,1.086056523,0.101211612,-0.611380021,-0.776811529,-1.096983444,-0.741693999,1.115706622,0.706709602,-1.241211656,-1.74639092,-1.112293156,-0.776736208,-0.303265711,1.172863523,-0.547716859,1.68049996,-1.680199892,-0.348632521,0.785548669,0.847205252,-0.335713956,1.001753434,0.812196443,-0.682114659,0.314928468,0.703613284,-0.610534768,1.69432545,-0.835361947,0.144092883,-1.249777316,0.103360199,-1.067073216,-0.294129141,-1.586597561,0.7998134,0.35628005,1.087410554,-0.347805165,1.133847367,0.039279645,0.113167459,2.114053325,-0.484675965,1.227459031,0.479684941,-0.571904892,-1.31569089,-1.03308505,1.130674798,1.734399527,0.091439903,0.143881763,0.776453433,0.073302029,1.099700038,0.291622251,0.135541314,-0.699212847,-0.945267079,-3.159088014,1.2341168,-0.146607055,-0.400397345,-1.951707296,-0.640112766,-0.771686458,-0.794773087,0.332836143,0.122248553,-1.361295934,-1.2978411,-1.299678552,1.810526088,1.492722629,-0.852298999,-1.97659432,0
0.707751935,-0.562466776,0.244790182,0.925488543,0.929832334,0.831979374,-1.133639143,0.510938951,-1.385038429,1.994394052,0.697649283,-0.624794878,0.375854519,-1.01056344,-1.554686128,0.876780864,-0.980853905,-0.181014471,0.205550864,-0.182420127,-1.028035657,0.06070399,0.148024987,0.871309024,2.444889677,-1.976319567,-0.798521145,0.222941996,1.010769037,0.346335951,1.122992654,-1.479819627,-0.317665231,1.461603419,-0.860249657,-2.899035493,-0.816771351,0.437321818,-0.070805387,-1.284873879,-0.721527567,-1.330581174,-1.213012404,-0.878994746,0.105482571,-2.388024896,1.365739371,-0.103512016,-1.106658855,-0.973535837,-0.634736173,0.006246456,0.151341678,-0.193835731,-0.755414027,-0.010962742,-2.07398836,-1.215357103,-0.676210821,-1.342228041,-0.21871521,-1.338061088,1.713032787,-1.457617056,1.511239099,-2.005230243,2.005109012,0.583997758,0.791589929,-1.365313208,-0.322671716,-0.257443253,-0.100766381,1.272602777,0.691318062,-0.165721386,0.999100519,1.183143274,-0.567946903,-0.597245551,2.161695252,-0.239847767,-0.642970855,-0.154507665,1.074462148,0.718380843,-0.12558255,0.6115888,0.250284339,-0.142216167,-0.300028715,0.148040831,-0.416154329,0.070637555,-0.049535128,-1.450611553,-0.529286497,-0.258399314,1.85971492,-0.160021978,0.273240556,2.151322645,-1.579230087,-1.534402068,-0.778325578,-0.333069436,-0.232113332,-0.510873636,-1.233667006,0.973988203,-0.454024676,1.184335128,-1.017035523,1.959689843,-1.665772283,-0.014491587,-0.998372823,0.035563426,-0.979511915,-2.145349539,-0.780690449,1.596107099,-1.000022766,0.508444911,0.005695714,-0.45467671,2.043356915,-0.314524491,0.169437565,0.085662813,1.575001645,-1.498590958,2.244170951,1.519447393,0.397666633,0.618157135,-0.228067226,0.150085531,0.419991618,-0.908608121,1.51940089,0.224121231,0.141607582,-0.86669271,1.169742463,-0.045942545,-0.5251735,-1.086023387,-0.16152884,-1.169709203,1
-0.4593609,-0.849844369,0.715191303,0.589901879,-0.342117335,1.326509259,1.073800805,1.82350611,-0.789826836,-0.100190395,-0.196508799,2.603712035,0.009842585,1.265171991,1.034767612,-0.083944096,0.055510824,0.522783144,1.257843236,-0.172005535,-0.50858029,0.9322844,-1.146868651,0.252740135,1.060172934,0.430247531,-0.566975429,-1.001233746,1.18707341,-0.175665766,-0.901406888,1.138857446,0.801002204,-1.051741115,2.514305095,-0.540531968,0.784049337,1.986584314,0.888220111,0.259179442,-1.432266902,2.041028941,0.865136536,-1.414853867,1.54462673,0.061152234,-0.277657806,-0.572103629,0.171161751,0.807963789,-0.49469269,0.127583642,3.380614489,0.475699648,0.965908004,-0.958269062,-1.35740297,1.464532792,1.179068426,1.71385816,-0.07959596,1.254313833,-2.554263594,0.541220886,1.033026494,-0.688291812,1.055833885,-0.179789108,-0.079700626,-0.258599645,1.581317893,-0.454364034,-0.576664646,-0.857229752,-0.368575744,0.195003211,0.638589002,-0.75329095,0.37290391,0.611970874,-0.932775364,0.063136644,-0.084848473,0.073849693,-0.529989517,-0.135499725,0.031070839,1.864047944,0.044739162,1.338414199,1.414110987,-1.318968722,-0.291189201,1.41617331,0.181108463,-0.116383875,0.750029953,1.067525208,-0.029371137,-0.278254189,-2.363569312,0.047053498,-0.381155745,-1.006527431,-0.205335184,-0.417411881,0.169164974,-0.279002935,0.446997375,0.173905656,1.273549348,-0.534297899,1.779849034,1.067241181,1.486744159,0.252768055,-0.281316471,-0.537947536,1.75238974,1.096661469,-1.00811632,0.977615313,-0.825360074,0.324290756,0.825932595,1.457976115,0.237544423,-0.133996082,0.044132206,1.066846462,0.788381696,-0.016333751,-1.863349867,-2.434474117,0.225336018,-1.181249665,-0.52884392,-0.226942179,2.076485453,0.122372503,0.719976796,0.50454734,-2.421887543,-0.399491038,-1.220030236,1.727203096,-1.819314356,-0.420823991,-0.260727389,-0.985839717,1
1.579572146,-0.522860027,0.152191699,1.325752214,0.402060277,0.057477868,1.177595801,-0.522174875,-3.202058238,0.447739316,0.436081991,-0.622224312,-0.268958568,1.257951258,0.453935729,1.474664593,0.268558732,-0.153666556,0.707796178,0.368124004,0.438761566,-0.230291758,-0.571976046,-0.534350005,0.519935258,0.649485916,-2.628635373,-0.732790117,-1.590560359,-0.498304161,-0.603292975,0.14812439,0.185923394,2.130378541,0.372872284,0.638526899,-1.421901635,-0.334793339,-1.083315862,0.598556791,0.052138346,-0.341552461,0.956443934,-0.269290688,1.333965271,1.320647892,-0.635652169,1.11348992,0.112687654,-0.394049684,0.39481558,-1.587052636,-0.537910591,0.417787813,-0.294324534,1.07813593,-0.398067535,0.121473586,-0.12030463,-1.527941924,0.392380018,0.317160837,-1.93271633,-2.469766322,-0.453495249,1.23059607,2.718338608,-1.820866263,1.625600779,1.161532532,-0.58334689,1.883185794,0.466540002,-0.227469345,-1.780447903,0.102084245,0.041407663,2.238803956,-0.945860927,-0.886093571,-0.510667671,2.656200924,-1.150498964,1.308106876,-1.557788856,0.431651738,0.098213939,-0.699731842,0.71784703,-0.800431732,-1.615167346,-0.311622127,-0.917307855,0.259238145,-0.286105644,1.564024492,-0.319184137,0.275740603,-1.162186133,-0.426626257,-0.911630971,1.184782644,-0.757571517,-0.650400757,0.298833556,-0.713708103,1.409652612,1.957738862,-0.897438914,0.845630095,-0.844999119,-0.356574007,0.690173168,0.139835776,0.166343093,1.098305016,1.091362879,0.051108746,-0.634455729,0.000922306,-1.008757119,0.7860452,-0.188249731,-1.105550169,1.340957112,-0.013955998,-0.748024364,1.142970355,1.257497359,-1.886978275,1.1073722,0.157752779,0.971409769,-0.067950736,0.379235995,-0.304242657,0.992280975,-0.671362433,1.026203034,0.178667598,0.756715897,-1.009258381,0.422780033,0.533206592,1.854316354,0.697743477,-0.588136231,-0.629511157,0.761111353,-0.539970821,2
-0.966976143,-0.047711356,1.061107065,0.520435653,0.510584834,-0.223430335,0.38815498,-2.142853524,0.397614311,1.657790384,0.780888195,0.664099931,0.772906132,1.209297568,-0.199216119,0.985219829,0.457458048,0.064486362,1.350587559,-0.687646006,-0.649732879,-2.356699774,-0.929099764,-0.440191719,-0.050096563,0.448924052,0.881232807,-1.329245729,0.109687924,-0.983170682,-1.330092063,0.324236488,0.10163649,0.493391324,0.579759308,-0.482291846,1.094356861,-0.918490642,-1.055597152,0.39819258,0.214690168,-0.809790964,-0.832751731,0.379880202,0.250182017,-1.038204756,-0.642995563,-0.910813078,-2.11984218,1.364184376,0.238439404,1.158367182,-0.305615634,-0.972049948,-0.874487098,-0.875288566,-0.518730526,-1.547721614,-0.386693395,-0.574609197,0.873195159,0.537255287,-0.382513018,0.475949343,-1.095341163,-1.262835717,-0.094177573,0.102173795,-0.140170459,1.355951676,0.687321882,1.034961382,-0.55324639,0.332532445,-1.043491782,-0.731343326,0.331124959,-0.889627948,-0.791269956,0.430665233,-0.763903656,0.96219597,-0.214268856,-0.172824115,0.251265764,-0.134703521,0.279981428,-0.917503128,-2.721151565,-1.412901266,-0.45534377,0.490444778,2.158672293,-0.59309576,-0.654080056,0.337177868,0.221627234,0.255691429,-0.255706368,-1.980686561,0.19733026,-0.047562566,-1.588966649,0.581435986,0.729737032,0.558003256,-0.406900527,0.220928301,-0.897898423,-1.38548323,-0.098957368,-1.50213665,-0.133469181,-0.051972893,-0.817356964,1.940874319,-0.598642458,0.212218468,-0.190935817,0.939485407,-0.334535983,-1.267058248,0.414912509,-1.502834543,-0.848130272,-0.510358803,-0.472515691,-0.346436017,-0.426017551,0.125641708,-0.679831015,0.434980557,-0.841745274,-1.269378075,-1.13135173,-0.411438241,0.971029307,-0.027518328,-0.460895944,-0.040290389,-1.209932707,-1.70636573,-0.987659191,-1.048786603,2.39925428,1.921720301,1.911382202,-1.216224971,1.754764356,-0.712559605,0
-0.240325398,-0.374820808,-1.938195108,-2.226856949,1.001309271,0.922732576,1.23902355,0.636726981,0.002528292,-0.258428612,-1.602135003,0.14767061,-1.436799382,2.466114475,-1.032048523,-0.075433077,1.506410879,-0.366028412,-0.359280929,-2.58678413,-1.309778814,0.56153697,1.672835142,-0.891151204,0.196739883,2.708453522,0.566801743,0.976074806,-0.766074248,1.552373367,-0.692310779,-0.86800499,1.47937841,-0.636938366,-0.003674939,1.626185389,-0.914120951,-0.236808566,-0.610211055,-0.328728616,0.039241949,1.340097816,1.642290933,0.15583975,-0.726582684,0.678037596,0.005265199,0.037897689,-1.031823164,-1.617085435,-0.018919977,-1.069458756,-0.530267365,1.482663085,-0.070156959,1.107092449,0.296142993,0.583836586,-0.550036864,1.152911466,0.310828265,-0.26440186,0.31029993,-0.715242488,-0.293682115,-0.055271434,-0.525688899,1.55872011,-0.415182914,2.082519814,0.067267151,-0.234329601,-0.504427893,0.422409306,0.894192932,-2.537936378,0.004883331,-1.988095546,0.981825687,0.999686234,0.040973772,0.208394367,-1.429765552,-0.547286163,-0.612180062,-0.449004933,0.872174134,1.281704664,0.61057424,-0.323406506,-0.746163372,0.09052408,0.296522248,-0.220982404,-0.659066008,0.615255492,0.713524289,-1.311933689,-0.383735858,0.777901693,0.988581213,0.064566811,0.365334316,0.252538143,0.954308596,-1.109209821,0.267605488,-0.888858549,1.088080923,-1.058346944,0.40848897,-0.883500719,0.752424118,0.43928896,0.239663224,1.960935373,-0.702528058,0.926070746,1.172012535,0.926357509,-0.677348814,-0.234597809,-0.605963715,-0.29730014,-0.841170098,-0.363242912,1.467627001,-0.31923776,0.105836892,-0.725431592,-0.014992425,0.826670812,0.489449032,1.418293034,-1.209807834,-0.756367817,-0.412900783,1.524917839,0.298785312,-1.417060804,1.092236684,0.109592659,0.890320162,1.583551024,-0.977599061,1.583233396,-0.074200971,-0.413919883,0.154663275,-1.19250068,1
-0.576771331,0.755391226,0.491765781,-0.556793979,-0.409783677,0.58687501,0.371743909,-0.629906043,0.451790756,1.548894608,-1.012183581,0.753774711,-1.113105738,1.175426062,-0.711927057,-0.7501222,1.149210141,0.721574946,-0.679092567,0.127368739,-0.7099519,-1.592737758,0.189285118,-0.356422168,-0.945833556,1.30471508,-0.912020179,0.143978625,1.07991157,-0.256055349,-0.734175451,0.297748304,0.455699724,0.876560697,1.871209451,-0.457291015,0.195854006,-1.269240316,0.666377,0.183716643,-0.178689399,-0.618060513,-0.348427085,0.23633301,-0.966170388,-0.307119578,0.016678043,-1.539620126,-1.051297345,-0.660004536,1.568231733,-0.830725143,-0.05579162,-1.040563747,-0.776403192,-1.441008372,0.670302355,-1.325546257,0.907011013,0.467897196,-0.075401847,0.940025895,3.103201276,0.477525641,-1.120060622,1.48901766,0.186111457,2.111123401,-0.506050222,1.281944023,-0.000156771,2.656728349,-0.281600755,3.001668638,0.439826053,0.846964758,1.700332444,-0.78775429,0.969096846,-0.292753341,0.151118879,0.083061257,0.572410736,0.530184327,-0.57519492,0.124854171,-2.334335819,0.990173665,1.693941704,0.190628049,-1.606022213,0.742947636,-0.763769517,0.182316345,0.685509127,0.54645038,1.08085525,0.14638064,0.17336161,0.736790374,-0.07139257,-0.687902419,0.452018425,-1.128862978,-0.080890147,-1.377776792,-0.554812633,-0.513340877,-0.984216076,1.100531887,1.0179916,1.314012743,-0.187844223,-0.433607989,0.803584805,0.128412895,0.123517462,-2.543801301,0.756514603,0.623974982,-0.005416423,0.815847774,0.601701989,-0.696685085,-0.219786251,-1.007785195,1.462238987,0.977180479,-0.813917339,0.618875516,0.278592335,-0.685952925,0.124327009,0.858384697,0.939919527,2.331983696,0.094289153,-0.237788934,0.562140264,-0.182962539,-0.58490444,-0.925783236,-3.427655528,0.73483943,-1.637973732,-0.879853443,0.292443591,-0.321506795,2.149297249,-1.509239973,0
0.109394795,0.725766624,0.378758953,-0.492773163,2.051765098,0.011208238,-2.075316769,-1.386826761,0.558236742,-1.777227225,0.498051085,-0.779967961,1.177716132,0.167512867,-1.637022409,0.914223046,1.363597552,-1.27683331,-0.802788681,0.502384183,0.681714895,2.353245639,0.890908553,2.400784056,0.019410974,0.383626668,-0.568128801,-0.522602925,0.147100331,-0.582504166,-2.564086132,-0.666800681,1.076694125,0.07280902,0.078409481,-0.763444929,0.332950345,1.658658272,1.400706375,0.36586891,-0.853724044,1.767198063,1.059242691,-1.480844027,-1.756794202,-1.42543145,-0.493668322,0.90178282,0.877951467,0.340719845,-0.140454079,2.371308044,0.033988038,-0.086985334,-0.507578573,2.211993308,0.72089991,-1.034488004,-1.152963139,-1.68003737,-0.096769626,-1.498477133,-1.167602796,1.068341348,0.890996313,1.491401979,-1.470320272,-1.002320133,-0.628564613,1.640084958,0.062882118,1.822025458,0.627444213,-0.112421364,0.573837941,-1.729381006,-2.054237489,0.259257711,0.014402044,1.933617535,-1.378949728,0.372452452,0.695278566,0.342812777,1.098946005,-0.632372244,0.832231639,0.561525111,1.165854258,-0.51116357,-1.186203348,-0.62855623,-1.063058296,-0.564977984,-0.334283308,-0.911391463,0.007773579,-1.179017091,-0.073200423,-0.495222244,-0.121231026,0.393357973,-0.418231068,-0.777962571,-0.654528571,1.023123276,1.276315028,-0.514898993,-0.154533126,-1.704398668,-0.181940611,-1.451555499,-0.488337447,1.077372414,-1.501899629,-0.902010761,-0.897097427,-1.668853435,0.862705477,0.277238034,1.808854215,-0.995318399,-1.772151372,0.941318819,-0.360837825,-0.466624078,1.47802641,0.169762362,0.904195814,-0.622647352,-0.725144649,-0.365373184,0.670366608,0.050900089,0.467960975,-2.603232522,-1.881968327,-2.153679232,-0.379293854,-1.397659875,1.689654764,-0.021384966,0.216688453,-1.089792116,-1.120988091,1.551238637,1.782412325,0.415822012,-2.031747837,-0.425478131,0
0.812862119,0.629628842,0.547706193,-0.080616365,-0.560624884,-0.102831506,1.07998317,-1.192257409,-0.412156555,-0.751743565,-0.038617134,-0.684680893,-1.768081242,-1.055137547,1.637755019,0.246728211,0.212362054,-0.28261239,-0.051625424,-0.429811923,0.526928531,0.100808854,-1.17126821,0.253724503,-2.458741923,0.4138592,-1.409356857,-0.096055086,-1.194627603,0.0028232,0.578278519,1.502827085,-1.541357655,0.975472956,0.131152705,-0.450667153,0.759856505,-0.235924851,0.717530516,-0.992269713,-0.632997032,0.943600053,1.485400524,-0.035031899,-2.787288925,-0.199049283,0.032426118,-0.232773377,0.336338562,-0.476909928,0.838870861,-1.166713273,1.236848707,1.550078824,-0.913059738,-0.913599826,0.410695314,-1.18722041,-0.492602871,1.102526956,0.737606764,1.980196342,0.170784148,-0.610838002,0.051243512,-0.150588339,-0.136557109,-0.023803708,-0.931766709,0.282217755,-1.408663268,-0.716826608,-0.118878763,-2.259553313,0.768991536,-2.05315451,0.669587691,-1.29280929,-0.404918691,0.519130647,2.198139519,0.116451978,-1.982626328,0.953695133,-0.231918405,0.069906654,0.55786303,-2.225377957,0.006536848,-0.40969389,1.221834906,0.727113763,-1.627001923,1.262625852,0.449525088,-1.547241597,0.055753103,1.034826114,-1.214043873,1.377577336,-1.512628774,-0.791227177,-0.942870835,1.376933732,-0.491016137,-1.162817003,0.445210879,0.661180991,0.667536095,-0.271339165,0.254534301,-0.650233086,1.674801678,1.144205159,1.082956829,0.794115935,0.519733306,-1.244362484,0.633301236,0.11426523,1.263364085,0.807419182,0.55038047,-1.684224798,-0.089000537,-0.55789226,0.252365924,-0.415548271,-0.275945776,0.459033905,-0.432138114,0.12159154,-1.519411891,-0.832401477,0.656043567,-1.230192117,1.245725078,0.974399355,-0.268229935,2.998734106,1.243103578,-0.949279507,0.746174054,0.065863066,-0.776712091,-1.069909143,0.994893335,-0.597945465,-0.101876355,-0.921025928,2
-0.926930472,-0.059525356,-1.643269035,-0.364642054,-0.486662807,-0.786081199,-0.799880666,-1.808122954,-1.275853205,0.874093403,-0.142914692,-0.506402418,-0.005411335,1.167390679,0.004210521,0.540374131,-0.846604842,-0.618629951,0.353976885,1.892653708,1.42977486,0.582828069,0.15143376,1.401069356,0.794678323,-2.293662022,-1.053930848,0.338140325,-1.786967566,-0.897589005,-0.699814944,-0.256165906,-0.287430208,-0.289120427,0.825307517,-0.265223865,-0.384630132,-1.349172104,1.024346202,-0.671497514,-1.087030328,0.213090575,-0.766941262,-0.52595274,0.258460174,-0.326482624,2.311609375,-0.074828543,0.617838219,-1.941694047,-0.860649132,-1.086913695,-0.954379723,0.415537994,1.035565068,0.344630505,-0.226644624,-0.630855039,1.113599751,2.071255454,0.135055705,0.939363064,0.34337035,0.755504906,-1.164546778,-0.48813628,0.39546944,1.212490944,-0.818134222,-2.033299111,-0.498264426,1.010130714,-1.583895591,-1.176919892,0.155918586,-0.115971253,0.594466482,-1.22872676,-0.324978594,1.195185402,-1.192896194,1.476912296,-1.067416986,0.849381577,-0.37295851,-1.144908258,-0.496899047,0.544929188,-0.006853995,1.118469411,1.435740061,-1.183030665,-1.256269145,-1.304793774,-0.899196096,1.104214521,0.560361951,-0.545027573,-0.011102591,1.404305505,1.908010851,0.259384333,-2.659281184,0.297287095,0.93474813,0.224632316,0.726514919,0.357065374,-1.234645417,-0.886238433,-0.321152187,1.065414778,-0.765884068,0.455902633,0.303692594,1.586197265,-0.041679778,-1.754758418,0.646870465,2.138055212,0.712383345,-0.787661592,-1.081945879,-0.952968834,2.00331188,-0.327327441,-0.662643394,-0.158436644,-0.316907049,1.56765036,-1.014477491,1.180643232,0.122092096,1.207026513,1.582619044,0.084797634,-0.31506361,0.066178832,-0.094770672,-1.656966456,1.552480374,0.245785017,-1.163099185,-2.06752332,-2.327599233,0.770480437,-0.618977568,-0.454900668,0.488154265,-0.516048156,0
0.747293605,0.610370265,-0.61845439,-0.209702106,1.772436543,-1.376788825,1.295507582,0.737786756,1.566978847,3.136686048,1.431453021,0.925666948,-1.312496352,-1.186222262,0.360190184,-1.698076148,0.615439251,-2.134921891,1.152233386,-0.321700312,0.126596945,-0.748372296,-1.89852641,1.234695279,1.335701395,-0.351487765,0.661929565,-0.39089142,0.288489844,0.759139199,0.555084925,1.340969613,0.518880676,0.028084617,-0.761418968,-0.47850538,0.810051397,-1.501826519,1.105807303,-0.281143726,-0.818605904,-1.098724177,0.674367786,-0.014641354,1.588765223,-1.263075651,-0.578163623,-0.092221158,-0.751856744,0.006118664,0.319500766,0.484484239,1.506167131,-1.303472429,0.33776032,-0.64694282,0.43001338,0.431332186,-0.986919383,-0.901152343,0.511643063,0.023404511,-0.219621841,0.65798683,0.731718476,-0.529630113,-0.852053138,-1.261918977,0.03345412,-1.423160277,0.099428458,1.216836791,-0.35345977,-0.536204281,1.997844774,1.509701819,-0.764597871,0.139013181,0.328678242,0.203660423,1.814673448,0.087229892,0.237234876,0.688662295,1.189919716,0.936899194,0.538084786,-1.558699805,-0.488137724,0.819421207,0.250398697,0.826128634,1.887166062,-1.176963205,1.137910175,-0.330363462,0.935349819,-0.041220743,2.127004539,0.130086936,-0.640514224,0.419874623,0.323942781,1.138097094,0.448052799,2.475064639,-0.111404135,-0.09961995,-0.60388605,0.085668338,0.231059121,0.28121053,0.067187675,-0.609821217,-0.881665128,-0.375173725,1.14153766,1.356799685,-0.076964536,-0.941582966,-0.08117361,2.091665435,0.998967835,0.550742692,0.962684917,1.540566611,-1.152866202,-0.392039869,-0.528721633,0.587114397,0.160110891,0.756311291,-0.50688735,1.371952051,-0.069333708,0.694545552,1.195406499,1.115124315,0.360828408,0.819346906,1.741660664,0.513601234,-0.729646402,0.583050731,-0.037281218,-2.348001134,0.461998024,0.11665065,1.156417771,-0.750093657,2
-0.363612212,-0.056945624,0.523098089,1.520313478,-0.368128272,0.651603521,-0.876463233,-0.017515516,-0.514208426,1.801000892,-1.079818111,0.088236594,1.369312398,-1.94496045,0.431250699,0.111112464,-0.681180309,1.216105688,1.715962343,0.657986135,-0.29676945,-1.446927237,0.179983186,-0.153651568,-0.092948456,-0.496886431,-0.584827689,0.02906217,-1.231290814,1.036411846,-0.763307297,0.112037794,-0.324285693,0.650199885,0.595436394,0.50703789,-1.168892214,-0.192456831,1.602259678,-0.341886055,1.049281226,-0.010141475,-0.309763641,0.186560591,-0.832204672,0.899873778,-0.853922283,0.553661971,1.078608866,0.425730431,-0.569016726,0.185706625,-0.734216449,-0.21133091,-0.523283284,-0.761247053,0.630575124,0.9839413,1.053273382,0.242117968,1.469144746,-0.676898437,1.28514919,0.909561219,0.039831597,0.223065653,1.036305811,0.661869327,0.261482127,-0.450238048,-0.924294101,0.108314724,-1.144344197,0.732223303,-1.774312568,0.30698823,-0.276823527,-0.439413887,-0.276536651,-2.882269531,-0.441897013,-0.867690974,-0.855014549,3.120976621,-1.388918244,0.39614057,-0.795588244,-0.912211673,-1.346803476,1.12830033,1.204414976,-0.620264079,0.912137778,-1.035828316,-0.401099794,0.678963755,-1.001211507,-0.739311586,0.024502504,0.037292964,-1.078316545,2.232972736,-0.843829526,0.952771733,0.595855201,-0.805369592,0.463259139,-0.840584166,0.070850169,0.82406044,-0.558218006,0.411480736,-0.57601203,0.175641601,0.106137506,-0.366638501,-1.831324769,0.780890471,1.990476082,0.139611907,-0.61303862,0.208092183,1.14602661,1.279543297,0.911686124,0.445179993,0.675300926,0.1182856,-0.956036261,-0.378550765,-0.322921499,0.292556657,-1.763987335,0.511037686,-2.012962057,0.411334622,1.169845917,0.894839551,-0.895706681,0.623603491,0.704355808,1.705775978,0.36571364,1.026119154,-0.437126099,-0.852063749,0.864258504,0.878146051,-0.635477787,-1.211832828,0
0.058208718,-1.142970298,0.504319016,0.385821486,-0.110383181,0.048668043,-1.404316417,-0.583720646,0.050471054,-0.735853576,0.860150796,-0.658632081,0.216305411,0.116565657,0.746277594,0.900791174,0.694032611,-2.106006201,1.194148148,1.527308224,-0.482124284,0.236646913,-0.89083168,-1.948378507,-0.738715266,-0.540139039,-0.354850731,-0.95891409,-0.733425167,-0.011006322,-0.770226983,0.543524333,0.681660651,2.380387746,1.125679932,0.243103058,-0.620264297,0.293747352,0.32659596,-0.513313089,0.783731397,-1.398098015,-0.244399836,0.555858459,-0.287584148,-0.206754403,-0.137785861,-0.835601241,1.173900932,-1.018037672,0.318159327,0.413647898,-0.948621901,0.073104254,-0.909632173,1.391042475,-1.138782937,-0.653897094,-1.224225008,-1.357698727,1.591215291,0.542774674,0.140293426,-0.656576963,0.907611811,-0.824222439,0.793639294,-0.872511277,-0.644507702,0.758282386,0.863827344,0.597472934,-1.049674116,-0.446726866,0.156898741,-0.849280962,1.37096276,-2.401946944,-0.778739515,-0.509566503,-2.843943665,-1.39622913,0.625289513,0.030283637,1.573136022,1.545226446,0.433046379,0.313238249,0.065931109,-2.655082018,-1.394559513,0.100675503,0.616025709,0.289669812,-0.892464968,0.937406282,1.482444029,0.9379896,0.98959933,-0.559225798,1.075934123,0.145758639,0.511555529,0.365431843,-0.121487105,-0.860002475,-0.082136664,0.986761617,-0.441475805,0.893347263,0.737070671,-0.298937397,1.388800104,-0.355546671,1.509546863,0.434126982,-0.015865918,-0.88780138,-0.08826023,-0.203759513,-1.258296385,-0.217615423,-0.80380318,0.585991769,1.306280476,-1.226915676,1.712307728,-0.128551034,-0.975021385,0.75775478,-0.446454478,-0.081736676,-0.404278244,-0.816737932,0.723997032,-0.286301403,-1.436651792,0.551060124,-1.205582351,-1.153260173,1.192606205,-1.196339899,-2.316444857,0.622861485,-0.303863429,-0.217655121,-0.314500393,0.231669939,-0.752719242,1.476114875,1
0.51765902,-0.725743813,-1.209303428,-0.284170225,0.794546841,-0.979689018,-2.153636706,0.529567621,-0.942207666,-0.639094495,0.13060196,0.077258618,1.021539996,-0.24184342,0.06830538,-1.692908675,0.628214612,-0.691383898,3.231067246,-0.213604886,0.424395084,0.637707653,-0.088673567,0.436760174,2.255447818,-0.753752841,-2.243268629,-1.302894913,0.997261494,-0.479057616,2.331911686,0.727113251,-0.653025629,-0.778517124,-0.446267421,-2.064480462,0.277744282,0.693523166,-0.967329432,-1.551577232,-0.910555566,0.997227282,0.803221067,0.215337136,1.64186992,-1.689087864,-0.208378252,0.560216207,0.789769086,0.803754911,0.723917644,1.319492711,0.761168421,-1.154414487,-0.454837,-1.695250321,0.996314576,1.194583648,-1.220370442,-0.379969959,-1.755425103,-0.121015031,-0.826996173,-1.167709352,-0.024765849,1.88184856,0.7951159,-0.251735093,-0.048571867,1.878324113,1.258639177,-0.310663326,0.501177006,-0.998591551,0.024758371,0.764213551,1.020350869,-0.64013412,1.001756608,0.14844063,-0.288529385,1.909280684,-0.360338081,-1.107964683,-0.672433448,0.725662156,-0.986705664,0.829363651,-0.853483386,-0.075072853,2.210147006,-0.882500233,-2.02005635,1.367488993,-1.40031538,-0.812407391,0.728732779,0.688681001,-2.37396868,-0.34309154,0.852193073,2.02851541,-1.238837141,1.068138528,-0.661992741,1.041625248,-1.040343131,-0.230035131,0.38740649,0.954244173,0.57030827,-0.429230112,-0.502264524,1.778981621,0.277197367,-0.47547442,0.538054034,0.622830341,-1.353419242,0.48627426,-1.506412531,-0.644853078,-0.986282419,-0.129175219,-0.43709998,-0.200156412,-1.894822235,-0.076122246,-1.10128774,2.283512771,-0.399639898,-0.257811367,0.695046829,1.322493677,-1.177617442,0.573046525,0.966270031,0.184660593,0.164625301,-0.51194224,-0.322179214,-0.107772685,-0.425919118,0.888075331,-0.871847409,0.855475981,1.327799702,0.369828575,-1.789486955,0.612197015,1
0.276690799,0.827183249,-2.313859496,0.020590177,0.301791931,-0.512493391,-1.154636949,-0.88060646,0.764187616,1.972524773,1.382433341,-1.344346005,0.854627311,-0.663162376,-0.582267063,-0.461975598,0.70606695,0.959253376,-0.098031071,-0.081070741,0.464263743,0.56799454,1.176225707,-1.284371976,0.02002734,-1.068024376,-0.050942279,-0.226175288,-0.046749454,-0.799742888,-1.487289793,-2.094437527,-0.131180154,-0.431001106,-0.675937665,1.322548463,-0.859438187,1.416834082,1.623843744,-1.950900467,0.092381459,-0.399696491,-2.911803945,-1.444641253,0.774936107,2.019199253,0.902678143,0.323632473,-0.021332382,1.682662915,2.148239202,-0.58684268,-1.99998656,-2.098187463,1.321880992,-0.047058541,0.18324191,-1.790650993,-0.753188913,-0.295480814,0.207838383,-0.398592039,-1.037326198,-0.784566993,1.208323286,0.24478462,0.612156807,-0.898873811,-2.953823485,-0.523104307,-0.866570554,0.349012269,3.285723714,0.695166018,2.735960159,0.568769695,-0.629886238,0.347916078,1.780638599,1.829562596,-0.575337368,0.253183696,-1.42926688,0.824668625,1.553354699,0.039799454,-0.667384054,0.360130951,0.417459031,0.081143832,0.178715124,-0.17381485,0.995954928,0.736227445,-0.983103147,-1.010590603,-0.254374417,0.736837124,0.148057414,-0.64315041,0.261518597,-0.33081052,0.88048646,0.333058435,-0.315278187,0.231518772,1.31504806,-0.569630077,0.402656982,-0.07046034,0.426983684,-0.654564942,0.110335433,1.107823282,-0.937006981,-1.329405103,-1.291455564,-1.17066253,0.595323288,-1.405859686,-0.297895345,0.618289303,0.416659061,-0.38555898,0.190923732,0.10714533,-0.224240956,-0.210834719,2.235427435,0.809310904,2.480650918,-0.496963133,-0.084966597,-1.332125765,-0.809566802,1.901913149,-0.52203429,1.9192813,-1.243362261,-1.053469034,-0.341231221,-0.063749922,0.923087292,0.450770417,-0.416315257,-0.133315807,-0.31906292,-0.914653735,-0.887962937,1.027883891,2
0.60789651,0.186609123,0.672329507,-2.634170273,-0.663752124,-1.715761778,0.138506183,0.051167331,-0.247697249,-0.106712663,-1.101525637,-0.734012551,1.066693519,-0.489687558,-0.571502958,1.139798234,-1.178899812,1.479650362,1.564772793,-1.01552977,0.920656861,-2.16200853,0.101737011,-1.008567958,0.505300765,0.314859589,-0.276679749,-1.093037451,0.917296641,-0.031305613,-0.707414328,-0.513292782,-0.095581553,-0.099289599,0.309901625,0.955836566,1.047495631,-0.226421623,0.42503357,-0.20063693,1.213479069,-0.132403541,0.120968057,-0.025789542,0.461063117,0.631484231,1.385059934,1.211432923,0.043239749,-0.043058557,-0.225005379,1.008190413,0.245317001,2.46169651,-0.0635515,1.521494124,1.530189725,1.5035434,-0.3295839,-0.084310373,-0.162093025,1.473578543,-0.4501794,-0.578330103,0.693809612,-1.32775697,0.768171588,-1.141217767,-0.411683145,1.155423507,-0.555758642,0.306542966,1.20867655,-1.138778347,0.173107622,0.646849415,-1.419870007,-1.037703204,1.615792366,-1.146068834,-0.349572216,-2.015836067,-0.78581846,0.776166852,0.958568562,0.793775437,-0.034848395,-1.075061409,0.413500072,-0.441557302,-1.608201927,0.028889098,1.270063915,1.110331807,1.177514838,0.302788615,-0.929626379,0.587113013,0.151098065,-0.257108236,0.66676716,0.456831366,-0.61974758,-0.666314438,-1.152745629,0.256641673,0.907173202,-0.591353201,-1.066072016,0.503396267,1.578846693,1.990184218,1.515362357,-0.049367726,-0.900724215,0.60769328,-0.070621535,-0.199186698,1.900587057,1.385447452,0.636878426,-0.096457082,0.007569745,-1.544087079,1.04602868,1.297277313,-0.764487529,-0.628017853,0.9751521,-0.324397759,1.135624397,-0.781939941,-0.311840925,0.518602542,-0.323686702,-0.381509259,-0.403997672,0.694986546,0.9629042,0.492751582,-0.697556433,1.367882706,0.255342333,1.050532919,-1.290094737,1.167515301,-0.372313764,-0.44242393,0.405232472,-2.05054862,1
-0.573662007,-0.546858941,-0.36305897,0.550167585,-1.540092266,1.271798874,-1.115955275,-1.361836001,1.218061075,-0.002819099,-0.306247489,1.567646031,0.731081642,-0.44950091,-0.134385631,1.073911346,-0.963575808,1.443456291,-0.443359222,-0.871489521,1.086913283,0.734605663,-1.776593503,-0.106825053,-1.105198526,0.798338437,1.719613567,0.537718986,-0.759667667,0.889940857,-0.050354951,-0.07378485,-0.48529471,0.104684725,-0.070974965,-2.404197402,0.025865586,-0.137617128,0.346818939,-2.006732168,0.512002743,0.028607232,0.495135471,-1.62912711,-1.234719558,-1.874986789,0.146317429,-0.345069864,-0.143995926,-1.392451368,-1.20983201,-2.496091867,-1.345547716,-0.65003618,-0.598347852,-0.067624849,0.761629983,-0.688980137,0.488789084,0.778261013,1.150038056,0.489786223,0.073287682,-1.080037214,0.272509766,-0.376288227,1.376487749,0.091268843,-0.159968921,1.415928344,-0.482375352,-0.003196225,2.009392188,0.266235492,1.12513857,1.503790114,-0.551863269,0.908774792,-0.332748794,2.039939024,1.443621708,0.743292387,1.04459769,-0.695591001,1.71754768,-0.90438119,0.407032875,-0.71396013,0.860387631,1.745073877,0.451542962,0.315081511,-0.113617956,0.100462101,-0.335738241,1.633349009,0.79397317,-0.3474082,0.060395032,2.915890358,0.272153536,1.45295128,-0.576558557,0.473596856,-0.624499806,-0.535310515,0.793742051,-0.895593101,-1.192037555,0.685227302,-0.488188101,-0.280000531,-1.801115464,-1.269297131,0.220678354,-0.233577224,0.909175557,-0.899721562,-0.166061812,0.046485145,-0.204128396,0.597508304,-1.085776168,0.512296149,1.139106327,-0.823333345,0.400669011,0.357377514,0.588786892,0.00149114,1.418292339,2.110287486,0.625084334,0.313912161,0.013779228,-1.313538924,-1.427413676,-1.153965398,0.265739226,-0.192729855,1.527116505,-2.505186879,0.040727332,0.433389489,0.897683676,0.143323395,0.364795269,0.176031892,0.439752288,-0.01928201,0
1.058424487,-1.758739486,0.530586207,-1.476277916,-0.45631683,-3.083464793,-1.182349171,0.715261534,0.961025809,-1.142004535,-0.324604549,0.025606155,1.078110139,1.529094867,0.153082255,-0.260616656,-1.443693609,0.108069235,2.074922501,1.29019255,0.174858296,0.303377809,-0.688516361,-0.357135629,0.147599176,0.15063434,1.010749933,0.962082933,0.52056678,-0.999146178,-0.961415321,-0.88789147,0.235520289,-2.026321055,-0.006275072,1.408642716,0.666826035,-0.350727611,-0.698255414,0.805715285,0.306055366,-0.246432453,-0.589030879,0.07638299,-0.303036764,0.78437957,1.241169096,-1.367249828,-1.225819573,1.348056188,0.165818943,-1.131650637,0.983251607,0.3416851,2.203245762,-0.235301677,1.108703997,-1.448834439,1.39602755,0.944160058,1.604347434,1.110580318,-0.099048186,-1.171126564,-0.6020529,-1.761150387,-0.920899031,0.425861349,-0.047752879,-0.22359014,-0.793102916,-1.772399011,0.182083113,0.379160192,-0.99156356,-0.53344027,1.542133454,1.159497954,-1.484424562,-0.084636387,1.454955682,-0.216420997,-0.268943188,1.092737627,0.987069244,0.935303345,-0.261984749,0.662888016,1.494745514,-0.049873698,-0.403409621,1.230072639,2.045439803,2.115004884,-0.3745115,-0.274040249,-1.029162333,0.118052324,-1.074118931,-0.526633442,0.701129798,0.38997741,-1.810721305,1.570292298,-1.086996087,-0.960933924,-1.238922152,-0.661283339,-0.896806379,-0.872433441,-2.464272052,0.129927392,0.232065168,2.244406738,0.486340998,-0.49658902,-1.200714978,-0.09627646,0.448722889,-0.503348619,0.061016026,1.897354094,-0.384110127,-1.886775555,0.873486787,0.314321446,-1.708992011,0.427643677,-0.997863549,0.441322402,1.907263509,-0.176969334,1.083271199,-1.228487318,-1.519419146,2.017370472,0.307815014,0.636669941,1.152022303,-0.52781481,0.82511636,0.673544162,-1.294804821,1.512985311,1.306860516,-1.283717239,0.200286441,-0.231079737,1.41830747,-1.410612006,1
-1.4480139,-2.198805957,-1.452742862,0.135882948,-1.685202074,-0.073714303,1.12661064,-0.554612235,0.887687053,-1.66939977,-0.621655776,-1.224458631,1.908197804,-0.407776858,-0.650438019,-0.257764756,0.00669184,-0.37103097,-1.191151622,1.349340005,1.088161747,0.33318056,0.279867456,0.215384011,-0.456635795,-0.565211527,1.594020722,0.625104886,-1.329803142,-0.451663349,0.48764607,0.367924927,0.52792275,-1.486038112,0.320152408,1.115461601,-1.50523819,1.739605666,0.330086784,0.109726409,-0.951584799,-0.636839782,-0.377543165,-1.425853899,-0.314831182,-0.892126839,0.682957557,-3.04618325,-0.247036744,-0.967689784,0.002683671,2.353834985,1.674160357,-0.494974389,-0.185457414,-0.837832072,-0.150863154,0.736146019,-1.313682061,1.566705997,0.914428473,0.870890756,0.382471635,-0.903601549,1.012100808,-0.319730816,-1.688527974,0.079579332,-1.15902372,-0.605082894,0.706711454,-0.119627378,-0.037447797,1.168399677,-2.256116403,1.124889147,0.147487657,-0.069147948,-0.037720386,0.639787081,1.02595524,-0.236408721,-0.134171131,0.608945995,-2.098076693,-0.098698316,0.498082345,-0.493313564,-0.798610247,-0.152335297,-0.584934619,-0.245651862,-0.472113932,1.561636256,-1.139527522,0.834780568,-0.587228622,0.325815556,0.647026462,1.53039994,0.39291979,-0.396425807,0.065774082,1.918476782,0.163452991,-1.307824226,-0.383290959,-0.409052848,0.729968448,-1.221986292,-0.50777416,0.213520836,-0.280419891,0.090919757,0.14758752,0.21449056,-0.926963724,0.797584197,-0.535284494,-0.011591305,-1.211882951,0.039893978,0.190177482,0.03622995,-0.780312874,1.127936933,0.583440345,-0.138900521,-0.148070765,-0.738145259,-0.6228225,1.456854804,-0.358322027,2.763913883,-1.159646715,0.368774941,0.226206787,0.036253079,-1.592077734,-1.371226992,0.19557248,-1.024063048,1.209050181,-0.223974932,0.255006681,-0.040452751,-0.068197228,1.520777825,1.084336723,0.154319493,1
0.504987279,0.865755194,0.297167147,0.938595803,0.871045293,-2.381991273,-0.245065087,-1.102091956,0.143737438,-0.417823519,0.591911906,-0.01915309,-1.896001895,-0.967085873,0.005785115,0.090110429,-1.405676808,-1.536459704,0.056245338,-1.403667306,-1.668629427,-0.445140513,-0.488446091,-0.878400477,-0.703736957,0.013835723,-0.720162904,0.070697022,-0.380468536,0.167650155,0.878205565,0.839247845,1.288210471,0.838146897,0.238557532,-0.433431638,-0.387760923,-0.877777306,0.004529291,0.697387479,-0.725667603,-0.037217859,-0.677362229,0.20935433,-0.549383384,-0.739510571,-0.679966695,0.503328774,-0.096749405,-0.42842173,0.261404503,-0.414516217,1.126517894,-0.973866154,-0.186971513,-1.404765222,-0.346874392,-1.679635498,0.746316523,0.766503767,0.784170174,0.02887248,-0.879870405,-0.800340632,1.530172055,1.435677104,0.122555157,-0.515634034,1.368623423,-0.694503161,0.228849208,1.351957305,-0.8363385,0.829223586,0.520560796,-0.039516542,-0.993433599,-0.72443976,0.289451073,-1.423336795,0.130743859,0.541050984,0.985220173,-1.398357074,1.316247297,1.695363494,0.410151568,-1.038048581,-0.328109288,-0.047597245,0.270463509,0.021981553,0.281165143,-0.090746757,0.265107095,-0.460523421,-0.338186717,-0.57602517,1.917259535,1.463900786,0.55529419,1.325308997,0.798461339,0.18127116,-1.505571341,-0.26216392,-0.335037892,-1.133075173,-1.486162275,0.492719347,0.324504322,-1.16739698,-0.745878506,1.161222273,-0.877696514,0.170798904,-0.1897783,0.506363471,-0.856107653,0.090083478,0.168722577,0.230180806,0.079073858,0.344609321,2.191770332,2.561297777,-0.639216141,-2.31824298,0.595495301,0.18625246,1.061041859,0.2848859,0.05860394,1.128906596,1.268780588,-1.386560059,-0.816606187,-0.105592959,0.098437624,-0.225983203,0.434207178,0.996104789,1.722709711,0.578913024,-0.852333678,-0.147376225,-0.075352241,0.51464024,0.388168033,2.050396651,2
0.73846658,0.171368281,-0.731631739,1.890440685,0.049308332,0.768839676,-0.608226507,0.363115628,0.311109991,-1.889649292,2.01527511,1.290644461,-0.397195316,-1.10226974,0.347561614,0.086697699,0.355668949,0.191577396,0.506240989,1.447305699,0.568103205,-1.049655499,1.362562853,1.640614563,3.152056735,-1.123494033,0.242882013,-2.082098703,0.553149156,-0.548200298,1.923445795,-0.77461497,-1.689183038,-0.471263741,-1.975487771,0.751099455,-2.065083046,0.028457581,-2.07781182,-0.320297805,1.643378156,0.360647891,-0.863493605,-0.031203489,0.018016872,0.472630346,-1.366858363,0.592567274,-2.704391632,-0.629884552,-0.488273842,0.633326826,0.022630853,-1.405563054,-0.984993126,0.19868001,-0.079067342,-0.57912411,-0.48083379,0.696167997,-0.517692573,-0.088091244,2.169936588,-1.423682637,-1.851842732,0.783589665,-0.678643061,-0.318237528,-0.781156378,-0.259800141,1.598538112,0.802128459,0.862223512,-1.416227056,-1.151153737,-2.839078659,-0.809380821,0.956703186,0.516946516,-0.221513263,-0.022300284,-0.688885543,0.204758882,0.765878279,-1.615886787,0.299647688,0.932434871,-0.415100289,0.700700612,2.814654444,-0.104342793,0.39330705,-0.738057084,0.181251163,0.460271625,0.19484234,-1.01969532,0.206361771,1.462195939,0.448635765,0.961987189,-0.23701197,0.749900239,0.279267838,-0.95091073,0.318521005,-0.991696663,-0.632880275,0.189328307,0.297244273,-1.189232465,1.053985771,0.572006278,-0.704728436,-1.537584796,-0.144904579,-0.445943714,0.113140457,-0.363116661,-2.007456861,-0.388346938,-0.305619111,0.633661025,-0.698199675,1.678674673,-1.911640551,1.311167498,-0.224318971,0.859584872,0.079801484,1.139555536,-0.387361965,-1.098620425,1.420504287,-0.113480646,0.221558474,1.234751914,-1.031955242,0.595490898,-0.589894756,-0.132169356,0.072278965,-1.500221861,-0.778837043,1.351072892,0.886191189,-0.062639577,0.243123459,-0.294242506,1.356583386,1
-1.607483235,0.184633859,1.185006984,1.061509157,1.00841597,0.094069841,-0.668358164,-1.394528438,-0.040037208,1.533012542,-0.309844901,0.785126585,0.843951401,-0.283686221,1.316344838,-2.908660744,-1.222750279,-0.915632296,-0.819715023,0.336262951,0.290037803,0.393990572,0.596081494,-0.950104569,-1.218176067,0.396319682,-0.630232074,-1.570475045,0.971344285,1.395101907,1.55716089,0.187007721,0.625932096,1.369868223,-0.64141579,1.110677684,0.275396234,0.913711652,0.186093021,1.29625671,0.223523763,-1.483979059,1.451926632,-0.947530741,1.25305821,-0.090242881,1.176010985,1.134768615,0.430142974,0.508535318,0.422628617,-2.013824756,0.118330219,-1.116064176,0.171187144,-1.142942546,-1.184951941,1.604934502,1.069447388,-0.004142585,0.18476865,-0.247916026,0.569876376,-0.676054367,0.993740263,-0.253086841,-0.419846996,0.021713018,-0.59114683,0.328682349,-0.537362589,0.468523603,1.216006539,-0.719321687,-0.130575457,0.461330713,-0.435857355,0.464320561,0.555398861,1.083261776,-0.605990046,-0.94277524,-0.30757739,-0.96775234,0.564498204,-1.1617513,2.333016418,1.295927862,0.01257577,0.867394493,-1.636801864,2.523373331,-0.590214612,-0.120497414,-1.855933287,0.486287305,-1.106344157,0.101655762,-0.544274433,-1.077743935,-0.804361502,0.225788034,-1.281490973,-0.748811671,0.663273381,2.602479875,0.47758882,-0.917261642,-0.36711417,0.031589006,-0.349424951,0.903058167,0.217473483,0.907852385,-0.31444379,1.32550022,-0.166485584,-0.971189869,2.177320381,-1.824977747,-0.738738725,-0.627027852,2.508306273,1.806858884,1.493928144,-0.330658662,2.426178004,0.368352004,0.97726337,0.179695381,-0.049466571,-0.251778674,-0.209639993,0.608491649,0.367199799,-0.03147137,1.509523993,-2.966753069,0.509887248,0.717738707,1.146962868,-0.064871441,0.207920067,0.985948383,1.491166404,-0.300535985,0.266975783,1.678573964,-2.124027076,-0.6900126,0
0.954001763,0.651391251,0.36086061,0.520865693,-0.44271707,0.238558071,0.061343664,-0.312131368,0.245409742,1.055365547,-0.022200223,-0.015547154,1.068161035,0.96136036,1.583936441,-1.756230234,0.905119183,0.601580045,-0.885652398,0.251587918,1.051121748,-0.829158922,0.442562429,0.871353676,-1.071019563,-0.142285692,0.300968377,-0.796131506,-0.879153199,-0.135044602,0.801639717,0.643734001,-0.861412729,0.652167885,-0.835939776,-1.610169798,-0.367143571,1.122969372,0.655960552,-0.001571807,-0.416705484,-0.389762136,0.108784906,-1.068437486,-0.348107345,-0.215569461,-1.351074458,-0.838448251,0.410506791,0.00951184,-0.308761791,-0.911427438,1.576849826,-0.837979215,0.251592807,-0.487869088,0.036279293,0.457609742,-1.370256589,-0.006616244,1.190728649,1.761501893,-0.130013973,0.041681207,2.211333029,1.134924282,-0.617284569,-0.618983451,0.956549462,-1.01103713,1.087726751,0.334299964,0.517720764,-0.256733803,-0.629824804,1.461992831,-0.246737281,-0.410935077,-0.080137068,0.193022133,-1.030825127,-0.564871494,-0.618032074,0.845280305,-0.885962568,-1.755767858,-1.967094563,-1.470380135,1.361538203,0.016206599,0.501249087,0.536487727,0.056183918,-0.074781297,1.04452643,0.145995914,1.399097479,0.620829945,-0.617796273,-0.497134024,-0.727464806,1.217548022,-0.405050953,-0.798472797,0.319778041,-0.097167106,0.294568513,1.889813904,0.913070806,0.027010554,-1.408423384,-0.499962497,0.711046103,-1.17104104,2.140970296,0.014416563,0.048848393,-0.666645193,0.496737757,-1.158001807,2.164892589,1.317351305,0.984296445,-1.390429006,0.20541327,1.209086398,0.593105399,-1.002109105,-0.650093755,-0.451936138,-0.603437834,1.528778836,-1.921013139,0.65591914,-1.292303375,-0.961251487,-2.009733367,-0.549054431,1.510731652,0.264824242,-1.198361547,1.017147674,1.231304264,0.104046481,2.034749158,0.821564125,0.682652507,-0.803378707,0.627398486,0.216791278,2
0.835692112,-1.129706855,0.265073051,1.00132997,0.04640203,-1.0341097,-0.089143912,1.152925954,-0.410681228,-1.082803607,0.61945449,0.336611521,-0.770873689,-0.233057643,-0.181670928,0.006381936,0.64656571,-0.405203265,0.698244294,-0.53348926,1.666307413,1.687853785,-0.856406325,-1.225502061,0.978207814,0.25788347,0.551668207,-0.654755197,-0.132453986,-0.344834173,0.304200986,-1.245720015,-0.099334446,-1.255778435,-0.515563777,-0.097347812,0.50743373,0.590320252,0.760914817,-1.482790063,1.264086396,-0.644799452,-0.571791598,0.268747549,-0.337001454,0.36182582,0.547392566,-0.763175663,-0.183726052,-0.154116956,0.958272582,-0.465162867,-0.508695467,-1.021617955,-0.909513993,-1.350605743,-0.703063803,1.593565011,0.690907343,1.277346342,-0.950150737,-1.947730768,0.316381999,1.853597894,-0.485335725,0.101816355,-1.569535156,0.028206424,-0.124987785,-2.093044356,-1.03733636,-1.116730133,-1.579726517,-0.724854684,0.508770367,-0.633182458,1.14848927,-0.362759663,0.326218168,0.497479682,1.533879961,-0.716109945,0.442359507,-0.946626753,1.722095688,-1.039688944,0.383676229,1.559460367,-1.196521696,0.595097207,-0.992779967,2.328364452,-1.891371124,-1.517309344,-1.12152155,-1.089319649,0.520869966,1.799680273,1.155129086,0.233902287,0.009582896,-0.606362289,0.391072991,-0.208803823,0.189410906,-0.740904931,-1.201828602,0.025469344,0.003369826,-0.595932862,-0.766510093,0.558406289,0.454948196,1.876550157,1.380929826,-1.193842477,-0.190825826,-1.364768716,-1.839235869,2.195489088,1.480296504,-0.629803915,1.243376139,1.391720313,-1.92046417,0.850603657,-0.491653601,0.383095028,3.009862196,1.585362405,-0.128212129,1.421673504,-1.922111139,0.503572831,0.527476723,0.705693031,-0.508486746,0.38197377,0.855972697,-2.322961878,-0.316176772,-0.903312267,0.66213955,1.37783832,-0.611852696,-1.088693535,0.117163945,-1.153211012,-0.226432977,-0.331882224,1
,,,,-0.5242863,1.016542302,-0.701717513,1.487620275,1.029634486,-0.194331294,-0.655987552,-0.950790575,0.19239876,0.41498001,1.340013906,0.356799885,-0.352378825,1.374363196,0.819266633,-0.687659939,-0.083093963,0.660459092,0.304891669,-1.00785638,0.175864652,-0.675639935,0.06349849,-1.299664831,-0.890906471,2.098639675,-0.426237638,1.113456588,-0.125866354,-1.20291934,-1.079973245,-0.79296166,2.145733935,-0.231113879,0.181065685,0.681786243,0.50459152,0.864989597,-0.52541742,-1.183837343,-0.944550437,-1.531863933,-0.520173067,-3.726141275,0.724598622,0.572092695,-0.97546867,-1.376861774,1.527920112,0.966485581,-0.257379458,-0.675116349,0.038039205,-1.440894727,0.292966748,-1.20211596,-2.390874331,-0.81383275,-1.015083645,1.806914866,1.674698177,-1.116324557,-0.100092062,-0.656304577,1.837805686,-1.82018079,0.465119949,1.277981563,-0.545673541,0.023604517,1.053096088,-1.106934069,0.636542932,-1.548416279,-1.595350406,0.850601749,-0.96695796,0.179337735,-1.17812711,0.280606626,-1.659119957,1.295637715,0.81342287,-0.601284656,-1.863011561,-0.204691726,-0.358336939,-0.544381017,1.050630451,1.213529299,0.427559067,1.490590655,-2.803161937,-0.304087631,-0.351760032,0.84210104,-0.318430406,0.555432016,-0.481618926,-0.674030918,0.801071741,-0.001831938,0.307110602,-1.240295122,0.677832981,-1.077079164,1.713164652,-0.256492747,-0.414029342,0.892187384,-0.051705876,0.717495748,-0.298902863,0.713524345,-0.076440735,0.866851673,1.150746332,-1.584559414,0.357791069,1.829634096,0.617782373,2.438483533,-0.92818758,0.257874324,0.487655221,-0.526869486,-1.23563941,2.169807028,1.12220419,0.557870042,0.047872722,0.140386399,0.628030727,1.44234705,-0.706894642,0.105648459,-0.369984205,-1.056894979,-0.613694158,0.216285281,-0.299298995,0.027283472,0.724637882,1.155079917,2.653809962,0.771242994,1
-1.377669368,-0.93782504,0.030848667,2.476929134,-1.242564003,0.528269939,-0.322744553,0.706896291,1.267273646,-0.386237089,1.118912272,2.221203394,0.066274737,0.784888687,-0.59044077,0.019259309,-0.176675093,0.796935926,1.204675936,-0.109654849,1.533622846,1.530047442,0.846853743,-0.516026532,-0.611828817,-0.812381355,0.94916607,-1.211768207,0.676837654,-1.081109348,0.82354612,0.017219583,1.333638562,1.141454578,1.435065412,1.460818718,0.143630834,-1.158793066,-1.052523055,-2.086848529,-1.083665833,0.068823658,-0.559654181,-0.180135604,0.492715419,-0.304065258,-1.1218288,-0.053233668,-0.898490487,-0.270786497,1.342776964,-0.270505304,1.770957553,1.431635987,-0.579305309,-1.111123766,-0.052554162,1.153327763,-0.490190906,0.908090298,1.208439989,-0.77402565,-0.676051088,0.712662032,0.15184755,-0.686061527,-0.352180448,-0.070519553,-1.564854425,0.765643106,-0.478692189,-2.783716224,-0.023870968,-0.741571259,1.688822192,-0.585445021,-1.097643364,0.50793267,-0.660447368,-0.779456201,0.509501383,-1.040467308,-1.457273658,1.725998002,0.579498738,-0.264209285,-0.00347721,0.505864358,0.97333745,-0.755975291,0.366146526,-0.506704176,-0.188981245,0.160692867,-0.006678573,0.735566898,0.487086559,-1.508169209,-1.357823207,-0.369716685,1.828625262,-0.851591833,-0.20822271,-0.536346027,-0.554044384,0.178239744,1.400777276,0.4559684,-0.803530961,2.753229511,0.078573221,-0.577220956,1.412096375,-0.469070618,1.662913655,-0.870642791,1.430030389,0.201047664,1.291052233,1.901765709,-1.132607291,1.275771821,-1.408903904,-1.047184355,-0.80340946,0.503636636,0.033015877,-0.167136084,0.146235279,0.591289589,0.668248124,1.094166836,1.820034813,-0.021362372,-0.521088962,0.613536129,-1.144254816,-0.678704132,0.999380946,-0.124128375,-1.208192458,-1.489803065,0.048716679,1.141896537,1.128545778,0.110880503,2.008909419,-0.104820366,-0.138567623,-2.56743591,0
